id,molecule_name,energy,trotter_steps,threshold_gamma,max_evals,optimal_parameters
0,LiH,-8.86918642290136,1,1.0,1000,"[3.6806189080356653, 1.7607373265865327, 1.8112401678486825]"
1,LiH,-8.856686694229522,1,0.0,1000,"[-6.642216777699862, -5.328469669974996e-08, 2.448762213267964]"
2,LiH,-8.864134090152556,1,0.2020430394141467,1000,"[3.020170440791767, 1.071311812596015, 1.3263017982189047]"
3,LiH,-8.864493956762885,1,0.3341988655990424,1000,"[3.0888535971219344, 1.2177776022728835, 1.378834462605202]"
4,LiH,-8.86871400210056,1,0.5040626061734105,1000,"[3.43983695703946, 1.4815686630641398, 1.786647912500225]"
5,LiH,-8.868078744733403,1,0.6737979895480548,1000,"[3.611535963352156, 1.4192676651936131, 1.66528908784759]"
6,LiH,-8.86900737814533,1,0.834563890024383,1000,"[3.64208288552838, 1.691516151719648, 1.730769626703049]"
7,LiH,-8.856660222127628,1,0.1749514826648067,1000,"[1.5219844653260197, 0.10679797816709771, 0.13997223575638418]"
8,LiH,-8.864493956762896,1,0.3341988655991426,1000,"[3.0888504128692404, 1.217777441895369, 1.3788345131434032]"
9,LiH,-8.868714002100521,1,0.5040626061734409,1000,"[3.439837752733934, 1.4815684917661116, 1.786647912500225]"
10,LiH,-8.868463745556857,1,0.6699381986617193,1000,"[3.5711685133033972, 1.4908410366004383, 1.7460777461877561]"
11,LiH,-8.869010130687649,1,0.8345638900244244,1000,"[3.6413634699814885, 1.691918632469224, 1.7313197852319329]"
12,LiH,-8.856660222127651,1,0.1749514826647289,1000,"[1.5219844653260197, 0.10679797816709771, 0.13997223575638418]"
13,LiH,-8.864493956762882,1,0.334198865599068,1000,"[3.088850089041932, 1.2177773329337929, 1.3788343547728492]"
14,LiH,-8.868714002100521,1,0.5040626061734169,1000,"[3.4398384127503134, 1.4815681609912725, 1.7866475406635431]"
15,LiH,-8.868461469532923,1,0.6699381986617137,1000,"[3.5711243692657235, 1.490448268619339, 1.7455642975242662]"
16,LiH,-8.869007378145358,1,0.8345638900243942,1000,"[3.6420779172318944, 1.691513321357907, 1.7307662637013963]"
17,LiH,-8.856686693798158,1,0.0302969285673209,1000,"[-1.7578594198457944, -0.0001591431788491784, -0.00041719792348427626]"
18,LiH,-8.856686685604823,1,0.0605938571346418,1000,"[1.759753836175387, 0.0029417855146590234, 0.003602303324565726]"
19,LiH,-8.856686694229436,1,0.147178153291587,1000,"[5.628270426494776, -9.985133638766293e-07, -7.83319656834659e-07]"
20,LiH,-8.856660222127637,1,0.1749514826646896,1000,"[1.5219844653260197, 0.10679797816709771, 0.13997223575638418]"
21,LiH,-8.864190352625,1,0.2291345961635763,1000,"[3.024462242471386, 1.085460067731257, 1.3409684099931085]"
22,LiH,-8.86418872864203,1,0.2536044489140499,1000,"[3.031001349804769, 1.0849882601433132, 1.3404694080862887]"
23,LiH,-8.864179901581632,1,0.2780743016645235,1000,"[3.147128929493613, 1.0871490986531471, 1.3405068088968815]"
24,LiH,-8.864265316914409,1,0.2896034743283303,1000,"[3.167815962385547, 1.1366942344254043, 1.3431263175859476]"
25,LiH,-8.864411313389356,1,0.3011326469921371,1000,"[3.1915578531975317, 1.1925924502209808, 1.3535572216128369]"
26,LiH,-8.86441042340622,1,0.3123613132828928,1000,"[3.196933234638373, 1.201039223724463, 1.3581022863266616]"
27,LiH,-8.86457669476795,1,0.3235899795736486,1000,"[3.0817699487427843, 1.2323416104856157, 1.3958914092574948]"
28,LiH,-8.864414215313488,1,0.3448077516244134,1000,"[3.0962826608102874, 1.2044899970663898, 1.363322049201356]"
29,LiH,-8.864402886835274,1,0.3544424622478554,1000,"[3.0959011910660745, 1.2055648819727742, 1.360709586089329]"
30,LiH,-8.864415508841093,1,0.3640771728712975,1000,"[3.0821995243410676, 1.2027899339436094, 1.3570692597408869]"
31,LiH,-8.864468571660652,1,0.3735476037163777,1000,"[3.085549227958866, 1.213541428032889, 1.3687230292159986]"
32,LiH,-8.864514406548457,1,0.383018034561458,1000,"[3.0741622150231667, 1.2189024551306, 1.3745553172486886]"
33,LiH,-8.86437462949581,1,0.3920448791256696,1000,"[3.093827450000161, 1.1973604947645402, 1.354597828052288]"
34,LiH,-8.864374323939355,1,0.4010717236898813,1000,"[3.0940159299439323, 1.1973311106907996, 1.3545433988747067]"
35,LiH,-8.864374323939373,1,0.4100985682540929,1000,"[3.094016639617478, 1.1973307798901802, 1.354544578360311]"
36,LiH,-8.864374323939447,1,0.4191254128183045,1000,"[3.0940172664969747, 1.197330862081467, 1.354544578360311]"
37,LiH,-8.865361194379698,1,0.4280983706205096,1000,"[3.126261777259345, 1.3057286604386664, 1.502517230728576]"
38,LiH,-8.866226220680112,1,0.4528086356103202,1000,"[3.18601054596358, 1.402693624807138, 1.6370583203623252]"
39,LiH,-8.867187420875704,1,0.4603648838029991,1000,"[3.2524167379542908, 1.4353745421956718, 1.679761762223936]"
40,LiH,-8.86816421939272,1,0.467921131995678,1000,"[3.318037778467718, 1.471212039744956, 1.7221957485215642]"
41,LiH,-8.86809076705235,1,0.4754773801883569,1000,"[3.2774297292669616, 1.4409686304505875, 1.7011709845541065]"
42,LiH,-8.868034988087802,1,0.4830336283810358,1000,"[3.336874260767102, 1.4575340284642213, 1.7101916498439356]"
43,LiH,-8.8684539357643,1,0.4900637514974404,1000,"[3.3682369131731065, 1.4855049206018847, 1.7641758941852586]"
44,LiH,-8.868844895539093,1,0.4970938746138451,1000,"[3.4745454317639903, 1.5120758603839408, 1.8164154176889595]"
45,LiH,-8.868789990662783,1,0.5110313377329692,1000,"[3.41155156355194, 1.4856038776246367, 1.7933344279085]"
46,LiH,-8.868814036436232,1,0.5180000692925312,1000,"[3.488425578004878, 1.4926287873265438, 1.7997395937962746]"
47,LiH,-8.86884902911133,1,0.5249688008520932,1000,"[3.4227194485900654, 1.5107536485739133, 1.8133776779194966]"
48,LiH,-8.868796303612331,1,0.5365324827358363,1000,"[3.415700333471503, 1.4992190408981483, 1.8016106237764387]"
49,LiH,-8.869187731553675,1,0.5416595037064323,1000,"[3.4425500718885997, 1.5086427264381053, 1.8169799027675853]"
50,LiH,-8.869577613202786,1,0.5519135456476242,1000,"[3.469207747430225, 1.5196164800877032, 1.8312125401730115]"
51,LiH,-8.869577613202834,1,0.5570405666182201,1000,"[3.469207747430225, 1.5196164800877032, 1.8312125401730115]"
52,LiH,-8.869452594325,1,0.5665220784145258,1000,"[3.3890199760353283, 1.5005199908736946, 1.8118638943343273]"
53,LiH,-8.868357924931995,1,0.5712581662258155,1000,"[3.549914361642563, 1.4650784994624573, 1.7229886209046579]"
54,LiH,-8.86791671812082,1,0.5803609983827975,1000,"[3.512326721805953, 1.3888979144659426, 1.6364671994405924]"
55,LiH,-8.86855950638752,1,0.589039200221983,1000,"[3.6490442784505204, 1.5103010934058554, 1.7665882012137306]"
56,LiH,-8.868576226845413,1,0.5976621152089692,1000,"[3.6418048329683987, 1.509770173853325, 1.7674046144129205]"
57,LiH,-8.868494884543509,1,0.6019735727024622,1000,"[3.629976583386312, 1.487288878385847, 1.7481044229239728]"
58,LiH,-8.867941612909133,1,0.6105350399207473,1000,"[3.5686155020464088, 1.392350570848084, 1.6360170791828386]"
59,LiH,-8.868568895459246,1,0.6190965071390324,1000,"[3.646970906274273, 1.5088747663447222, 1.7664461591694318]"
60,LiH,-8.8679355739508,1,0.6276579743573175,1000,"[3.551580432323594, 1.3886258614858538, 1.636676223421459]"
61,LiH,-8.868572598779163,1,0.6362194415756026,1000,"[3.648941404057365, 1.5102495597551902, 1.7678173098903471]"
62,LiH,-8.86787347849931,1,0.6446491308471299,1000,"[3.5773786099824267, 1.382148114162898, 1.6271857498514213]"
63,LiH,-8.867858393072522,1,0.6488639754828937,1000,"[3.573585578579575, 1.3809384019763957, 1.6255777758036385]"
64,LiH,-8.868436334258526,1,0.657293664754421,1000,"[3.5695041011569377, 1.4913786810065313, 1.7440366158891656]"
65,LiH,-8.868432200589401,1,0.6657233540259483,1000,"[3.5652637644417062, 1.4828419207400232, 1.7372298796469563]"
66,LiH,-8.86808109282578,1,0.6813468325729889,1000,"[3.6178085570349086, 1.419922855971534, 1.6660117110053903]"
67,LiH,-8.868060258146075,1,0.6887083028096599,1000,"[3.620214973114503, 1.4167544217187615, 1.6627401461866205]"
68,LiH,-8.868565437078423,1,0.6958989654782562,1000,"[3.660908891301581, 1.4996506909855376, 1.7600873134075512]"
69,LiH,-8.868026627912878,1,0.706453699189815,1000,"[3.5947480205064504, 1.4107492120228466, 1.6562235106441938]"
70,LiH,-8.868045700586256,1,0.713422598068628,1000,"[3.592824762694307, 1.4134191020758586, 1.658421250073196]"
71,LiH,-8.867984678923385,1,0.7203914969474409,1000,"[3.547689801211982, 1.4055806037722016, 1.6493418676610716]"
72,LiH,-8.867755041100768,1,0.727351911768584,1000,"[3.58271752192441, 1.4770776679310738, 1.582169262398771]"
73,LiH,-8.867821974213442,1,0.7375233190726357,1000,"[3.6594969896079053, 1.4876938633646877, 1.5934281603624803]"
74,LiH,-8.867874221606115,1,0.7441849882490456,1000,"[3.6493867376945692, 1.493020810985247, 1.5994733594276989]"
75,LiH,-8.867845816237732,1,0.7505184541130007,1000,"[3.627836636329687, 1.486790063960405, 1.5940512149668997]"
76,LiH,-8.867788118836094,1,0.7595263479402512,1000,"[3.578562543592155, 1.4800958523837129, 1.5867346842992576]"
77,LiH,-8.868495067905855,1,0.7685342417675016,1000,"[3.6277248813133576, 1.6002031119554925, 1.715274692378075]"
78,LiH,-8.868437826592467,1,0.7745000001526674,1000,"[3.736625525906521, 1.579257213067353, 1.692913434815626]"
79,LiH,-8.867647515960163,1,0.783389381480914,1000,"[3.5513173159068936, 1.4581364850828031, 1.5622054908437182]"
80,LiH,-8.867625736388614,1,0.7892435808540185,1000,"[3.5464666740528297, 1.4488353498049824, 1.5569444367680454]"
81,LiH,-8.867769955905144,1,0.7979381504987554,1000,"[3.5577050886319155, 1.456717811781758, 1.566961315445505]"
82,LiH,-8.867629540624666,1,0.8062769646261796,1000,"[3.589621839096555, 1.519005654898553, 1.5288714181764562]"
83,LiH,-8.867783876207657,1,0.8142541407137336,1000,"[3.556848251421486, 1.5282429924724175, 1.540103988058401]"
84,LiH,-8.868193346510491,1,0.8295829022794456,1000,"[3.577494251171003, 1.559026486132247, 1.5922079875278603]"
85,LiH,-8.868933619471077,1,0.8370431784837941,1000,"[3.6502187128310757, 1.686292859141973, 1.7210046512100816]"
86,LiH,-8.8694559086917,1,0.8444133982255866,1000,"[3.590534495185283, 1.7662095342924373, 1.8117897071126339]"
87,LiH,-8.869604007524186,1,0.8517792589666114,1000,"[3.6992486958160855, 1.7880667513440593, 1.8279911291660178]"
88,LiH,-8.869741924645249,1,0.8611713985119707,1000,"[3.697649499831183, 1.8120123209019554, 1.8497023265055548]"
89,LiH,-8.869640145346793,1,0.8679006268717012,1000,"[3.6299942439941417, 1.798994735965799, 1.8433820086209722]"
90,LiH,-8.86813065553688,1,0.876872931351342,1000,"[3.5311512772175897, 1.554335525729895, 1.589499347612029]"
91,LiH,-8.867743967001921,1,0.8834101035791604,1000,"[3.6717417098842597, 1.5233854491069074, 1.5475218616528013]"
92,LiH,-8.867938032039135,1,0.891801359565792,1000,"[3.6816953446271814, 1.558262311398293, 1.5846242408637754]"
93,LiH,-8.868035298152297,1,0.8997841888161162,1000,"[3.6882336908833073, 1.5713119270799791, 1.6019731133732233]"
94,LiH,-8.868986846584356,1,0.9073889941818436,1000,"[3.7378047712136473, 1.721712277652229, 1.7556074524044496]"
95,LiH,-8.86769593062316,1,0.9155806689358345,1000,"[3.6326517292668816, 1.5291265088622974, 1.553741173062365]"
96,LiH,-8.867553558222122,1,0.9221208191699876,1000,"[3.543627866068598, 1.511907939779707, 1.535665087156599]"
97,LiH,-8.867802162992481,1,0.9311113574270886,1000,"[3.6209816471422043, 1.5372586793997425, 1.5759927727289886]"
98,LiH,-8.868260041746664,1,0.9379783746989346,1000,"[3.6617460690142964, 1.6069103252068317, 1.6537969848489973]"
99,LiH,-8.868799761434524,1,0.9459941584199464,1000,"[3.6726851049254003, 1.6754940510520524, 1.7305479819148877]"
100,LiH,-8.868888765552915,1,0.9536319985339842,1000,"[3.6747937276271814, 1.7036886082567904, 1.758458344761902]"
101,LiH,-8.86884475725045,1,0.9613627274306592,1000,"[3.7070260784842333, 1.7011066684737197, 1.7571712533883512]"
102,LiH,-8.868877533907103,1,0.96927009702529,1000,"[3.6820715662659476, 1.7012248549765865, 1.75631370576843]"
103,LiH,-8.868840361888584,1,0.976816254596464,1000,"[3.683534110321182, 1.6987369522982845, 1.7526697793048918]"
104,LiH,-8.869136500645233,1,0.984745619291041,1000,"[3.6989832583806415, 1.744482944863325, 1.800658379270255]"
105,LiH,-8.869095525501018,1,0.9926374063965712,1000,"[3.6756334722789856, 1.7447717937905818, 1.7949169260990128]"
106,LiH,-8.856686682924062,1,0.1194048239184845,1000,"[1.751307585560268, 0.0033681286082512026, 0.004123679898915741]"
107,LiH,-8.866207662918633,1,0.4449399820165174,1000,"[3.164639324823478, 1.3828319237178415, 1.6155793794300812]"
108,LiH,-8.868647872695211,1,0.8245569081087883,1000,"[3.633127067592472, 1.665045960829341, 1.6861026619873059]"
109,LiH,-8.856686694229252,1,0.030296928567329,1000,"[-1.7552378006296423, -4.722776021807413e-06, -7.066591157000941e-06]"
110,LiH,-8.856686694227935,1,0.060593857134658,1000,"[1.7608237573473424, 6.308760868708473e-06, 2.004200611583466e-05]"
111,LiH,-8.856686682432477,1,0.0899993405265865,1000,"[1.7589686338409538, 0.0034407794843622623, 0.004200533880397071]"
112,LiH,-8.856686683669412,1,0.119404823918515,1000,"[1.7507568567970795, 0.0031469479004793983, 0.004111300745452652]"
113,LiH,-8.856686694224623,1,0.1471781532916247,1000,"[5.626398650336479, 4.3860162996873936e-05, 6.759954859025054e-05]"
114,LiH,-8.864134090152543,1,0.202043039414184,1000,"[3.0201690389386324, 1.0713118394954013, 1.3263014993630509]"
115,LiH,-8.86419035262496,1,0.2291345961636335,1000,"[3.0244607548425355, 1.0854618980856863, 1.3409698283281508]"
116,LiH,-8.864188728642372,1,0.253604448914106,1000,"[3.0309944002868345, 1.08498306647474, 1.3404614992008748]"
117,LiH,-8.864179901581617,1,0.2780743016645784,1000,"[3.1471293565115097, 1.087148752343606, 1.340506800057761]"
118,LiH,-8.864265316914446,1,0.2896034743283867,1000,"[3.1678167964542694, 1.136692720741575, 1.3431251754432625]"
119,LiH,-8.86441131338941,1,0.301132646992195,1000,"[3.191558756583154, 1.1925950026635221, 1.353557913545776]"
120,LiH,-8.864414215313527,1,0.3448077516244482,1000,"[3.096280624480892, 1.204488312542641, 1.363319653618785]"
121,LiH,-8.86611170967932,1,0.4370713284227418,1000,"[3.185017420332157, 1.376939844655483, 1.6128435444072298]"
122,LiH,-8.867664958832584,1,0.8220326132236718,1000,"[3.5948342765863943, 1.5282874624901348, 1.533156899250919]"
123,LiH,-8.864576694767953,1,0.3235899795736993,1000,"[3.081772935832386, 1.2323448124730672, 1.3958938473602773]"
124,LiH,-8.869186422901386,1,1.0,1000,"[3.6806189080356653, 1.7607373265865327, 1.8112401678486825]"
125,LiH,-8.869186422901345,1,1.0,1000,"[3.6806189080356653, 1.7607373265865327, 1.8112401678486825]"
126,LiH,-8.86913965339553,1,0.999972480380824,1000,"[3.6842579671085733, 1.753978974085384, 1.8035372442477]"
127,LiH,-8.869186422901318,1,1.0,1000,"[3.6806189080356653, 1.7607373265865327, 1.8112401678486825]"
128,LiH,-8.869139653395525,1,0.9999724803808238,1000,"[3.6842569809040864, 1.753979378116913, 1.8035372244124117]"
129,LiH,-8.869106509286677,1,0.9999449607616476,1000,"[3.6839957793971276, 1.7486521969776687, 1.797874202826133]"
130,LiH,-8.869138929762359,1,0.9999174411424714,1000,"[3.6852506675857493, 1.7558118690933133, 1.8064185189528494]"
131,LiH,-8.86915005456569,1,0.9998899215232953,1000,"[3.6910592296777063, 1.7578886520811525, 1.8084399781963278]"
132,LiH,-8.869139998630768,1,0.99985085550968,1000,"[3.680705868667093, 1.7538127868521323, 1.8048878104154977]"
133,LiH,-8.86912323237616,1,0.9998117894960651,1000,"[3.6892384947380834, 1.7518450534425232, 1.8010315950183733]"
134,LiH,-8.86910202671637,1,0.9997727234824498,1000,"[3.682509305732251, 1.7468277492233102, 1.79588305723857]"
135,LiH,-8.869196344336576,1,0.9997336574688348,1000,"[3.6892478791922594, 1.7638042224744694, 1.8139071347476894]"
136,LiH,-8.869174158084492,1,0.999621416738396,1000,"[3.6914148365828923, 1.7612345970329273, 1.8117124559065267]"
137,LiH,-8.8691877680011,1,0.9995091760079573,1000,"[3.6896775696667916, 1.7626402672751111, 1.8127909061420886]"
138,LiH,-8.86916037284817,1,0.9993969352775184,1000,"[3.690115027169502, 1.7563358939673344, 1.8069637964310368]"
139,LiH,-8.869176212958283,1,0.9992846945470797,1000,"[3.6894164965418708, 1.7598515837132993, 1.8095919824682931]"
140,LiH,-8.868820289242072,1,0.9991585812647151,1000,"[3.6909340896652054, 1.696157230268041, 1.7488251419356482]"
141,LiH,-8.869165771643635,1,0.9990324679823508,1000,"[3.6841671755639913, 1.7581081027438523, 1.80716873986605]"
142,LiH,-8.868360593319734,1,0.9989063546999862,1000,"[3.6618363756426104, 1.623950528011708, 1.6705940658599903]"
143,LiH,-8.869122393520906,1,0.9987802414176217,1000,"[3.6842363886769602, 1.7487509617266936, 1.7985490133808255]"
144,LiH,-8.869132535534723,1,0.9985264493761294,1000,"[3.676790030221543, 1.7459653406361522, 1.79671745193054]"
145,LiH,-8.869130953814427,1,0.9982726573346372,1000,"[3.6761855146114653, 1.7436295189185125, 1.794776660536321]"
146,LiH,-8.86913581760468,1,0.9979066245627062,1000,"[3.6987541270249835, 1.7615028480473272, 1.808524533709165]"
147,LiH,-8.868903772393917,1,0.997540591790775,1000,"[3.6789903850230665, 1.7088194035852178, 1.759304776554815]"
148,LiH,-8.869171982235752,1,0.9971745590188441,1000,"[3.686051654265951, 1.7583498662736314, 1.8078554382659637]"
149,LiH,-8.869160171092835,1,0.9968085262469132,1000,"[3.667729427067676, 1.7530083395148766, 1.8020625941647848]"
150,LiH,-8.869086420908138,1,0.9964079977705553,1000,"[3.69310074751498, 1.751519105340502, 1.7970051045049829]"
151,LiH,-8.869169972354667,1,0.9960074692941975,1000,"[3.668067793843644, 1.754314924922438, 1.8035697138316003]"
152,LiH,-8.869071938955656,1,0.9955395509023761,1000,"[3.6808944398837866, 1.7405222242382816, 1.7895042457004569]"
153,LiH,-8.869078245749538,1,0.9950716325105544,1000,"[3.6846486670159884, 1.7393954126186824, 1.7894742436594084]"
154,LiH,-8.869061865075981,1,0.9945898143468985,1000,"[3.685273064154452, 1.7376259508505632, 1.7871515003319711]"
155,LiH,-8.86914758511886,1,0.9941079961832427,1000,"[3.6778330299119917, 1.7477993175638251, 1.7984502865416692]"
156,LiH,-8.86917988407033,1,0.9936261780195869,1000,"[3.7122715861700857, 1.7613546819276316, 1.8094516796599933]"
157,LiH,-8.869138208980813,1,0.9931443598559309,1000,"[3.678430059561764, 1.7459601133155922, 1.7966479594522886]"
158,LiH,-8.869095525499226,1,0.9926374063965797,1000,"[3.6756279392853397, 1.7447616157845784, 1.7949049492500204]"
159,LiH,-8.869136943644595,1,0.9921304529372286,1000,"[3.7055766953984577, 1.7426029405099148, 1.7940064803344293]"
160,LiH,-8.869132865111776,1,0.9916234994778774,1000,"[3.699094232090569, 1.7411732662452255, 1.7928466436859505]"
161,LiH,-8.86918759190788,1,0.9911165460185263,1000,"[3.6761187962217776, 1.7494319960178841, 1.802340378624205]"
162,LiH,-8.869096354937529,1,0.990452577797092,1000,"[3.668147787193039, 1.7460824627855642, 1.7960958805864053]"
163,LiH,-8.869186644981976,1,0.9897886095756577,1000,"[3.6708712713592724, 1.7488489373137162, 1.801719724364418]"
164,LiH,-8.868590896766474,1,0.9890927817118913,1000,"[3.643629585131972, 1.6615009599399142, 1.707898778167055]"
165,LiH,-8.869139177310355,1,0.9883969538481251,1000,"[3.6728119548765243, 1.7465322960536585, 1.8008783646640032]"
166,LiH,-8.869017284468184,1,0.9869502588822401,1000,"[3.687261598197659, 1.728628076760394, 1.7839002179004257]"
167,LiH,-8.869029617529621,1,0.9862153790185094,1000,"[3.7056203555585925, 1.7315115607284928, 1.785951987475138]"
168,LiH,-8.86915421734076,1,0.9854804991547789,1000,"[3.6911346002061305, 1.7465946231619938, 1.8029033414735318]"
169,LiH,-8.869003618648623,1,0.9840107394273175,1000,"[3.6900956287953353, 1.7260611740460217, 1.7812511540494154]"
170,LiH,-8.869116425510464,1,0.9832482503886949,1000,"[3.7052540736549213, 1.7472222298731688, 1.8015517513647163]"
171,LiH,-8.869166121968158,1,0.9817232723114493,1000,"[3.6733976328073044, 1.7557576563423019, 1.8045954153062493]"
172,LiH,-8.869139664125884,1,0.9809607832728267,1000,"[3.678606108107484, 1.751663131178045, 1.8003024345931506]"
173,LiH,-8.86917299879517,1,0.9801543256836436,1000,"[3.7000644611377433, 1.7630486792631106, 1.8120955691188245]"
174,LiH,-8.868898957841997,1,0.9793478680944603,1000,"[3.6834805571885205, 1.7033886035439019, 1.7594605556532255]"
175,LiH,-8.868841025046542,1,0.9777349529160939,1000,"[3.683591918855699, 1.6988568939475024, 1.7527863960957633]"
176,LiH,-8.868839697743267,1,0.9758975562768502,1000,"[3.683480060717842, 1.698630899213299, 1.752566862311859]"
177,LiH,-8.86896628860733,1,0.9749565583783417,1000,"[3.6905916709242748, 1.7226754438361844, 1.7773025213444376]"
178,LiH,-8.868883354077276,1,0.9740155604798336,1000,"[3.6759506314021024, 1.703319132751841, 1.7582525894445262]"
179,LiH,-8.868828400471507,1,0.972133564682817,1000,"[3.6673473009100155, 1.6886464448474041, 1.7447756337875135]"
180,LiH,-8.86888909117211,1,0.97022458624447,1000,"[3.6754756115710006, 1.7035609841839974, 1.7586833720062347]"
181,LiH,-8.868895858335739,1,0.9683156078061231,1000,"[3.6864204805217877, 1.7033651320211407, 1.7584558702584294]"
182,LiH,-8.868849005034875,1,0.9663912390702947,1000,"[3.6887428810706253, 1.696858355521968, 1.7533979643236601]"
183,LiH,-8.86907080819959,1,0.9654290547023804,1000,"[3.7571215692725564, 1.7301963365132378, 1.7853754422827866]"
184,LiH,-8.868851922546492,1,0.9644668703344662,1000,"[3.690793937793827, 1.6975183093509485, 1.7531822077624766]"
185,LiH,-8.868825274192641,1,0.9623974417319315,1000,"[3.6981857984812248, 1.6920239170479339, 1.7497301597340338]"
186,LiH,-8.868798434738496,1,0.9603280131293969,1000,"[3.7064890213598396, 1.686215383265559, 1.744065174001068]"
187,LiH,-8.868940408615497,1,0.9592402546611021,1000,"[3.7123938348685703, 1.7019661503231334, 1.7615148329612813]"
188,LiH,-8.868791005427274,1,0.9570647377245123,1000,"[3.6934868200704427, 1.6847939394978146, 1.7420432940658719]"
189,LiH,-8.868874930977405,1,0.9559769792562174,1000,"[3.6764402745861435, 1.696956768187918, 1.7530992194301365]"
190,LiH,-8.868888765552812,1,0.953631998533989,1000,"[3.674793810117249, 1.7036827566443602, 1.7584518703387988]"
191,LiH,-8.868964363183036,1,0.951128563481293,1000,"[3.6899439822395412, 1.7030887030468984, 1.7608983070657456]"
192,LiH,-8.86879461188793,1,0.9498768459549451,1000,"[3.6696602625997343, 1.6767421344505005, 1.733175865859756]"
193,LiH,-8.8677176690141,1,0.9473096434242749,1000,"[3.563385170325686, 1.505493632291088, 1.5493561829737756]"
194,LiH,-8.868330851586892,1,0.9446581944664505,1000,"[3.6734621713870697, 1.629149871475763, 1.6708610316401775]"
195,LiH,-8.868147740755052,1,0.9419862665594462,1000,"[3.600238418988786, 1.595937107426348, 1.6388372700515133]"
196,LiH,-8.868844079980555,1,0.9366424107454375,1000,"[3.5925920575622436, 1.7114030849383615, 1.7562180640815035]"
197,LiH,-8.867736532619613,1,0.9339399407274468,1000,"[3.6077180831958606, 1.524526576814435, 1.564119678899976]"
198,LiH,-8.867769142878563,1,0.9281872029553585,1000,"[3.635416192957144, 1.5371850170941834, 1.5757977787505393]"
199,LiH,-8.867661884605662,1,0.9252355451356198,1000,"[3.6139663902121004, 1.5199614568881321, 1.5538805818152004]"
200,LiH,-8.867553558201008,1,0.9221208191699912,1000,"[3.5436281630299025, 1.5118670539476327, 1.5356629160949595]"
201,LiH,-8.867644128894877,1,0.9188573388374365,1000,"[3.6021205911965257, 1.5188052226639046, 1.5464043775256453]"
202,LiH,-8.867743340813727,1,0.9139423339850415,1000,"[3.649387598520759, 1.5343879089631165, 1.5584978955733824]"
203,LiH,-8.867830773344743,1,0.9090273291326466,1000,"[3.6550369245515757, 1.5422655965926282, 1.5647785342445]"
204,LiH,-8.86781220924251,1,0.9055294261847846,1000,"[3.669699564877014, 1.5278665469320662, 1.5568657322354933]"
205,LiH,-8.86803528551037,1,0.89978418881612,1000,"[3.688572738457906, 1.5713965401750483, 1.6020106003280459]"
206,LiH,-8.867860154140237,1,0.8938499395051599,1000,"[3.667227095917023, 1.5406711017005337, 1.5680933232308483]"
207,LiH,-8.867709669499977,1,0.8855571516331292,1000,"[3.6727222523283714, 1.5213045418856752, 1.5449904825672336]"
208,LiH,-8.868937364468637,1,0.8746298552314455,1000,"[3.653596815504372, 1.6835716522373039, 1.7238568410487325]"
209,LiH,-8.867964884221877,1,0.7169070475080384,1000,"[3.5221061802948936, 1.400824352211153, 1.6442397120236443]"
210,LiH,-8.856686694024624,1,0.03029692856730904,1000,"[-1.7578542807792612, -0.00016012669381682443, -0.00019919174416004547]"
211,LiH,-8.856686694229325,1,0.06059385713461808,1000,"[1.747357074933696, 1.0563586825127201e-05, 1.2654006509238594e-05]"
212,LiH,-8.856686683663856,1,0.08999934052652904,1000,"[1.7522401288459428, 0.0031701123704134405, 0.004110666595261437]"
213,LiH,-8.85668669422939,1,0.11940482391844001,1000,"[1.762035004978798, 6.710365147772004e-06, 9.108152437980705e-06]"
214,LiH,-8.856686694229406,1,0.14717815329153228,1000,"[5.627668379849086, -6.942045826754024e-07, -1.1526611367090064e-06]"
215,LiH,-8.856660222127635,1,0.17495148266462457,1000,"[1.5219844653260197, 0.10679797816709771, 0.13997223575638418]"
216,LiH,-8.864134090152433,1,0.20204303941405907,1000,"[3.020173281810518, 1.0713159289392584, 1.3263059179298187]"
217,LiH,-8.864190352624972,1,0.22913459616349355,1000,"[3.0244659932654527, 1.0854610669559186, 1.340969727659473]"
218,LiH,-8.864188728642263,1,0.25360444891396833,1000,"[3.031000149207908, 1.0849831268776873, 1.3404627114324914]"
219,LiH,-8.864179901581542,1,0.2780743016644431,1000,"[3.1471315523311705, 1.0871471992672883, 1.3405051576331077]"
220,LiH,-8.864265316914436,1,0.2896034743282481,1000,"[3.1678174617055417, 1.1366942425072233, 1.3431257553502889]"
221,LiH,-8.86441131338938,1,0.3011326469920531,1000,"[3.191558423253473, 1.1925970830054848, 1.353560784084047]"
222,LiH,-8.864410423406214,1,0.3123613132828137,1000,"[3.1969352241759497, 1.201040009670362, 1.358103605837566]"
223,LiH,-8.864576694767932,1,0.32358997957357427,1000,"[3.0817752473076636, 1.2323441244246203, 1.395893715993385]"
224,LiH,-8.864493956762864,1,0.334198865598968,1000,"[3.088853586010517, 1.217777625104563, 1.3788344616919348]"
225,LiH,-8.864414215313499,1,0.3448077516243618,1000,"[3.0962814209165304, 1.2044883884412954, 1.3633210527422213]"
226,LiH,-8.864402886835256,1,0.35444246224780884,1000,"[3.0958990467417484, 1.205565369012498, 1.3607083136216378]"
227,LiH,-8.86441550884107,1,0.36407717287125585,1000,"[3.082199844288751, 1.2027891235471961, 1.3570676433021729]"
228,LiH,-8.864468571660627,1,0.3735476037163454,1000,"[3.085551479501955, 1.2135422847903983, 1.3687231765717485]"
229,LiH,-8.864514406548247,1,0.38301803456143485,1000,"[3.0741570864475314, 1.2188992008572328, 1.374552313837405]"
230,LiH,-8.864374629495739,1,0.39204487912564295,1000,"[3.093824888502068, 1.1973588346116957, 1.3545970007444352]"
231,LiH,-8.864374323939328,1,0.40107172368985106,1000,"[3.0940172529169705, 1.1973306189837194, 1.3545441735681831]"
232,LiH,-8.864374323939366,1,0.41009856825405916,1000,"[3.0940165549074647, 1.1973311815022378, 1.3545435712105465]"
233,LiH,-8.864374323939392,1,0.41912541281826726,1000,"[3.09401375779577, 1.1973305291417256, 1.3545425042227683]"
234,LiH,-8.865361194379144,1,0.42809837062046974,1000,"[3.126266752246722, 1.3057370653581766, 1.5025278899467929]"
235,LiH,-8.866111709679275,1,0.43707132842267216,1000,"[3.1850167701880507, 1.3769413932795143, 1.612844336847632]"
236,LiH,-8.86620766291859,1,0.44493998201647333,1000,"[3.164639769837107, 1.3828330361947456, 1.6155802693904677]"
237,LiH,-8.866226220681098,1,0.45280863561027446,1000,"[3.186008537114641, 1.402690902743152, 1.637052677410817]"
238,LiH,-8.867187420875643,1,0.46036488380295915,1000,"[3.2524167379542908, 1.4353745421956718, 1.679761762223936]"
239,LiH,-8.86816421939275,1,0.46792113199564384,1000,"[3.3180391294748346, 1.4712124431253246, 1.722196237610456]"
240,LiH,-8.868090767052315,1,0.4754773801883285,1000,"[3.2774297292669616, 1.4409686304505875, 1.7011709845541065]"
241,LiH,-8.868034988087757,1,0.4830336283810132,1000,"[3.336874260767102, 1.4575340284642213, 1.7101916498439356]"
242,LiH,-8.868453935764238,1,0.49006375149741543,1000,"[3.368233270962996, 1.485500057562526, 1.7641713356354964]"
243,LiH,-8.86884489553909,1,0.49709387461381765,1000,"[3.4745439379727268, 1.5120772733237935, 1.8164156392103696]"
244,LiH,-8.868714002100512,1,0.5040626061733838,1000,"[3.4398378544318127, 1.4815693530878868, 1.7866479124987857]"
245,LiH,-8.86884889460005,1,0.5307506417939697,1000,"[3.4229007455276426, 1.5110711696089474, 1.8137609517260167]"
246,LiH,-8.869240802542313,1,0.5467865246770263,1000,"[3.452028573817265, 1.523985169263036, 1.8313410622531492]"
247,LiH,-8.869553452555222,1,0.561781322516369,1000,"[3.470775599946167, 1.5196060772984994, 1.829643880595225]"
248,LiH,-8.867928418162398,1,0.5759942540371078,1000,"[3.5143287954308353, 1.3916846343655327, 1.6389174824363952]"
249,LiH,-8.867928418162402,1,0.5847277427284899,1000,"[3.5143287954308353, 1.3916846343655327, 1.6389174824363952]"
250,LiH,-8.867903722608304,1,0.5933506577154786,1000,"[3.573461821361112, 1.3851692811710845, 1.6320460195080189]"
251,LiH,-8.868664826090333,1,0.6062543063116104,1000,"[3.639192961717864, 1.5211994565301243, 1.7810977629864473]"
252,LiH,-8.867931484849398,1,0.6148157735298965,1000,"[3.5524972922330527, 1.3879593994563606, 1.635979997839399]"
253,LiH,-8.868605725015964,1,0.6233772407481826,1000,"[3.634786087195141, 1.5133243769655875, 1.771478814164502]"
254,LiH,-8.86800493560908,1,0.6319387079664687,1000,"[3.581017525640663, 1.4115786483632426, 1.6558614098210194]"
255,LiH,-8.867992470404399,1,0.6404342862113752,1000,"[3.6316859855967265, 1.3968556837863693, 1.6466872939624522]"
256,LiH,-8.86802490113123,1,0.6530788201186655,1000,"[3.5923443762786613, 1.413772772724831, 1.6586433854784963]"
257,LiH,-8.868027553007387,1,0.6615085093901925,1000,"[3.59223775247761, 1.4136380613718238, 1.6587436822670716]"
258,LiH,-8.868081285860793,1,0.6776577804343982,1000,"[3.6186016867373034, 1.4206703312021383, 1.66680519611465]"
259,LiH,-8.868081285859787,1,0.6850358847115885,1000,"[3.6185946641528792, 1.4206575017634449, 1.6667956497763363]"
260,LiH,-8.868066442774913,1,0.6923807209077449,1000,"[3.617315375097042, 1.417156551614014, 1.6632647251277737]"
261,LiH,-8.86807872546298,1,0.6994172100487868,1000,"[3.6198669228732285, 1.4216335196921501, 1.6669242199973935]"
262,LiH,-8.868439181807583,1,0.7029354546193077,1000,"[3.5777488899324155, 1.4838930644821944, 1.7431173569047815]"
263,LiH,-8.86799028557008,1,0.7099381486292364,1000,"[3.547948312691351, 1.4067974083617945, 1.6503434077480015]"
264,LiH,-8.868247997649748,1,0.7238717043580323,1000,"[3.593450016972726, 1.5177726747803193, 1.6938412546760109]"
265,LiH,-8.867860639664249,1,0.7307721981265288,1000,"[3.6462900558949682, 1.4926335231403636, 1.5983625931692607]"
266,LiH,-8.867815893182803,1,0.734192484484453,1000,"[3.6604325749362916, 1.4870928430223889, 1.5931147351520922]"
267,LiH,-8.867821985964571,1,0.7408541536608667,1000,"[3.6594738086607763, 1.488175046791047, 1.5938536344656484]"
268,LiH,-8.867645105749673,1,0.7475158228372804,1000,"[3.6326375666425177, 1.4578775738198082, 1.560096629750261]"
269,LiH,-8.867661398818067,1,0.7535210853887858,1000,"[3.571018480183569, 1.4618517566930815, 1.56583860602395]"
270,LiH,-8.867793920001,1,0.7565237166645385,1000,"[3.585303639231535, 1.4816134969496306, 1.587854077036906]"
271,LiH,-8.86837910226465,1,0.7625289792160439,1000,"[3.579703205348157, 1.5809731744837148, 1.696781483685689]"
272,LiH,-8.867792344069409,1,0.7655316104917966,1000,"[3.579662391252229, 1.4791468748479417, 1.587505221064813]"
273,LiH,-8.867676115620586,1,0.771536873043302,1000,"[3.5688347455121323, 1.4627675066047412, 1.567198538748288]"
274,LiH,-8.867673535769104,1,0.7774631272621341,1000,"[3.5738342337061475, 1.4646586156972556, 1.5683955814667194]"
275,LiH,-8.8676623714165,1,0.7804262543715501,1000,"[3.5516360896955677, 1.4577102056418547, 1.5630827978332236]"
276,LiH,-8.867624027932836,1,0.7863164811675177,1000,"[3.5501775022178372, 1.452933293931794, 1.5572398559254754]"
277,LiH,-8.867645974150166,1,0.7921667861595647,1000,"[3.5470388720937196, 1.45100127832477, 1.5595791063885138]"
278,LiH,-8.867650852535126,1,0.7950899914650601,1000,"[3.5469546642689047, 1.4514409504388999, 1.5606757830609628]"
279,LiH,-8.867772680713575,1,0.8007863095325279,1000,"[3.557643882751023, 1.4573018075173203, 1.5675429987848086]"
280,LiH,-8.867611724650097,1,0.8035316370793706,1000,"[3.5685737003422613, 1.4766171564189459, 1.535048254280591]"
281,LiH,-8.868343044268187,1,0.808969140585014,1000,"[3.639106905286978, 1.6351332669324892, 1.647109798849288]"
282,LiH,-8.867720244166486,1,0.8116613165438149,1000,"[3.568397940108333, 1.5273479382952697, 1.5382730768717323]"
283,LiH,-8.867748354859724,1,0.8168469648837581,1000,"[3.575022682722007, 1.5357383027524507, 1.5440054681786797]"
284,LiH,-8.86766512532433,1,0.8194397890537296,1000,"[3.5953893526867704, 1.527875345233393, 1.5324383188043302]"
285,LiH,-8.868133375436456,1,0.8270812029939815,1000,"[3.6134978340232795, 1.5517542533132271, 1.5838305450295653]"
286,LiH,-8.868134675895877,1,0.832084601565002,1000,"[3.611752805710048, 1.5573417428788574, 1.5882403525782336]"
287,LiH,-8.86961389879068,1,0.8395006448978922,1000,"[3.6915922362242823, 1.7756412709516483, 1.826998714057295]"
288,LiH,-8.869698045152493,1,0.841958111311951,1000,"[3.674724960955216, 1.7962024718594525, 1.838536980371181]"
289,LiH,-8.869502661063077,1,0.8468686851393012,1000,"[3.6876109723070924, 1.7762675905441856, 1.8187563288926492]"
290,LiH,-8.86954199775774,1,0.8493239720529764,1000,"[3.584812676386057, 1.769083338479427, 1.8151359532157123]"
291,LiH,-8.869050068554102,1,0.8541976593670962,1000,"[3.5557013320050608, 1.7023435789936596, 1.74018164495154]"
292,LiH,-8.868225175795596,1,0.8566160597675411,1000,"[3.610312686844078, 1.5682343838374844, 1.6004110813840375]"
293,LiH,-8.868973641269832,1,0.8588937291397782,1000,"[3.5442770542938216, 1.6811513169899208, 1.723325244461762]"
294,LiH,-8.869609844512441,1,0.8634144746319269,1000,"[3.7042122481390014, 1.7843089513999804, 1.831158894707099]"
295,LiH,-8.869626220479073,1,0.8656575507518383,1000,"[3.6957351992239804, 1.7947396632385813, 1.8404550706287752]"
296,LiH,-8.86826316906916,1,0.8701437029916611,1000,"[3.620067291342524, 1.578284113146628, 1.6096940468396344]"
297,LiH,-8.869809323425692,1,0.8723867791115726,1000,"[3.7741042654296546, 1.819583226628658, 1.8603483003850925]"
298,LiH,-8.868201016450616,1,0.8791160074713068,1000,"[3.6105481850714884, 1.5674036803064255, 1.600951622140496]"
299,LiH,-8.868097733617336,1,0.8812630555252615,1000,"[3.6589686900407914, 1.572631322332958, 1.6012870317843997]"
300,LiH,-8.867932181446076,1,0.8877041996871254,1000,"[3.6879423711337984, 1.5584558844468255, 1.584734840757411]"
301,LiH,-8.868549537740504,1,0.8897527796264776,1000,"[3.7090855328880554, 1.6510686988300463, 1.683668120499039]"
302,LiH,-8.86794292233615,1,0.8958985194445338,1000,"[3.687105167253537, 1.5597349959394886, 1.5861899576022447]"
303,LiH,-8.86798658591656,1,0.8978413541303347,1000,"[3.681424333284423, 1.5692221042164558, 1.5938684622690436]"
304,LiH,-8.86862415184594,1,0.9017270235019366,1000,"[3.7110845546380773, 1.67060777006759, 1.7052460450032338]"
305,LiH,-8.86795758532904,1,0.9036698581877374,1000,"[3.688830539370098, 1.5617111169664861, 1.5883194417588256]"
306,LiH,-8.868337613532818,1,0.9106656640834614,1000,"[3.7013966148360664, 1.6294268738290965, 1.6563225323123507]"
307,LiH,-8.867743589355134,1,0.9123039990342595,1000,"[3.636330415716487, 1.533829609345998, 1.5608258781662676]"
308,LiH,-8.867667748413107,1,0.9172190038866538,1000,"[3.621218622068589, 1.5245216709732883, 1.5518780071089324]"
309,LiH,-8.867628683836841,1,0.9204956737882499,1000,"[3.6175895872031534, 1.5209120038822932, 1.5461032947855173]"
310,LiH,-8.867601634658266,1,0.9237459645517541,1000,"[3.6277545599203145, 1.5228194659936505, 1.5461057810816325]"
311,LiH,-8.867665305648801,1,0.9267251257194988,1000,"[3.6290809182567276, 1.5164703642954602, 1.5545350312276427]"
312,LiH,-8.867803052957184,1,0.9296492801912327,1000,"[3.6253255134777613, 1.5396516091213188, 1.577812455167992]"
313,LiH,-8.867768904410115,1,0.9325734346629665,1000,"[3.6270984150200105, 1.5326907789879636, 1.5703386838145383]"
314,LiH,-8.867776593125043,1,0.9353064467919466,1000,"[3.6169303802677155, 1.5291710665222955, 1.5715358744524695]"
315,LiH,-8.868133618161835,1,0.9393143386524543,1000,"[3.5254937411573906, 1.5907903814639694, 1.6343063545404042]"
316,LiH,-8.86772905664256,1,0.9406503026059568,1000,"[3.618257902513723, 1.5197729085820764, 1.5625488284376248]"
317,LiH,-8.86816054581066,1,0.9433222305129619,1000,"[3.5205506453818116, 1.5933935006174682, 1.6371332995515226]"
318,LiH,-8.86897592721109,1,0.9486251284286127,1000,"[3.680154149565438, 1.7210930264431203, 1.7728113599587672]"
319,LiH,-8.869028710511511,1,0.952380281007655,1000,"[3.694300993515458, 1.7297377651755315, 1.7784399940771802]"
320,LiH,-8.868264321279288,1,0.9548044888951159,1000,"[3.6480766673097738, 1.5984155891955423, 1.651203242160366]"
321,LiH,-8.868835867701764,1,0.9581524961928204,1000,"[3.7074529440532666, 1.6924990443086854, 1.7504998958455853]"
322,LiH,-8.86889122031733,1,0.9634321560332149,1000,"[3.7155349111763676, 1.7077229334319708, 1.764189929142383]"
323,LiH,-8.868959291034718,1,0.9673534234382254,1000,"[3.6909459850990722, 1.7171397970130882, 1.771814339899638]"
324,LiH,-8.86888157051226,1,0.9711790754636598,1000,"[3.675316518141563, 1.7022075951637434, 1.7573522259332373]"
325,LiH,-8.869051167239482,1,0.9730745625813415,1000,"[3.680320154026603, 1.7346365510616173, 1.7899292884579578]"
326,LiH,-8.86889657141776,1,0.9785414105052939,1000,"[3.7026744259085245, 1.7109777390494672, 1.7662738220748238]"
327,LiH,-8.869184237186559,1,0.9824857613500881,1000,"[3.678313433194718, 1.7562419319148317, 1.806690724016633]"
328,LiH,-8.869033454189768,1,0.9876736063651956,1000,"[3.6911554906315898, 1.7311771645291385, 1.7861713157119998]"
329,LiH,-8.864134090152552,1,0.2020430394143155,1000,"[3.0201706639780195, 1.0713127681238284, 1.3263022164345382]"
330,LiH,-8.864190352625005,1,0.22913459616378073,1000,"[3.0244634363753438, 1.0854591575450487, 1.3409685311418602]"
331,LiH,-8.864188728641965,1,0.2536044489142509,1000,"[3.0309996495381473, 1.084990070409438, 1.3404702988646946]"
332,LiH,-8.864179901581583,1,0.278074301664721,1000,"[3.147131210101344, 1.0871481583984157, 1.3405051563080304]"
333,LiH,-8.864265316914436,1,0.2896034743285324,1000,"[3.167817368888581, 1.1366929938743724, 1.343124693681558]"
334,LiH,-8.864411313389377,1,0.30113264699234377,1000,"[3.1915575816679564, 1.1925929234188641, 1.3535568258720563]"
335,LiH,-8.864576694767962,1,0.3123613132830872,1000,"[3.0817747692490522, 1.232340558291205, 1.3958899126764743]"
336,LiH,-8.856686694221487,2,0.0,2000,"[7.434039404249077, -3.6613884869828146, 0.00015422437234998763, 0.0001470093009766579, 2.35621523353995, 1.4356312525239323]"
337,LiH,-8.856721480782888,2,0.03029692856732426,2000,"[7.539199189481263, -3.8575388565951445, 0.2442572480912569, 0.220404663921832, 9.424777960758624, 9.393170909097275]"
338,LiH,-8.85673119735954,2,0.06059385713464852,2000,"[7.54921832796332, -3.8706821881680646, 0.2949265815075073, 0.10198530512495253, 5.943876099770929, 5.702838182035977]"
339,LiH,-8.856785047975574,2,0.0899993405265728,2000,"[7.561974869608182, 3.891948704746188, 0.378857195085462, 0.07037725765089639, 6.856589387256557, 6.4927606733047885]"
340,LiH,-8.856880947752751,2,0.11940482391849708,2000,"[7.579067517155699, 4.12861264926587, 0.48846725424288784, 0.08073399507224027, 7.5965787961667335, 7.118081231495118]"
341,LiH,-8.856686688902982,2,0.1471781532916025,2000,"[7.261983293289278, 9.42477796076938, 0.0043042410221876565, 0.005416680813910495, 0.0025573528595831934, 0.0038177045232005357]"
342,LiH,-8.856686694163612,2,0.17495148266470795,2000,"[7.307709460458058, -3.5873185523354802, 0.0009436765093282344, 0.0010480963130295744, 0.00046683147207938255, 0.0005952281087062502]"
343,LiH,-8.865321577329771,2,0.20204303941415377,2000,"[5.917165175864494, 2.984467376788553, 2.571808758279076, 1.8581713429260196, 2.555379623531378, 1.5608590912185023]"
344,LiH,-8.866543332470483,2,0.22913459616359957,2000,"[7.297056608827174, 2.709056612774959, 4.814248982337097, 3.3990242168139244, 3.334630996307285, 1.375364951193864]"
345,LiH,-8.866484594841916,2,0.25360444891407263,2000,"[7.257781288054214, 2.6582766546149084, 4.723036380312412, 3.2810903280027386, 3.322659812998026, 1.328067897779058]"
346,LiH,-8.86668585959153,2,0.2780743016645457,2000,"[7.238196084173838, 2.73609673427341, 4.778383085195968, 3.186804327535012, 3.387238234907469, 1.182665703273936]"
347,LiH,-8.866618342696631,2,0.28960347432835304,2000,"[7.270714878414927, 2.602128147524369, 4.732888805697161, 3.06444873991891, 3.3292941119074784, 1.142433527381343]"
348,LiH,-8.865530896637392,2,0.3011326469921604,2000,"[4.331230609029257, 4.099434888884717, 1.9788534925509835, 1.72462493433275, 2.198983416026593, 1.648674429351689]"
349,LiH,-8.865515511323045,2,0.3123613132829146,2000,"[4.988783867382725, 3.604682647028942, 2.410544162969413, 1.6995827252549314, 2.526999338812259, 1.488349098998162]"
350,LiH,-8.865363211153436,2,0.3235899795736688,2000,"[0.04585179974353064, 5.798338653871943, 1.5959168970813211, 1.3701007153271474, -0.4328651120799826, 3.693235529193995]"
351,LiH,-8.865313034810914,2,0.3341988655990478,2000,"[0.025332118397151663, 5.816019310475817, 1.6117788725339, 1.3460728106828983, -0.3927548644145822, 3.6364813141394143]"
352,LiH,-8.867072549237944,2,0.3448077516244269,2000,"[7.334489976073814, 2.429427239430277, 4.886521116145404, 3.102353858095156, 3.3481682946159763, 1.0491679082167749]"
353,LiH,-8.865182316950728,2,0.35444246224786724,2000,"[0.039424730068236095, 5.834225120778334, 1.901665002651042, 1.000866911017292, 0.2726127373533508, 2.904673107697872]"
354,LiH,-8.867174249809555,2,0.36407717287130764,2000,"[7.523987077013556, 2.694485225632808, 5.08095614910191, 3.595499279253323, 3.267802651703061, 1.3442559130012652]"
355,LiH,-8.867271013022457,2,0.3735476037163851,2000,"[7.508220878525362, 2.611811137256112, 5.188880727033043, 3.543177792821349, 3.364454751033027, 1.2399563233516058]"
356,LiH,-8.866677971363334,2,0.38301803456146266,2000,"[7.225520593620757, 1.8314671093212462, 4.732982721747891, 2.609412024110945, 3.3566318325173006, 0.697041091252034]"
357,LiH,-8.86523080833597,2,0.39204487912567526,2000,"[0.02789719397053433, 5.838625208631505, 1.8627202615028466, 1.055051401795672, 0.2908647790840941, 2.902866452838883]"
358,LiH,-8.866955116898932,2,0.40107172368988786,2000,"[7.468557370812652, 2.6632708590890304, 4.995877756669229, 3.4643399324909683, 3.2747894238671025, 1.3047731927690438]"
359,LiH,-8.866955116898968,2,0.41009856825410046,2000,"[7.468557370812652, 2.6632708590890304, 4.995877756669229, 3.4643399324909683, 3.2747894238671025, 1.3047731927690438]"
360,LiH,-8.86695005718973,2,0.41912541281831306,2000,"[4.693121043691753, 4.065976157254875, 2.2118679854770735, 2.088654469447533, 2.5053763419454835, 2.081550278082667]"
361,LiH,-8.867768870007067,2,0.4280983706205189,2000,"[-0.010491760941919528, 6.019557175917798, 2.112347173236706, 1.5806912609356194, -0.11685725837308905, 4.257630853873831]"
362,LiH,-8.867740714785047,2,0.4370713284227247,2000,"[-0.026104592427465195, 6.0060224310641175, 2.2959878404461254, 1.3407006078454518, 0.4700615114094106, 3.6099589108565713]"
363,LiH,-8.867779497106104,2,0.44493998201652796,2000,"[0.051263267870021376, 5.995269001126907, 2.1425409762812575, 1.5373552514351119, -0.030539798633199843, 4.150752117036609]"
364,LiH,-8.870074642020144,2,0.4528086356103312,2000,"[5.428431938536306, 3.982731453441054, 2.7959193110181633, 2.5072107781175794, 3.1707262272941286, 2.5103657221168003]"
365,LiH,-8.871408816499002,2,0.4603648838030084,2000,"[5.469841086583826, 4.06027327917335, 2.8690543821015506, 2.559589525539785, 3.255177955919814, 2.560211313217633]"
366,LiH,-8.871453879472444,2,0.4679211319956855,2000,"[5.442672984545791, 4.071661588670995, 2.8175404523959164, 2.599802060260936, 3.238298990307035, 2.599136208193629]"
367,LiH,-8.871243372245972,2,0.47547738018836266,2000,"[5.3205706042968455, 4.211940751665271, 2.68496081660642, 2.544597220462022, 3.1029429374625632, 2.596592726634344]"
368,LiH,-8.871549483634249,2,0.48303362838103986,2000,"[-4.465271359420524, 9.284751507099013, 2.8583012012371825, 3.035957547005139, 2.9530033059835277, 3.6132007585982517]"
369,LiH,-8.873074119555808,2,0.4900637514974451,2000,"[5.501134649467277, 4.465177056888837, 2.593186637692555, 2.769625742985815, 3.3155590160767585, 3.143093269805589]"
370,LiH,-8.872689556207115,2,0.4970938746138503,2000,"[-4.464677610536878, 9.42477796076938, 3.039633353966886, 2.9518765609587883, 3.3226263435801924, 3.75124100309449]"
371,LiH,-8.872830862589067,2,0.5040626061734111,2000,"[-4.543150420834042, 9.42477796076938, 3.0841292703222773, 3.1115968821478237, 3.3086120615198498, 3.9065727313501117]"
372,LiH,-8.873169972281739,2,0.5110313377329719,2000,"[5.5484265986451256, 4.454333277688984, 2.6059649585554254, 2.777854987301986, 3.349429008169233, 3.1320085540237383]"
373,LiH,-8.871369580233782,2,0.5180000692925328,2000,"[0.005279847454188939, 6.346815528700468, 2.9710451054214766, 1.1805099324375192, 0.732858455874912, 4.043382823624632]"
374,LiH,-8.8727421632986,2,0.5249688008520936,2000,"[-4.55773595099712, 9.424777960758213, 3.053689706317379, 3.1122022915643752, 3.307461098829065, 3.87154826320568]"
375,LiH,-8.872778006435766,2,0.5307506417939641,2000,"[-4.563287121403949, 9.424777960761551, 3.0709848768770978, 3.1220939583754737, 3.312759834140399, 3.89130902082647]"
376,LiH,-8.87353386280192,2,0.5365324827358348,2000,"[5.492207120039628, 4.439635413134571, 2.543515409088352, 2.7884144134397184, 3.289372171439557, 3.177512166875031]"
377,LiH,-8.87354041676767,2,0.5416595037064306,2000,"[5.4904559536998585, 4.44826457555904, 2.5478242129361175, 2.7897381658586617, 3.2753914014584464, 3.1822460245546704]"
378,LiH,-8.872186931464805,2,0.5467865246770264,2000,"[-0.05333406770094211, 6.472113011562639, 2.925873297461224, 1.2518855814307268, 0.8320272263032114, 3.9821737419232104]"
379,LiH,-8.872186931286302,2,0.5519135456476222,2000,"[-0.05328166399031113, 6.472581711264031, 2.925169785934247, 1.252742464341205, 0.8309332284886171, 3.9833271066504734]"
380,LiH,-8.872151124913433,2,0.5570405666182181,2000,"[-0.0571504145010088, 6.470108102865812, 2.982142767204224, 1.1901359923722759, 0.9169151381902412, 3.8924544641908154]"
381,LiH,-8.873895853468158,2,0.561781322516371,2000,"[5.48695386968023, 4.384803970378367, 2.5383312214253584, 2.7798302625066853, 3.276136236622575, 3.1701361028671835]"
382,LiH,-8.873315329928745,2,0.566522078414524,2000,"[4.220996297135315, 4.654778312622276, 2.45686255398527, 2.383080823589123, 3.1551822211662417, 2.485802186695432]"
383,LiH,-8.873399096787095,2,0.5712581662258142,2000,"[4.192612360090983, 4.729822430278336, 2.4051825979492802, 2.437440193310501, 3.1208239675264924, 2.558297450141775]"
384,LiH,-8.873390006511784,2,0.5759942540371045,2000,"[4.19379942697228, 4.735615325580674, 2.3973752723100477, 2.4339685397349746, 3.1092770230147884, 2.560026498026058]"
385,LiH,-8.873382675447962,2,0.5803609983827968,2000,"[4.196641021167272, 4.736698338163816, 2.407339164426193, 2.4280369446669017, 3.1200031914973225, 2.551076883746444]"
386,LiH,-8.873360877241495,2,0.5847277427284889,2000,"[4.195490037559103, 4.797421011893189, 2.4491070927765417, 2.3824149328146644, 3.1149250591920365, 2.520112071249758]"
387,LiH,-8.873410024134547,2,0.5890392002219823,2000,"[4.177201595134967, 4.823252122913976, 2.4073147551087795, 2.4265018082042773, 3.1265588784185314, 2.5500987669176736]"
388,LiH,-8.873394754456482,2,0.5933506577154756,2000,"[4.198269186576853, 4.760901391874537, 2.47939268653546, 2.3548774296925483, 3.1569078102904564, 2.476040609525591]"
389,LiH,-8.873399801611775,2,0.597662115208969,2000,"[4.188655194570611, 4.796889268387188, 2.416198819009577, 2.4009495143215633, 3.1114148009002918, 2.5497040816417567]"
390,LiH,-8.873451914885235,2,0.6019735727024622,2000,"[4.2044578328726026, 4.742607640340029, 2.5316877339250246, 2.3442984405908613, 3.19859109050105, 2.4674580389250567]"
391,LiH,-8.87338851250284,2,0.606254306311605,2000,"[4.151913174143893, 4.809084828101145, 2.421975317736096, 2.4017396092504706, 3.1279126171151783, 2.5125488011636685]"
392,LiH,-8.873436665169681,2,0.6105350399207478,2000,"[4.193631946928017, 4.800896678606263, 2.375918292583373, 2.4625598178317736, 3.098044157078437, 2.6025573115284137]"
393,LiH,-8.873377332760873,2,0.6148157735298906,2000,"[4.190544862054275, 4.7714638575917565, 2.4848207666642095, 2.345450266554814, 3.1554219781221446, 2.4651083636500695]"
394,LiH,-8.87344346359711,2,0.6190965071390334,2000,"[4.214056163732228, 4.7284962715421806, 2.531043090022873, 2.3457502708249454, 3.2050889899668045, 2.4578641374594827]"
395,LiH,-8.87344659260023,2,0.6233772407481761,2000,"[4.193775116530819, 4.799498353625987, 2.3806342306681394, 2.4642468816895153, 3.1033883573149263, 2.602781271608514]"
396,LiH,-8.873388743447691,2,0.627657974357319,2000,"[4.194357626921887, 4.780169522279654, 2.444553340860688, 2.396351854783414, 3.147157565969512, 2.502022385117928]"
397,LiH,-8.8733802943173,2,0.6319387079664617,2000,"[4.206708190062244, 4.748188749415302, 2.5293239363504476, 2.3356831398155635, 3.1998060950520166, 2.445423400440239]"
398,LiH,-8.87344129493026,2,0.6362194415756045,2000,"[4.2016053030225295, 4.85175071908172, 2.4443360590455923, 2.3948812849783865, 3.1662283751216567, 2.5017684986112987]"
399,LiH,-8.87337370265301,2,0.6404342862113682,2000,"[4.18891846663292, 4.77046932338485, 2.4786749472107905, 2.347325825571035, 3.1562866426094023, 2.468926889807079]"
400,LiH,-8.873399171343628,2,0.6446491308471319,2000,"[4.189003886011305, 4.803801075061937, 2.4339657923992437, 2.401948308701181, 3.1316090769838065, 2.5133868632931424]"
401,LiH,-8.873407885494672,2,0.6488639754828955,2000,"[4.178977156343394, 4.813876262578905, 2.427218961621313, 2.4062757723595096, 3.136650714669675, 2.514879532677213]"
402,LiH,-8.873347639141777,2,0.6530788201186593,2000,"[4.18964662939358, 4.800303106199865, 2.4411399605226336, 2.3845572600969644, 3.135782622129964, 2.4894722276777723]"
403,LiH,-8.873415349999028,2,0.657293664754423,2000,"[4.193232533416153, 4.794674142417508, 2.466642314330204, 2.390383023094418, 3.170536102986105, 2.492147578610517]"
404,LiH,-8.87332795249777,2,0.6615085093901867,2000,"[4.223797172365664, 4.654971982251919, 2.507258380355123, 2.3492538618406265, 3.18054377488501, 2.454001770716954]"
405,LiH,-8.873294786350563,2,0.6657233540259503,2000,"[4.2155855479383355, 4.661888565271856, 2.4991742015656926, 2.3349942877031786, 3.1643623424176113, 2.4550635187412686]"
406,LiH,-8.873405847009675,2,0.669938198661714,2000,"[4.192526992340596, 4.818778584246651, 2.4536440000377304, 2.376619590316442, 3.156019984136006, 2.4841410374724715]"
407,LiH,-8.873401196687352,2,0.6737979895480551,2000,"[4.193558647126739, 4.828231080303201, 2.456568644175402, 2.3734626076066614, 3.1579064777637127, 2.4771137924993925]"
408,LiH,-8.873405236400018,2,0.6776577804343963,2000,"[4.192264049284778, 4.826176690509655, 2.4645731463759883, 2.3721141596146302, 3.159809992642059, 2.473962084570543]"
409,LiH,-8.873405236400032,2,0.6813468325729906,2000,"[4.192264049284778, 4.826176690509655, 2.4645731463759883, 2.3721141596146302, 3.159809992642059, 2.473962084570543]"
410,LiH,-8.873393008248227,2,0.6850358847115848,2000,"[4.169065044439806, 4.852961681422784, 2.44202112777518, 2.3934374101121003, 3.143181473102103, 2.4959534061262962]"
411,LiH,-8.873402993077205,2,0.688708302809662,2000,"[4.181740143926355, 4.832745502107535, 2.456094841928796, 2.3794831974746975, 3.1594447836675466, 2.4815297290563123]"
412,LiH,-8.873367384619337,2,0.6923807209077393,2000,"[4.168683979611631, 4.813233767705934, 2.470705278514057, 2.3457004840401536, 3.1515147368755354, 2.454470781991948]"
413,LiH,-8.87339308298632,2,0.6958989654782592,2000,"[4.203757150792195, 4.810335109029726, 2.4736561288689236, 2.359246944190291, 3.170730874027308, 2.466137530362074]"
414,LiH,-8.873311076634147,2,0.6994172100487792,2000,"[4.207230515624565, 4.685851702897275, 2.503579108935991, 2.3405320911386793, 3.1840101271274923, 2.446438670815361]"
415,LiH,-8.873374652301818,2,0.7029354546192992,2000,"[4.1784982308068095, 4.8155457459664985, 2.4301067765962205, 2.3857496351463365, 3.1360097432589678, 2.496542268642065]"
416,LiH,-8.873394064798417,2,0.7064536991898192,2000,"[4.209321142059668, 4.806362752503825, 2.4759440226884624, 2.357012569714714, 3.171971210369524, 2.463355934125505]"
417,LiH,-8.87332911903574,2,0.7099381486292258,2000,"[4.220432853871997, 4.730319226525209, 2.4526875967426154, 2.3643163847634012, 3.1445492906766166, 2.477749468354798]"
418,LiH,-8.873338092567188,2,0.7134225980686324,2000,"[4.210765670488003, 4.717404499941054, 2.4443187379122544, 2.3819362861855193, 3.135164069238974, 2.4951062393917027]"
419,LiH,-8.873329412356448,2,0.716907047508039,2000,"[4.209733830183348, 4.737073441838733, 2.439809133247234, 2.368625891357757, 3.127316279209543, 2.488438637202308]"
420,LiH,-8.87325594479649,2,0.7203914969474456,2000,"[4.180627000253196, 4.758253272957354, 2.5821526165029787, 2.4329217409985695, 3.1295660864764576, 2.4219624898158365]"
421,LiH,-8.873483535536824,2,0.7238717043580175,2000,"[4.070025459231447, 4.971425458622093, 2.6066460709424737, 2.651210271476134, 3.112448817129641, 2.4793192316236468]"
422,LiH,-8.873576627304965,2,0.7273519117685893,2000,"[4.05916055303887, 5.045768177939452, 2.6277873162976837, 2.641047408974609, 3.135544626826192, 2.4631747173097716]"
423,LiH,-8.873488367938512,2,0.7307721981265126,2000,"[4.0506881028471975, 5.058767606611809, 2.622142120259289, 2.620102589578528, 3.1208932717727897, 2.447074718147275]"
424,LiH,-8.873490780589597,2,0.734192484484436,2000,"[4.05166048008537, 5.057937551939817, 2.623682974394317, 2.6193829978230077, 3.120728879702382, 2.4453820463794367]"
425,LiH,-8.873495474869411,2,0.7375233190726412,2000,"[4.0530797179663045, 5.061225847239226, 2.622369097863524, 2.6223214394181453, 3.12643557846356, 2.4485905678245343]"
426,LiH,-8.87358997749301,2,0.7408541536608466,2000,"[4.047717776596441, 5.063129352332287, 2.6168196337841807, 2.6585474533755336, 3.133368993050381, 2.480496025334313]"
427,LiH,-8.873558001408181,2,0.7441849882490519,2000,"[4.048896232319364, 5.077224859396654, 2.6123599389047865, 2.6572113003506486, 3.1219966454131507, 2.486202191687754]"
428,LiH,-8.873611683832769,2,0.7475158228372573,2000,"[4.047415777796412, 5.027617932181939, 2.64369700805029, 2.6544970676271715, 3.1581507760555145, 2.469567074867519]"
429,LiH,-8.873609963140929,2,0.750518454113008,2000,"[4.054505630724536, 5.049373141912103, 2.6404007283355933, 2.6463412685311245, 3.1466140779333918, 2.4687794786090356]"
430,LiH,-8.873574826747497,2,0.7535210853887586,2000,"[4.0440244493220465, 4.991346696755301, 2.6048970726023097, 2.67288112974854, 3.11924355360009, 2.4994683316857813]"
431,LiH,-8.873580289709272,2,0.7565237166645093,2000,"[4.072923149189409, 4.959760047391796, 2.647521068293254, 2.6497202188247857, 3.153333632955205, 2.4743261435886073]"
432,LiH,-8.873542927940843,2,0.7595263479402601,2000,"[4.078722140323528, 4.833044999962599, 2.7168506983271685, 2.5803399986450852, 3.187754835596194, 2.4198194659408148]"
433,LiH,-8.87371162185058,2,0.7625289792160108,2000,"[4.049627233772205, 4.992262996949073, 2.6338013351887852, 2.718870287102151, 3.165437313149783, 2.528986055020697]"
434,LiH,-8.873662178759353,2,0.7655316104917615,2000,"[4.062945238973077, 4.902309180724579, 2.7418720858506536, 2.599528259949886, 3.2189337161698806, 2.42241272109516]"
435,LiH,-8.873576338137562,2,0.7685342417675123,2000,"[4.070060355593306, 4.971639052306575, 2.631258158160207, 2.6649808998398017, 3.139911989643406, 2.492154403710934]"
436,LiH,-8.8736061147336,2,0.7715368730432629,2000,"[4.012526173079044, 5.09888272705394, 2.6366298625037095, 2.5945093385209055, 3.1145525900885396, 2.430732014627316]"
437,LiH,-8.873579375364718,2,0.7745000001526786,2000,"[4.064135455449145, 4.978894269964616, 2.621754501334289, 2.6656000368123953, 3.130717189738456, 2.4956403955070066]"
438,LiH,-8.873587245692523,2,0.7774631272620943,2000,"[4.048108965803079, 4.98208061870402, 2.590892341238546, 2.6896149793533146, 3.114116487994936, 2.515882962682059]"
439,LiH,-8.873537920553426,2,0.78042625437151,2000,"[4.07850329893651, 4.9405139158873235, 2.6410990062209665, 2.6530261370348245, 3.1436959187829947, 2.478943852446635]"
440,LiH,-8.87355133022649,2,0.7833893814809257,2000,"[4.052216661525221, 4.976553464533724, 2.6094017854200473, 2.6912693954628413, 3.1260616660353007, 2.5077867232131625]"
441,LiH,-8.873592626321862,2,0.7863164811674778,2000,"[4.019393353866047, 5.013639684758791, 2.543936031732782, 2.734843496786856, 3.091097566698227, 2.559826305208615]"
442,LiH,-8.873626489161135,2,0.7892435808540298,2000,"[4.033911080514859, 4.993049054029191, 2.592525215660077, 2.7222966283201924, 3.1322041309978945, 2.5413269884852077]"
443,LiH,-8.87364954786251,2,0.7921667861595265,2000,"[4.0366021174048505, 4.992348054584237, 2.5922595674418796, 2.72775238102742, 3.1361791494360576, 2.5484168150880846]"
444,LiH,-8.87382599071352,2,0.7950899914650232,2000,"[4.026159281150297, 5.02463157924886, 2.5563615850658157, 2.7464286162099913, 3.1127184485197663, 2.5756740208588864]"
445,LiH,-8.873827026401893,2,0.7979381504987643,2000,"[4.029700556152678, 5.02012012281134, 2.5617152927140108, 2.744086912429725, 3.1146223810748674, 2.578010122608733]"
446,LiH,-8.873803072712919,2,0.8007863095325053,2000,"[3.987323651860116, 5.09598694030775, 2.607975430475865, 2.8496257202760162, 3.085515166309623, 2.5674318928955664]"
447,LiH,-8.873961793790343,2,0.8035316370793464,2000,"[3.9442077428768725, 5.160543112113637, 2.6850660479605732, 2.960636958122877, 3.1042428320068858, 2.556351730316974]"
448,LiH,-8.874011065739639,2,0.8062769646261875,2000,"[3.9341775015897307, 5.100601994854231, 2.832832116193327, 2.878646161184524, 3.2078718618147266, 2.454049032539805]"
449,LiH,-8.874062663210239,2,0.8089691405849803,2000,"[3.9582826065105214, 5.123555022800547, 2.770240673150824, 2.9612787248079675, 3.184330904477128, 2.535180320155843]"
450,LiH,-8.87418028744617,2,0.811661316543773,2000,"[3.9835355504991234, 5.092421625599381, 2.791523107213351, 2.96240699954073, 3.2065826137704727, 2.5298991015290406]"
451,LiH,-8.874046938299433,2,0.8142541407137449,2000,"[3.9616563745430007, 5.132065734943241, 2.782127799602243, 2.959699785479936, 3.1847110653456427, 2.5310802676078703]"
452,LiH,-8.873860898301295,2,0.8168469648837167,2000,"[3.9736910272524675, 5.13099220241922, 2.7594057508631535, 2.9119607709047504, 3.1397287503463183, 2.494436407983782]"
453,LiH,-8.873861853241966,2,0.8194397890536885,2000,"[3.9736572539065405, 5.131910852213034, 2.761698426581609, 2.9134668258431624, 3.142452196281737, 2.49542955070863]"
454,LiH,-8.874304734510453,2,0.8220326132236604,2000,"[3.859388785786005, 5.15379794771442, 2.8721641541973395, 2.920810048924058, 3.2672415691362104, 2.480827930545945]"
455,LiH,-8.874570905714501,2,0.8245569081087996,2000,"[3.776999747174509, 5.315248859352825, 2.7452072059593102, 3.031743656767393, 3.2217656698722212, 2.5931587800561724]"
456,LiH,-8.87460200757899,2,0.8270812029939388,2000,"[3.8164294421464175, 5.242159531165006, 2.805954857591354, 3.030711149712727, 3.272273822438321, 2.5787234126191683]"
457,LiH,-8.874476089568525,2,0.8295829022794554,2000,"[3.7928553418665967, 5.292517984653504, 2.7496884638874786, 3.008453124912127, 3.2023967637750883, 2.5763826313282996]"
458,LiH,-8.87463485621038,2,0.8320846015649721,2000,"[3.7401754467173127, 5.224723784176126, 2.9222880736381187, 2.9353799405568015, 3.364173495344203, 2.456362231318817]"
459,LiH,-8.8745986396627,2,0.8345638900243874,2000,"[3.692338453131905, 5.296419085079913, 2.777075808647005, 2.978196256378091, 3.224811578046263, 2.5483435174460727]"
460,LiH,-8.874645221197296,2,0.8370431784838025,2000,"[3.5780689208261, 5.314063454926917, 2.9344118782718, 2.8740958649734054, 3.3908300843428822, 2.3687548052995444]"
461,LiH,-8.874697660089101,2,0.8395006448978611,2000,"[3.585225248851522, 5.232648840325803, 3.018734456520916, 2.823623386340345, 3.446097719302252, 2.320439970171603]"
462,LiH,-8.8744523284266,2,0.8419581113119199,2000,"[3.636933156229103, 5.123583960885432, 2.9296903754577066, 2.838121720713785, 3.346953740363505, 2.3724927974107644]"
463,LiH,-8.874541367209034,2,0.844413398225595,2000,"[3.557311943111291, 5.33823946282967, 2.8966781511139432, 2.892777859147978, 3.332637064911344, 2.4172022056245455]"
464,LiH,-8.874692766102925,2,0.8468686851392702,2000,"[3.5964106378362337, 5.176678283300326, 2.8844080104242793, 2.9434626128668446, 3.3448144109565257, 2.454337073923481]"
465,LiH,-8.874530472502194,2,0.8493239720529452,2000,"[3.549427395315099, 5.313852227068784, 2.939730972793145, 2.8426678467240327, 3.367672501136348, 2.3472820183917897]"
466,LiH,-8.874821022186438,2,0.8517792589666203,2000,"[3.7210822941201465, 5.172913044085551, 2.8375992678618243, 3.045527500264219, 3.2758098267956934, 2.5948896357089657]"
467,LiH,-8.874575750808786,2,0.8541976593670637,2000,"[3.7975702370221422, 5.27035635859077, 2.815649896980472, 2.994240870797113, 3.2651852695034114, 2.5641255735216237]"
468,LiH,-8.87482912786832,2,0.856616059767507,2000,"[3.747648489148456, 5.139733643928446, 2.902863019889668, 3.0257369015075177, 3.3645572976743376, 2.550549222957489]"
469,LiH,-8.874509432802501,2,0.8588937291397435,2000,"[3.5953788401929936, 5.268883269223305, 2.945725378668583, 2.8041403674358523, 3.332444296236117, 2.3611983953921127]"
470,LiH,-8.874491103925962,2,0.86117139851198,2000,"[3.6155632450479303, 5.292249831236117, 2.8955647847578936, 2.836419881046292, 3.307900313416161, 2.3936226822962543]"
471,LiH,-8.874552226904195,2,0.8634144746318906,2000,"[3.5919829068322118, 5.279896001859916, 2.9576892416713374, 2.832044550852439, 3.3762760276035975, 2.3584641035811296]"
472,LiH,-8.874508465399254,2,0.8656575507518011,2000,"[3.738073230386048, 5.274419406846604, 2.7720670538233376, 2.9333556615333736, 3.2004356504928566, 2.5334780845460276]"
473,LiH,-8.8745772642357,2,0.8679006268717115,2000,"[3.8104540355923158, 5.2592953256209, 2.8427138920767847, 2.98578583674184, 3.2857850442904786, 2.550151192593224]"
474,LiH,-8.874618512244037,2,0.870143702991622,2000,"[3.587321571284857, 5.391340837228814, 2.9661990042899564, 2.825398593143796, 3.3710913885874607, 2.355484394761876]"
475,LiH,-8.874509799358888,2,0.8723867791115325,2000,"[3.775702139356961, 5.208017254204934, 2.8899156063669906, 2.8789948935573557, 3.2963549955490725, 2.464109858304266]"
476,LiH,-8.874504065856225,2,0.874629855231443,2000,"[3.821148307390451, 5.156609687130615, 2.813502608604158, 3.0035535760598675, 3.2692624178566527, 2.5674614544102115]"
477,LiH,-8.874576183493486,2,0.8768729313513534,2000,"[3.807928392824778, 5.260446914266404, 2.830755133639009, 3.0011278150428744, 3.288990555140899, 2.5556413546928303]"
478,LiH,-8.874524874771533,2,0.879116007471264,2000,"[3.7402996114564457, 5.2903629970769614, 2.8193938695361673, 2.9777281650813383, 3.2747227255387723, 2.532954160941225]"
479,LiH,-8.87455737082057,2,0.881263055525218,2000,"[3.747364889713264, 5.281894088431322, 2.825945805030395, 2.9820533260644835, 3.2801739527325355, 2.534858146844036]"
480,LiH,-8.874479632377012,2,0.8834101035791722,2000,"[3.7272276592643685, 5.292716961089663, 2.7632769096359837, 2.9764137825934407, 3.2373749409952914, 2.5220612341040365]"
481,LiH,-8.874497680239891,2,0.8855571516331263,2000,"[3.701995705123226, 5.300567641200532, 2.778685301652252, 2.9684214769202084, 3.2513511775494495, 2.5044055265863303]"
482,LiH,-8.874568791025572,2,0.8877041996870805,2000,"[3.614327541664101, 5.3096824341580975, 2.785373093287454, 2.930403022776197, 3.2586207114575347, 2.4406899450738346]"
483,LiH,-8.874540681020898,2,0.8897527796264404,2000,"[3.705231119626408, 5.291084101103138, 2.791741020401399, 2.977255002469885, 3.2673463268388776, 2.508646189874949]"
484,LiH,-8.874594304043548,2,0.8918013595658003,2000,"[3.7030204092453065, 5.281226305011481, 2.7836744240440865, 2.998484787829333, 3.279584046762536, 2.514819272018242]"
485,LiH,-8.874535750630793,2,0.8938499395051603,2000,"[3.705989321230675, 5.293754055960888, 2.805743758561051, 2.972388761228824, 3.2825252536218055, 2.5009678967760554]"
486,LiH,-8.874539979042824,2,0.8958985194445203,2000,"[3.706879496779057, 5.2835012771803855, 2.810931936235182, 2.959886672720761, 3.2689389884879976, 2.5089947274487514]"
487,LiH,-8.874551078060684,2,0.8978413541303206,2000,"[3.7015163864041365, 5.293621110499082, 2.801258983415904, 2.9638737308636807, 3.2709883377877014, 2.5183940671981877]"
488,LiH,-8.874567870183938,2,0.8997841888161211,2000,"[3.6337632413584493, 5.2755375569614475, 2.886022971404076, 2.8995832368164445, 3.342747921097813, 2.4206113007433583]"
489,LiH,-8.874522155862993,2,0.9017270235019215,2000,"[3.6785998562961257, 5.323027587614351, 2.74069453207251, 2.990653883525213, 3.2199163456148003, 2.532260194252335]"
490,LiH,-8.874409970506656,2,0.9036698581877219,2000,"[3.5857732483550118, 5.365028123317963, 2.7015816668485275, 2.995619729259469, 3.221080743180995, 2.4961436373412003]"
491,LiH,-8.87445436812968,2,0.9055294261847854,2000,"[3.3465989255725384, 5.432207767628794, 2.827401930631202, 2.867239492710456, 3.3186582324955554, 2.332463330585129]"
492,LiH,-8.874379250215657,2,0.9073889941818488,2000,"[3.6083772906353566, 5.308822146919727, 2.7244412967033655, 2.9535404305896407, 3.186852603057922, 2.5101073849807127]"
493,LiH,-8.874276426450773,2,0.909027329132647,2000,"[3.5178303261426147, 5.33846457352113, 2.7625137879408923, 2.880550164183978, 3.2110802813305903, 2.4245981300074546]"
494,LiH,-8.874236649223482,2,0.9106656640834454,2000,"[3.636675415790291, 5.249733152360526, 2.680414669483877, 2.9163594788269362, 3.1430419390741537, 2.4931126110473296]"
495,LiH,-8.874221185641971,2,0.9123039990342436,2000,"[3.6290624776442133, 5.29004310496785, 2.699230978090863, 2.93910273445422, 3.16386779504177, 2.4960053762821683]"
496,LiH,-8.874259466474705,2,0.9139423339850419,2000,"[3.635583219833147, 5.276026657027393, 2.674561338084333, 2.9576603720964165, 3.135411643066566, 2.525174829260399]"
497,LiH,-8.874161920548946,2,0.9155806689358402,2000,"[3.6649835495510636, 5.222274228353909, 2.7002243443405325, 2.9226656675953855, 3.161666535555268, 2.4937675648983686]"
498,LiH,-8.874202804447545,2,0.9172190038866385,2000,"[3.685375862795896, 5.20502257656363, 2.6869853650814868, 2.942747326836786, 3.1495883667419173, 2.5212040430573213]"
499,LiH,-8.874099827002564,2,0.9188573388374368,2000,"[3.6672251619350957, 5.227174549771382, 2.675621957814901, 2.9294252894633392, 3.135751067408277, 2.4991300920631128]"
500,LiH,-8.874089637065167,2,0.920495673788235,2000,"[3.6805790150063564, 5.121911111068174, 2.675914107173947, 2.9276772847161143, 3.1144070850356984, 2.5257192859403257]"
501,LiH,-8.874055473483118,2,0.9221208191699921,2000,"[3.654489267230403, 5.248331281236391, 2.6796776644368587, 2.9244883022984776, 3.1327105182826758, 2.493205641004763]"
502,LiH,-8.874054685718834,2,0.9237459645517492,2000,"[3.6655092760253596, 5.212697269216443, 2.6410996186297693, 2.8776461900686803, 3.08280237009193, 2.491085313105195]"
503,LiH,-8.874091870462772,2,0.925235545135621,2000,"[3.638592123776954, 5.261324248427831, 2.6698517005017157, 2.910578907329076, 3.1429476059643413, 2.4926780846537877]"
504,LiH,-8.874079399465352,2,0.9267251257194928,2000,"[3.639899750730639, 5.2622546588985495, 2.690421006765835, 2.901319753324528, 3.1503319641245606, 2.495219073322579]"
505,LiH,-8.874201108032528,2,0.9281872029553593,2000,"[3.6459039250900798, 5.248546529041101, 2.709822585584748, 2.920349253132195, 3.1750015967656733, 2.506974962543253]"
506,LiH,-8.874220904019728,2,0.9296492801912256,2000,"[3.6477592097071323, 5.2435559687119095, 2.7095919281737793, 2.92366788016684, 3.1787286899666656, 2.5063422034394147]"
507,LiH,-8.874212717144898,2,0.9311113574270921,2000,"[3.64437504707238, 5.2579466836796005, 2.703458520424512, 2.9282247771433116, 3.173319845977094, 2.5112031464540667]"
508,LiH,-8.874174123715335,2,0.9325734346629584,2000,"[3.6484382912671167, 5.220885264615499, 2.6910092584787497, 2.914392932310806, 3.166380502703894, 2.499054174214294]"
509,LiH,-8.874231466261463,2,0.9339399407274468,2000,"[3.65641318245563, 5.236312300016755, 2.6920529614610675, 2.928816652662549, 3.175397932982426, 2.516229145804278]"
510,LiH,-8.874165851918443,2,0.9353064467919351,2000,"[3.4902116034183974, 5.101172142293478, 2.766206601751552, 2.791914967383096, 3.1987719141700737, 2.3828046738206208]"
511,LiH,-8.874315529684068,2,0.9366424107454372,2000,"[3.6627544857814254, 5.242699436450152, 2.696983871453032, 2.9414356712198737, 3.1784606382954514, 2.5297760734016546]"
512,LiH,-8.874181423280742,2,0.9379783746989392,2000,"[3.6217222524582082, 5.0408297706752485, 2.7192492204537735, 2.888390176049157, 3.184671658210846, 2.466214625186936]"
513,LiH,-8.874237140640593,2,0.9393143386524412,2000,"[3.655898242991999, 5.247071388819949, 2.6588037919972374, 2.936708802698315, 3.155438509272485, 2.524676722151577]"
514,LiH,-8.874021561571022,2,0.9406503026059433,2000,"[3.6135719141666716, 5.132903498890664, 2.7019712697334564, 2.839811921403867, 3.153468310208975, 2.424269398483655]"
515,LiH,-8.874200036210656,2,0.9419862665594453,2000,"[3.622279813575924, 5.033278308750106, 2.718649781177793, 2.890002310936484, 3.183184300808012, 2.4693391219446057]"
516,LiH,-8.87414813976193,2,0.9433222305129473,2000,"[3.5612971144903773, 5.2609798726334365, 2.729650963817475, 2.842798453866248, 3.166234368606049, 2.4500433896436187]"
517,LiH,-8.874348296099246,2,0.9446581944664494,2000,"[3.4563906423904354, 5.31005283157376, 2.687820059071642, 2.8900815583439727, 3.2019477085472428, 2.4160589424924606]"
518,LiH,-8.87436237582599,2,0.9459941584199514,2000,"[3.6769836767367527, 5.166952982323851, 2.673251896896287, 2.9670828354880134, 3.1838439603035953, 2.5333141808215895]"
519,LiH,-8.874258927412267,2,0.9473096434242737,2000,"[3.439557420057189, 5.2716890737668844, 2.7868169174524215, 2.8137053948317385, 3.2634996605060316, 2.3447670744335856]"
520,LiH,-8.87434677047543,2,0.948625128428596,2000,"[3.436157326434034, 5.326021119781532, 2.6608636998462076, 2.9200363682514006, 3.1901553017816227, 2.440551098801084]"
521,LiH,-8.874401247958268,2,0.949876845954944,2000,"[3.4367237757842823, 5.36191616228939, 2.6602816767445256, 2.934052278284631, 3.1941461315302053, 2.4539605920003704]"
522,LiH,-8.874362151174982,2,0.951128563481292,2000,"[3.449860181036649, 5.288970120218354, 2.8124078729490147, 2.8314380593682302, 3.28387606266839, 2.3595998395761364]"
523,LiH,-8.874336336332837,2,0.95238028100764,2000,"[3.463265424422402, 5.259330186717713, 2.7897532432452987, 2.8415936536060076, 3.2883754496286426, 2.3574786836303985]"
524,LiH,-8.87422649203521,2,0.9536319985339881,2000,"[3.5697893316486047, 5.264530362167171, 2.6607125279593458, 2.9113177150705023, 3.1713229995759646, 2.4550103819214737]"
525,LiH,-8.87430684844808,2,0.9548044888951022,2000,"[3.4573901857294844, 5.287304457271877, 2.7591236279615554, 2.8600428787742596, 3.2653697741561007, 2.3712182371301465]"
526,LiH,-8.874170691749756,2,0.9559769792562164,2000,"[3.440426544356316, 5.316961298476667, 2.740373507556975, 2.8291703664484746, 3.246867476039956, 2.3379892664809456]"
527,LiH,-8.87414453179104,2,0.9570647377245113,2000,"[3.3986490445994013, 5.417585805022128, 2.6102830724784267, 2.906837079296046, 3.1211359094407367, 2.4414559211773135]"
528,LiH,-8.87426210595762,2,0.9581524961928061,2000,"[3.4121930261986324, 5.3983957539778435, 2.6471710725126334, 2.890760639951444, 3.1721089784771777, 2.4172344241748123]"
529,LiH,-8.874144335042937,2,0.9592402546611009,2000,"[3.4457364647610724, 5.329667398177767, 2.734913250444783, 2.8177915100963857, 3.2341741395025725, 2.339925939696645]"
530,LiH,-8.874167446216969,2,0.9603280131293958,2000,"[3.4461625616808735, 5.319134556722184, 2.7634171047450184, 2.8156839140242758, 3.2533883780694883, 2.34102681337588]"
531,LiH,-8.87413463346882,2,0.9613627274306631,2000,"[3.4351983230875747, 5.321565568121104, 2.729514904913662, 2.8197754849618812, 3.22806842944927, 2.3430823432091]"
532,LiH,-8.874155375797296,2,0.9623974417319305,2000,"[3.401637420197887, 5.391491787992665, 2.659310180070445, 2.873615522796773, 3.1555378308711624, 2.41165737269025]"
533,LiH,-8.874164249689954,2,0.9634321560331979,2000,"[3.415232624036645, 5.318162330917073, 2.7412179624364, 2.824359487507719, 3.2452778066196037, 2.3342599549676835]"
534,LiH,-8.874290416671375,2,0.9644668703344652,2000,"[3.413706910774498, 5.435180584071641, 2.752759024639822, 2.841234864693381, 3.2433746713317477, 2.3644940650602924]"
535,LiH,-8.874166257881381,2,0.9654290547023795,2000,"[3.4178593872369345, 5.359979902059104, 2.6487955679856086, 2.8991526085789157, 3.1668914283003415, 2.432795286004746]"
536,LiH,-8.87434713368292,2,0.9663912390702937,2000,"[3.4368677838288053, 5.3088510202993895, 2.794927710936231, 2.8573531681678186, 3.3003692549764736, 2.3592705555646862]"
537,LiH,-8.874247958997216,2,0.9673534234382078,2000,"[3.3993827754462105, 5.398123154594874, 2.605640186025309, 2.9425297260639773, 3.1362793323499356, 2.4689134755852353]"
538,LiH,-8.87424685778175,2,0.968315607806122,2000,"[3.4225317635520347, 5.338938014347669, 2.6659516775458827, 2.885884826256316, 3.1839051550470896, 2.4106353764747146]"
539,LiH,-8.87425209874265,2,0.9692700970252954,2000,"[3.4257371689543374, 5.29835378974265, 2.7583885332252684, 2.848266186505584, 3.2651016302114524, 2.352893651049471]"
540,LiH,-8.874259920712156,2,0.9702245862444687,2000,"[3.4316081442965545, 5.293648730390938, 2.761332764774927, 2.8468829763658254, 3.2673311127211, 2.3520407525852534]"
541,LiH,-8.874278594827418,2,0.9711790754636421,2000,"[3.4231091864681127, 5.326568384635603, 2.6929374908648476, 2.915132044410294, 3.222414541645777, 2.40935559834638]"
542,LiH,-8.874392016597024,2,0.9721335646828154,2000,"[3.435288743904283, 5.283851717484511, 2.8159046733763318, 2.852473967511343, 3.3136288892262606, 2.3599147593950676]"
543,LiH,-8.87426141724181,2,0.9730745625813236,2000,"[3.4339022504577947, 5.289756993219404, 2.766119207414529, 2.845233696155783, 3.271141406735293, 2.3491651975959584]"
544,LiH,-8.874281139309723,2,0.9740155604798317,2000,"[3.4362947835696174, 5.292344981840842, 2.7947987325720605, 2.83315821515347, 3.288731004535527, 2.347484147018433]"
545,LiH,-8.874264318729683,2,0.9749565583783399,2000,"[3.3855427430515763, 5.366690798163534, 2.6367695261786315, 2.923934418549589, 3.179630998987063, 2.42294076028866]"
546,LiH,-8.874275937439554,2,0.975897556276848,2000,"[3.4188563017986104, 5.303190895307521, 2.7827769208703574, 2.8509670163585854, 3.301038561874739, 2.3312446641603355]"
547,LiH,-8.874268327876768,2,0.97681625459647,2000,"[3.3938115714570425, 5.360155943171444, 2.668967804320676, 2.9192198836247307, 3.2093830145895885, 2.4120986904120016]"
548,LiH,-8.87418045953326,2,0.9777349529160919,2000,"[3.4244022740652267, 5.312170667167615, 2.773842159517912, 2.809328960359424, 3.2685833227945382, 2.323769693752599]"
549,LiH,-8.874279392294113,2,0.978541410505275,2000,"[3.4009062433546076, 5.353196452599741, 2.6839081454877745, 2.9092921113091297, 3.217331139554835, 2.41810619940997]"
550,LiH,-8.874260345478474,2,0.9793478680944581,2000,"[3.444536280105609, 5.298066285331858, 2.7848999167186275, 2.810302085766758, 3.2297316107717973, 2.378826930600551]"
551,LiH,-8.874380070067843,2,0.9801543256836411,2000,"[3.4356270235204667, 5.3042452675189615, 2.7690674446908785, 2.8757750063639964, 3.246032612998113, 2.4112345511801867]"
552,LiH,-8.8744007958224,2,0.9809607832728242,2000,"[3.4308817252172785, 5.308493616230951, 2.7721221050532123, 2.8982415658164604, 3.252681437659419, 2.430249188005109]"
553,LiH,-8.8744007958224,2,0.9817232723114468,2000,"[3.4308817252172785, 5.308493616230951, 2.7721221050532123, 2.8982415658164604, 3.252681437659419, 2.430249188005109]"
554,LiH,-8.874403777661366,2,0.9824857613500695,2000,"[3.4377880488924446, 5.27188189455933, 2.817653215449096, 2.847912333432883, 3.291590303881785, 2.370035186331844]"
555,LiH,-8.874371218717256,2,0.9832482503886921,2000,"[3.4102860252817724, 5.321799240712501, 2.821567387942686, 2.8377648447295245, 3.3145623381800795, 2.3457877116403605]"
556,LiH,-8.87432545901811,2,0.9840107394273148,2000,"[3.3794886115264555, 5.389802267801665, 2.657868379481569, 2.9488786953323487, 3.1795102635568466, 2.4659182180579915]"
557,LiH,-8.874411149404622,2,0.9847456192910454,2000,"[3.414504650898893, 5.320113011355445, 2.814579390008799, 2.8484719386254573, 3.314577397309116, 2.355623405532833]"
558,LiH,-8.874444731180626,2,0.9854804991547761,2000,"[3.4159566889457125, 5.318567578690876, 2.8061662354856, 2.8760889273917822, 3.312536201929025, 2.3794326937173453]"
559,LiH,-8.874240910746863,2,0.9862153790185068,2000,"[3.4234716887837067, 5.332102699141567, 2.7365795160554747, 2.8416057315604544, 3.2250476595614557, 2.377324389140279]"
560,LiH,-8.87430014967237,2,0.9869502588822374,2000,"[3.43543678411238, 5.283944800711603, 2.790215095336694, 2.827755059685511, 3.280539656715148, 2.3504421596048735]"
561,LiH,-8.874267754020751,2,0.9876736063651798,2000,"[3.4378077316767115, 5.303188030649876, 2.7541790858640787, 2.839896364790492, 3.237984029228582, 2.3802291085700706]"
562,LiH,-8.874314389317838,2,0.9883969538481222,2000,"[3.451927301798344, 5.261549678293761, 2.7820166446680545, 2.8222610175736347, 3.245667991100958, 2.3818439748964995]"
563,LiH,-8.87430576328012,2,0.9890927817118882,2000,"[3.572238173439767, 5.249096932035935, 2.665602117682792, 2.9103662973714277, 3.1300439596309646, 2.5153699016412565]"
564,LiH,-8.874403478634749,2,0.9897886095756542,2000,"[3.454158598224733, 5.2576461529222325, 2.7967350257436454, 2.8337659264459476, 3.2692069608154757, 2.3728173693115124]"
565,LiH,-8.874301794423491,2,0.9904525777970885,2000,"[3.451236282314512, 5.2572011447299, 2.7944076116099574, 2.8279434475459233, 3.256797763020127, 2.3717052448469547]"
566,LiH,-8.874395358232517,2,0.991116546018523,2000,"[3.436681974705989, 5.318025984053111, 2.714244009843875, 2.9032397280712177, 3.203171564788863, 2.450655792619152]"
567,LiH,-8.874363525812655,2,0.9916234994778739,2000,"[3.4382554600002875, 5.334557884078964, 2.740647193713465, 2.8699933225574785, 3.21793931534087, 2.4121386535037206]"
568,LiH,-8.874340475964415,2,0.9921304529372248,2000,"[3.4044126371552705, 5.392098540765829, 2.650419246389607, 2.9021254259610516, 3.142709776096911, 2.458903052282351]"
569,LiH,-8.874385587138477,2,0.9926374063965757,2000,"[3.4489385092184985, 5.267647863099059, 2.8058354236438596, 2.8422137486936254, 3.279679762611244, 2.374985346643877]"
570,LiH,-8.874345452603338,2,0.9931443598559266,2000,"[3.422676401235826, 5.308918359987731, 2.723717569511192, 2.8613690740886986, 3.1941880490673333, 2.417020534630298]"
571,LiH,-8.874297050829458,2,0.9936261780195825,2000,"[3.4254129577768513, 5.322932249292575, 2.792724038040091, 2.8104082264581063, 3.2429993559718424, 2.3666350026929335]"
572,LiH,-8.874371210591221,2,0.9941079961832385,2000,"[3.4325147966180305, 5.286374532788658, 2.7786453059452048, 2.842343836253919, 3.2495146956995464, 2.381339665077058]"
573,LiH,-8.874255331713512,2,0.9945898143468944,2000,"[3.4255133436905414, 5.30356229712701, 2.7559882305195345, 2.8282062498200355, 3.221679210741863, 2.3731207493594537]"
574,LiH,-8.874275711548535,2,0.9950716325105503,2000,"[3.426753333040181, 5.30210137347702, 2.7587173588471163, 2.8335885462490005, 3.22816236435032, 2.3768403631082604]"
575,LiH,-8.87430371580598,2,0.995539550902372,2000,"[3.429300112900912, 5.285752487887212, 2.7860598233960108, 2.829456534309316, 3.2571037547894353, 2.361753871129233]"
576,LiH,-8.87448305721052,2,0.9960074692941936,2000,"[3.4286197035334363, 5.26930430000101, 2.81557181649577, 2.8669998730603683, 3.3008098660260687, 2.38148858610407]"
577,LiH,-8.874254821444106,2,0.9964079977705516,2000,"[3.4368041176324864, 5.292354107035058, 2.780638281922805, 2.8175309203580623, 3.226893378130016, 2.378547251379376]"
578,LiH,-8.874476367641304,2,0.9968085262469096,2000,"[3.4161778773982587, 5.302252473096884, 2.728036487408306, 2.899477643791565, 3.2228825975347606, 2.4313661159586593]"
579,LiH,-8.874357971206704,2,0.9971745590188408,2000,"[3.434264938132797, 5.284673890440237, 2.8034987474194732, 2.8309946792915066, 3.2658252396200402, 2.374483067523669]"
580,LiH,-8.874271206846073,2,0.9975405917907719,2000,"[3.4341523830783904, 5.288698577853696, 2.7558049174489474, 2.845057039644939, 3.249231704173163, 2.3625010366725983]"
581,LiH,-8.87421746987826,2,0.997906624562703,2000,"[3.422125740338869, 5.329074177951088, 2.7352416779444804, 2.8437668433708576, 3.1859676236652916, 2.418404328880233]"
582,LiH,-8.874352420366554,2,0.9982726573346341,2000,"[3.433581976733092, 5.28868613409064, 2.762592621597019, 2.8489817905745918, 3.2343916448221623, 2.3905704762772273]"
583,LiH,-8.874354904921585,2,0.9985264493761263,2000,"[3.4376781873163047, 5.27358634753386, 2.793425643166452, 2.8296980324498344, 3.2643452292218567, 2.3640045482913146]"
584,LiH,-8.87434253283972,2,0.9987802414176186,2000,"[3.4360938693055365, 5.280918572562435, 2.7946517505858446, 2.829823281194406, 3.2638614260460805, 2.3667576224938385]"
585,LiH,-8.874140533604006,2,0.998906354699983,2000,"[3.580733131958805, 5.253455302855485, 2.6715537985075937, 2.8660710632195863, 3.1367443840900506, 2.452748840668467]"
586,LiH,-8.87435337441236,2,0.9990324679823473,2000,"[3.4370212956274044, 5.275063936238555, 2.8088901845768124, 2.8250130723895546, 3.2712747521989627, 2.3652961528979484]"
587,LiH,-8.87407686215619,2,0.9991585812647117,2000,"[3.443672226759148, 5.289760169878445, 2.7233684446157103, 2.7909924668428303, 3.1992356377211566, 2.335688533330649]"
588,LiH,-8.874324633806465,2,0.999284694547076,2000,"[3.414820064880548, 5.378461775107921, 2.636410673196725, 2.938400372051099, 3.1222061282029054, 2.5154838717130463]"
589,LiH,-8.874366502016832,2,0.9993969352775149,2000,"[3.4492973571489296, 5.271268135180007, 2.824834906785656, 2.818597864566704, 3.2879668545092633, 2.356639843915773]"
590,LiH,-8.874377290110704,2,0.9995091760079537,2000,"[3.440801799974565, 5.280850044203458, 2.814941320398745, 2.8297452320908394, 3.278182116227118, 2.3694394119227242]"
591,LiH,-8.874373034902089,2,0.9996214167383927,2000,"[3.427687075221682, 5.320089631023695, 2.703063625111386, 2.8716811035590806, 3.180551606205991, 2.4369984324024836]"
592,LiH,-8.874368987376075,2,0.9997336574688316,2000,"[3.4459857771313853, 5.271280720253333, 2.82179399860291, 2.8186225742321893, 3.281013390037729, 2.362232424602972]"
593,LiH,-8.874337840966124,2,0.999772723482447,2000,"[3.4571345884485876, 5.26851031500168, 2.791859077400561, 2.827738741074365, 3.249295084747101, 2.3815767715627247]"
594,LiH,-8.874337474056698,2,0.9998117894960623,2000,"[3.455820700664763, 5.270816528379385, 2.8054834582585313, 2.817780792003446, 3.25980633632655, 2.372279463080627]"
595,LiH,-8.874380853715358,2,0.9998508555096777,2000,"[3.4452376759606405, 5.265698997280874, 2.8210459126798355, 2.8305014193285007, 3.2912520995712313, 2.3627641112189677]"
596,LiH,-8.874341564389924,2,0.9998899215232931,2000,"[3.439566107443497, 5.276274991396004, 2.8202369721417813, 2.817939611334009, 3.2848413964343317, 2.3541452166826766]"
597,LiH,-8.874387358114461,2,0.9999174411424695,2000,"[3.446551950035782, 5.283319591485321, 2.790695460833848, 2.854763190593804, 3.2641793325292983, 2.394360649667909]"
598,LiH,-8.874325782469562,2,0.9999449607616459,2000,"[3.4478706983537126, 5.28403486569956, 2.752590164821819, 2.8403004955235716, 3.213468678914672, 2.40561156058751]"
599,LiH,-8.874349843128561,2,0.9999724803808222,2000,"[3.4559999564986734, 5.260464717437062, 2.808098335997683, 2.8164869451115577, 3.261573313952563, 2.372657307810827]"
600,LiH,-8.874358621772128,2,0.9999999999999987,2000,"[3.4482866539409165, 5.259669998038835, 2.8027094420639855, 2.821216592456218, 3.2620042611785163, 2.372103087949861]"
601,LiH,-8.856686689681352,5,0.0,5000,"[2.477316181963201, 9.04270486384791, 0.32925427513749317, 2.5470166820017623, 7.313129224826863, -0.0785705654924106, 0.10717599131767497, -0.0473490166544943, -0.056192815354265846, 0.07982949262431874, 9.119633570125298, 2.0610107235674553, -0.05577660583773393, 2.5875581618755916, 2.539748510676369]"
602,LiH,-8.856720747519406,5,0.03029692856732426,5000,"[9.412601683326276, 9.42477796076938, 8.599873463967374, -0.12549839033806545, -1.7637262994449852, -0.5499104792100686, 0.7037004398148735, -0.668549781994735, -0.4974568764756686, 1.207598411536364, -9.42477796076938, -4.020003225447096, -8.967664816656978, -3.402496951143483, -0.49806291553198095]"
603,LiH,-8.856775325294112,5,0.06059385713464852,5000,"[7.28169754301107, 5.165336102846806, 9.10553522374184, 7.986909023028344, -9.42477796076938, 0.6575193457840524, -1.8051961984244742, 1.8151089929352042, -0.9739227237775059, 0.5814220129051114, 1.9907051620687102, 0.9290132341645043, 8.222888732553024, -0.06606790398745883, 8.453775488675387]"
604,LiH,-8.857310577933905,5,0.0899993405265728,5000,"[9.42477796076938, 9.42477796076938, 9.42477796076938, 9.42477796076938, 3.970597793082932, -3.133214617420653, -0.45037700700075456, -0.7055633247613227, 1.6649262873981565, 0.1842443781065519, -2.083437923144206, -9.42477796076938, -9.42477796076938, -7.096065987356894, -9.42477796076938]"
605,LiH,-8.858466866526145,5,0.11940482391849708,5000,"[9.42477796076938, 9.42477796076938, 9.42477796076938, 9.42477796076938, 3.4322629724303253, 5.251870624518147, 1.2827845992233256, 0.5617184356920786, -1.5539540894626995, -1.1115329870988113, 4.392470005802594, 9.42477796076938, 9.42477796076938, 7.33112770947149, 9.42477796076938]"
606,LiH,-8.856701390902703,5,0.1471781532916025,5000,"[5.932274311775943, 8.903717134957107, 9.42477796076938, 9.42477796076938, 2.2465305656823733, -0.4307500644333729, 0.37388842831016705, -0.2555756805463496, 0.42540557408496127, -0.05354506731340504, 0.4834907526688075, -0.9376359135469652, 0.7224223711844486, -0.2447831374802878, 0.06694851814560054]"
607,LiH,-8.856687028423801,5,0.17495148266470795,5000,"[9.42477796076938, 9.42477796076938, 8.821530554611142, 9.42477796076938, -8.125334177239683, 0.15221183566711965, -0.08478082848592416, 0.5844481092809723, 0.03861589000332051, 0.5442880221431158, 0.23205175700281375, -0.2932734724001547, 0.4601971193504708, -0.11968055522212684, 0.34749969501521694]"
608,LiH,-8.869565068125567,5,0.20204303941415377,5000,"[9.42477796076938, 9.42477796076938, 9.42477796076938, 8.119511058919766, 8.863358784247183, -5.815620365351723, 2.076263781815439, 6.299438298144976, 3.340975608615067, 8.775697667782863, -2.4484244316604595, -1.362207374886408, 4.358432480431984, 5.194942250413272, 0.8017498511971024]"
609,LiH,-8.869503748197166,5,0.22913459616359957,5000,"[9.42477796076938, 9.42477796076938, 7.2592878833725845, 9.31387136501239, 9.42477796076938, -6.850595811134245, 5.471713635676029, 2.763479252108616, 4.886450237986965, 8.64391346101231, -2.7962623244937754, -0.8471568396422775, 3.936340228930808, 4.517411509494719, 1.9544423994626638]"
610,LiH,-8.869553540902864,5,0.25360444891407263,5000,"[9.42477796076938, 9.42477796076938, 6.827365567307368, 9.42477796076938, 9.42477796076938, -6.020128424106611, 5.200196999946513, 4.065047969329058, 4.112365786620237, 9.290445832833846, -2.3557996226523876, -1.2105300228291256, 4.670574684208241, 4.2783244190698735, 2.077989654781256]"
611,LiH,-8.869499613909142,5,0.2780743016645457,5000,"[9.42477796076938, 9.42477796076938, 7.131078908240849, 7.6252095017804145, 8.979768038351267, -4.024697714502469, 7.875446850968892, 5.6697990761693635, 2.9297883419306547, 9.21318234273306, -2.3831686070085367, 1.7825610612478744, 4.5445193318371855, 4.214459677689765, 1.3217772808473436]"
612,LiH,-8.868970029776502,5,0.28960347432835304,5000,"[9.42477796076938, 9.42477796076938, 9.232053076519058, 6.496559609794389, 8.43133515903623, -4.512271257252394, 6.997899041770733, 4.586339612011662, 3.8890969452373434, 6.75460987044543, -3.5800527920633005, 2.5776418676613964, 3.487063220384394, 3.4961527544639055, 1.9176371063786708]"
613,LiH,-8.869062807840205,5,0.3011326469921604,5000,"[9.42477796076938, 9.42477796076938, 8.599206648861575, 9.42477796076938, 6.886159346403633, -5.731360646425285, 6.391680309241474, 4.02468202868959, 4.211721823290601, 7.174320858436596, -4.4032422689424235, 3.3309183260908686, 1.6129536819503612, 4.019263288543627, 2.090540531766397]"
614,LiH,-8.86850127675259,5,0.3123613132829146,5000,"[9.42477796076938, 9.42477796076938, 4.590400811307912, 9.42477796076938, 8.345066012486859, -6.676642174003701, 9.42477796076938, 2.137875495414905, 0.9338115519654462, 7.823937170824395, -4.983340436097871, 4.680272383961983, 1.8155502609903258, 1.094947909890669, 3.3186442943424685]"
615,LiH,-8.870671061723447,5,0.3235899795736688,5000,"[9.42477796076938, 9.42477796076938, 9.42477796076938, 9.42477796076938, 0.7872478576416644, -6.445353550307944, 2.3921053704562443, 9.310671354055888, -1.3684803154499274, 6.488803556102628, -7.99414096087387, 6.602185826628745, -0.43150304407416373, 4.031295121236898, -2.300272559502731]"
616,LiH,-8.871058644654166,5,0.3341988655990478,5000,"[9.42477796076938, 9.42477796076938, 9.42477796076938, 9.42477796076938, -1.0408331893807552, -7.860862228167352, 0.769396421432864, 8.618314530083685, -3.3746368663146544, 5.794475431348861, -9.42477796076938, 6.115840123875014, -1.1220405152444053, 3.2092509012690877, -3.398429907450396]"
617,LiH,-8.870254326146824,5,0.3448077516244269,5000,"[5.313032606801311, 9.13152802789881, 7.973113443735295, 9.42477796076938, 3.479315777839581, 5.014512845738756, 9.42477796076938, 6.900214359138195, 6.676404117624472, 8.681597122106941, 3.357957346015982, 5.3990513838675875, 2.564110557069446, 3.8087313447880793, 2.2023966578482055]"
618,LiH,-8.87034294402706,5,0.35444246224786724,5000,"[9.42477796076938, 9.42477796076938, 9.42477796076938, 9.42477796076938, 2.303910479165252, -3.512098889972789, 6.001173257649675, 9.1029085978115, 2.9871358241827135, 6.2553547006935, -4.796390635321455, 7.057324222512822, 1.2023958635866094, 4.947456201738806, -1.0310525203831427]"
619,LiH,-8.87056419497218,5,0.36407717287130764,5000,"[7.076866662196686, 9.42477796076938, 3.3513688493325104, 9.42477796076938, 2.725377670867285, 9.42477796076938, 9.42477796076938, 2.2429936848716876, 6.839823670637869, 8.45870057968369, 7.538372876082296, 3.205242846478002, -1.2648445115346258, 6.229567939888829, 0.5006771924160491]"
620,LiH,-8.870741639257826,5,0.3735476037163851,5000,"[7.7475597482102785, 9.42477796076938, 5.593455445332245, 9.42477796076938, 2.4542651682844827, 9.42477796076938, 8.703894091260779, 7.642044405499105, 5.466279741127655, 8.493851907189484, 6.106173559636163, 4.352134585162332, 1.3334363572754655, 4.4934104404714015, 1.107894407512829]"
621,LiH,-8.870875051342562,5,0.38301803456146266,5000,"[9.42477796076938, 9.424777960769378, 9.42477796076938, 9.42477796076938, 2.1665723797021665, -5.982715174625259, 2.152202169620325, 9.264287042538983, -0.3573809235633725, 6.576608764730784, -7.2369550616025355, 5.3749774368881935, 0.5735044801706709, 4.394299294078042, -1.6657575763921955]"
622,LiH,-8.870876627388371,5,0.39204487912567526,5000,"[9.42477796076938, 9.42477796076938, 9.42477796076938, 9.42477796076938, 0.5470380551953828, -5.582909672461412, 3.953340220670415, 8.817332067410007, 0.21200866005863978, 5.468357225058709, -7.046073396799067, 7.152070638607837, 0.009172416121719287, 4.344909284996609, -2.4153032602204902]"
623,LiH,-8.870552565457475,5,0.40107172368988786,5000,"[9.42477796076938, 9.42477796076938, 9.42477796076938, 9.42477796076938, 2.0819626061386414, -5.738608276861994, 3.396667146691142, 6.909304712843587, 1.9629762066426029, 4.742264514619068, -6.465631633147957, 4.895071765348236, 0.7419788325303782, 4.927598475376843, -1.8455410378081427]"
624,LiH,-8.871125104528513,5,0.41009856825410046,5000,"[9.42477796076938, 9.42477796076938, 9.42477796076938, 9.42477796076938, 0.6267404913369208, -6.4726097705003, 2.5053379348975993, 8.766739711765062, -0.8843775160869378, 5.806565082110409, -8.048201708367507, 6.636793428490023, -1.0330682160544684, 4.842093509998083, -2.9387992453129206]"
625,LiH,-8.87054250862533,5,0.41912541281831306,5000,"[9.42477796076938, 9.202821983467558, 7.856974681264453, 9.051914895468592, 3.850721104066651, -1.5114228710438176, 9.100776468965332, 9.42477796076938, 1.0687074209280891, 9.42477796076938, -2.0237910172097076, 8.976396684796391, 0.9206311414846684, 4.3920422749649815, 1.3867429769804829]"
626,LiH,-8.87034008748818,5,0.4280983706205189,5000,"[9.42477796076938, 9.42477796076938, 6.3511203913693475, 8.233655499829197, 7.5481675649373265, -0.6439660182919009, 7.336609855903772, 4.800760092380329, 3.11595228996977, 7.0978162322078155, -1.742219569935867, 5.451333630695838, 3.5660228483108867, 2.7062532595114464, 5.055919759831665]"
627,LiH,-8.871071395226599,5,0.4370713284227247,5000,"[7.87723152455664, 9.42477796076938, 6.244174753716656, 7.462373878974988, 5.169585011251867, 5.652290327864704, 8.213666211854877, 6.0657729546235615, 4.043505539209212, 7.795311417387343, 4.000183627073227, 5.132454916704573, 4.225443671329068, 2.8961356502396765, 4.079615272426106]"
628,LiH,-8.870847514896838,5,0.44493998201652796,5000,"[9.42477796076938, 9.42477796076938, 9.42477796076938, 9.20014337862748, 5.938600684126699, -3.899357676441777, 4.544971260839624, 6.539107391785689, 3.3635585742044256, 6.663042871288774, -4.773858026839678, 4.944967611497306, 2.156218529563279, 5.278918811187086, 2.41987744051398]"
629,LiH,-8.872358008826316,5,0.4528086356103312,5000,"[8.474073678444189, 9.42477796076938, 0.6771826794589113, 9.42477796076938, 5.268747942687039, 8.453118734007234, 6.497494650757574, 3.289543776526626, 3.84412516138634, 7.877784054145868, 6.101091991604989, 3.7285124456067225, -1.448381470213617, 7.098309347552868, 4.10714698842718]"
630,LiH,-8.873565346048318,5,0.4603648838030084,5000,"[9.42477796076938, 9.42477796076938, 0.7062531584181563, 8.198360656233755, 6.51463968858301, 8.120576911646912, 7.735251717736986, 1.7435493045227983, 3.883433951768631, 8.129597971759004, 5.974666769897176, 4.677725846387539, 7.13554797235623, -2.366081675867098, 4.77404829059965]"
631,LiH,-8.873528281159238,5,0.4679211319956855,5000,"[9.017803295556085, 9.42477796076938, 8.929034579194983, 9.05687040034665, 4.979888659481954, 0.8179241148717447, 4.607603256186387, 9.42477796076938, 3.68391338035683, 7.132290582140692, -0.6729823277202714, 5.857344463889162, 3.8666820299355513, 6.014306529103827, 2.392283068192329]"
632,LiH,-8.87352478642803,5,0.47547738018836266,5000,"[8.535155664585066, 9.42477796076938, 3.5765359025964067, 9.365111883463767, 4.271474858451338, 6.038465716549706, 8.574697668543624, 4.0358606037958635, 4.541467000477202, 7.446875453523349, 5.281292947554559, 5.089291036149568, 2.6155865249158916, 4.112154493850171, 3.3260911878607575]"
633,LiH,-8.873209227286013,5,0.48303362838103986,5000,"[8.941321385154474, 9.42477796076938, 8.412476356918615, 5.248925222095853, 8.43770013409484, 0.7516646543439321, 5.154588118192978, 5.316638576916203, 3.614528783683621, 5.388343300567785, -0.8255963108966871, 5.06140917615113, 4.304243900583671, 3.8291309701283858, 4.7705509189808915]"
634,LiH,-8.873627822962067,5,0.4900637514974451,5000,"[-9.42477796076938, 9.42477796076938, 1.1484788137575361, 9.42477796076938, 8.279836963292597, 1.9156622487951596, 5.491913395145718, 5.51335022672459, -2.3071456537618227, 6.08097997875481, 1.7112423547545959, 6.525914256511208, 5.6519216073089895, -1.361256891725105, 6.490966999512237]"
635,LiH,-8.873936878799006,5,0.4970938746138503,5000,"[8.529718705973785, 9.42477796076938, -1.2900113400399729, 8.875713668553821, 8.068168558605027, 4.833827650611223, 3.319724967179829, 5.076532330306735, 1.4241645856693723, 5.384650306024863, 3.4146673394710874, 4.255079302833144, 0.3252775938992265, 5.351748571459259, 6.842017552008151]"
636,LiH,-8.873979656856685,5,0.5040626061734111,5000,"[8.035631751801539, 9.42477796076938, 3.775599518628831, 7.9502838326425085, 7.3270206862574625, 3.6522177143004972, 3.7239501486694673, 6.023814446308451, 2.1278470941887853, 6.016734949785262, 2.094138180002433, 5.2967211236385605, 3.5812675855271756, 4.339871537815801, 5.726406709887906]"
637,LiH,-8.873877795634574,5,0.5110313377329719,5000,"[-2.173631074250733, 9.42477796076938, 5.4252902537636185, 8.697734748675161, 8.290820628972309, 0.044997408684082155, 5.953920793830017, 3.684859772391036, 3.099881668186852, 7.040604209264194, -0.952392816651837, 6.191548843135201, 5.750933454827073, 2.286627688334557, 7.59785176338271]"
638,LiH,-8.873941494470703,5,0.5180000692925328,5000,"[8.605358165998183, 9.42477796076938, -0.4073816660189289, 9.389383870678298, 7.737966170864313, 4.531775460624473, 4.497764609932388, 5.5648990294209755, 0.11030220802360863, 6.534550232216815, 3.652665757179615, 5.408764119396493, 4.367658781125739, 1.268639954321087, 6.947293851526809]"
639,LiH,-8.873944673677684,5,0.5249688008520936,5000,"[9.024734443629786, 9.42477796076938, 2.933530973962866, 6.480443031880059, 8.126903459552697, 3.649050703380877, 4.840304719295041, 2.8794091862407756, 3.6395374674482386, 5.256897140701515, 2.1493727802259275, 6.233237786651912, 2.705944332999039, 2.860435572597309, 6.454950089646653]"
640,LiH,-8.873988959880744,5,0.5307506417939641,5000,"[8.845120817308946, 9.42477796076938, 6.074901721088722, 3.4669432716410524, 8.885414687068584, 3.616339795396582, 4.272707051203957, 4.573337658240086, 2.9086515553257755, 5.010799672664133, 1.6230903416220168, 6.108735550803769, 3.3463859498415793, 2.7979898248472295, 6.302114184930787]"
641,LiH,-8.874382062971696,5,0.5365324827358348,5000,"[8.032278675764907, 9.42477796076938, 5.423690811602166, 4.393379304261667, 8.10666022276112, 3.746687175006027, 4.141702927365332, 4.209891739534961, 3.474149496979629, 4.436912421711792, 2.023545307029102, 6.02844902227643, 2.9388952061993363, 3.943321251102332, 5.13697485445573]"
642,LiH,-8.874382918062294,5,0.5416595037064306,5000,"[9.052058474458187, 9.42477796076938, 5.872825150583261, 6.285902814599959, 7.648194450691789, 2.5761531316301447, 4.782814791867885, 4.912295499276759, 2.9884730416564227, 5.47525371753564, 1.4090654028654015, 5.747758887911095, 4.4416730955168795, 3.3820079859907515, 5.8932194893798755]"
643,LiH,-8.874760783175033,5,0.5467865246770264,5000,"[9.344709561650305, 9.42477796076938, 3.3152840102484493, 7.097309420058512, 7.706988315746236, 3.2996007309783257, 4.451878082944885, 3.6687129116210686, 3.6395880870600448, 4.756061917200758, 1.9176631504383634, 6.053029295198678, 2.2117769109920524, 4.6185300113376675, 5.4972267724138275]"
644,LiH,-8.874750570811004,5,0.5519135456476222,5000,"[9.125630962001868, 9.42477796076938, 3.121465835086346, 7.292922770063599, 7.876984026657997, 3.141593109907017, 4.102629484837337, 3.575139680718411, 3.8214745217924544, 4.659783172277053, 1.583787572554936, 5.962955428147554, 1.9164494721900747, 4.890094352580497, 5.591660351151381]"
645,LiH,-8.87474908107355,5,0.5570405666182181,5000,"[8.163421569262656, 9.42477796076938, 1.6899811616890443, 7.485012277088614, 8.208961616509072, 4.551561159456448, 2.983268950032392, 4.65364661745245, 2.503813390814156, 5.329156391649995, 2.707869772528327, 5.105381706433086, 1.301611909090003, 4.913256432011268, 6.210091125929779]"
646,LiH,-8.874650818091391,5,0.561781322516371,5000,"[8.400389700598822, 9.42477796076938, 3.0175075660556145, 8.634193921007947, 7.701549950670675, 2.782179192854918, 3.356778059020343, 5.414889858683875, 2.433163700397839, 5.491916862772976, 1.407909638900564, 5.058105116403415, 3.436406784646892, 4.2977276349629605, 6.021051932036923]"
647,LiH,-8.874716660649161,5,0.566522078414524,5000,"[9.043272564452387, 8.977176178724315, 3.9643964136497707, 8.407222243917474, 7.453500022804448, 3.4137079776121855, 3.2818189480127486, 4.7350559735385245, 3.574361593545664, 5.230394898969332, 1.9091045786554863, 4.738886067010574, 4.043144825053755, 4.007334889499452, 6.140695701642294]"
648,LiH,-8.874710094466055,5,0.5712581662258142,5000,"[6.444895584902964, 8.972430633733694, 6.551588367642397, 8.805954965036673, 7.839283014363426, 2.3072275508769535, 2.3361856836878028, 4.654252094095774, 4.7232453754134704, 5.470690695033021, 0.44778779328570495, 4.10503293684682, 4.16951392712348, 5.44115407863589, 6.181400823175713]"
649,LiH,-8.874680081929196,5,0.5759942540371045,5000,"[5.08778120711, 8.306684474369877, 7.288572977777063, 8.879094590372262, 7.96097913418602, 2.5550957191133943, 2.4999360913472346, 3.3619001227038057, 5.875906758268951, 5.489990420666097, 1.1274530568653487, 3.2587332182971718, 4.465382343226787, 5.453961039122372, 6.531797690628343]"
650,LiH,-8.874722237569706,5,0.5803609983827968,5000,"[7.0194671072369115, 8.656779282366308, 5.673794583228776, 7.823705889122227, 7.847924633220733, 3.425744312338002, 2.543860064783656, 4.414232721417185, 4.271965328348109, 5.301957027195259, 1.8073608130829009, 3.9999276530416266, 4.420215248562444, 4.199359004317427, 6.252473531808873]"
651,LiH,-8.874804501221373,5,0.5847277427284889,5000,"[9.151522078345913, 9.189728656140435, 2.63996236451614, 8.809316748185523, 7.581542617479327, 4.009194996086866, 3.6975222404134076, 3.9157380195524247, 3.9295579772782614, 5.35147965537272, 2.5520455716585104, 4.963299584824302, 3.607548551639488, 3.793907182525321, 6.389912541091837]"
652,LiH,-8.87470531930057,5,0.5890392002219823,5000,"[7.801856145965808, 7.048166083489295, 5.630299708672112, 9.064028137773544, 7.551137064555384, 3.5195082764503214, 1.6584576460731304, 4.576262140821763, 4.623788607911702, 5.220467155456962, 1.683970039277377, 4.193409769741158, 2.856228563471155, 5.871223589592926, 5.8450557542110015]"
653,LiH,-8.874802762085697,5,0.5933506577154756,5000,"[8.40878980320634, 9.42477796076938, 0.4080234378692287, 9.287379713813564, 7.622883545095711, 4.740085313278033, 2.639028454301023, 6.091000266838028, 1.440520664510424, 5.3056423133281605, 2.969615410548255, 4.553163560846578, 1.7095489014239114, 4.854962050441742, 6.653059753139634]"
654,LiH,-8.874734493949433,5,0.597662115208969,5000,"[9.42477796076938, 9.305744820960644, 2.606548823860922, 8.774421626913124, 7.405745266893934, 3.204966018595951, 4.238392887452276, 3.191303681985982, 4.318883852090457, 5.03786281992175, 2.3793069030705714, 4.90680123516228, 5.092004611040229, 2.5195598267361534, 6.192807595254033]"
655,LiH,-8.874806678089271,5,0.6019735727024622,5000,"[9.072552072635492, 9.234886714648828, 1.8306206694490683, 9.079577856487937, 7.796125782361629, 3.7779163501457487, 4.042939243168628, 1.9029081183148902, 5.292365439265211, 5.478557621652299, 2.7534308002003947, 4.823491429069016, 4.922314031591361, 2.15253058888681, 6.7541303738871905]"
656,LiH,-8.874550439519748,5,0.606254306311605,5000,"[-3.0480502139387093, 8.627574365647657, 5.301195970482572, 9.42477796076938, 7.631834828557186, -0.6489813178336252, 4.5834169673000655, 2.465928785313709, 4.940335392984624, 4.900268437220776, -0.7013775638496282, 4.700118366039835, 4.448282004957122, 4.37030438320536, 6.0316810134956205]"
657,LiH,-8.874768955379306,5,0.6105350399207478,5000,"[9.354578689201286, 9.204490236668228, 3.6639705418150754, 8.179903452095811, 7.646496890874888, 3.3014972435423577, 3.116218031512823, 5.433624920307855, 2.9483654918358333, 5.001197574413293, 1.7002486671117971, 4.7839183296657595, 4.035703282285643, 4.026604348284203, 5.84522730964499]"
658,LiH,-8.87474663973866,5,0.6148157735298906,5000,"[7.737718786627264, 9.284301334916899, 1.8787112259276129, 9.42477796076938, 8.354971938843681, 4.062485152075432, 2.288055584414006, 4.219464443886986, 3.7295908199971404, 5.660373173210756, 2.0424781481279024, 4.354608459444309, 3.5348527467515263, 3.7630850211336693, 7.007785449598352]"
659,LiH,-8.874807977284874,5,0.6190965071390334,5000,"[9.171143718606746, 9.42477796076938, 2.260152535059189, 9.263134388438457, 7.655133425873017, 3.0831662399146764, 4.395817324335193, 1.3858431015467874, 5.940316520942908, 5.237216119263596, 2.194286002596299, 4.844689803600243, 5.4188726460236865, 2.0111806660971974, 6.743614598966418]"
660,LiH,-8.8747658075176,5,0.6233772407481761,5000,"[9.24091870059604, 9.38920363482222, 2.8111690634775313, 8.911394068542604, 7.453777034793156, 3.434863726898263, 2.7348799886719926, 6.21799241244696, 2.3937378046718933, 5.02242054466522, 1.543162446315907, 4.852525190870913, 2.633540769397257, 5.412292346441669, 5.675935838328347]"
661,LiH,-8.874790447011982,5,0.627657974357319,5000,"[9.041757680164295, 8.244771681556074, 4.35355622450197, 8.701792708033988, 7.064966483256636, 3.831134073180114, 3.006157525657046, 4.763986728334318, 3.956427997447669, 5.060094092995463, 2.1340892522167847, 5.018646245263296, 2.732617356930798, 5.407971962816285, 5.65282558777057]"
662,LiH,-8.874769613701632,5,0.6319387079664617,5000,"[7.009320456523696, 8.965742691640902, 3.7335145531468554, 9.386313518077248, 7.82060244191787, 3.715408605067731, 2.081411944409756, 5.40878720059131, 3.2875791176973546, 5.824037699656866, 1.2515669813372503, 4.941914579647351, 2.384087812666831, 5.5696492340735855, 6.438768880247208]"
663,LiH,-8.874766554097842,5,0.6362194415756045,5000,"[9.42477796076938, 9.42477796076938, -0.7805849795880521, 8.472292502496671, 7.482601282982063, 4.579555774399633, 3.6728101561157174, 4.546182314649469, 1.9462217611736579, 4.463972288428399, 3.424679698427024, 5.268338401447566, 1.460996284156534, 3.935433745933903, 5.990946263419525]"
664,LiH,-8.874527293801437,5,0.6404342862113682,5000,"[-5.027908317128295, 9.42477796076938, 4.029390116131285, 9.377661897770468, 8.105548712843571, -0.43906341131862353, 5.4476330360469944, 2.7934765670961315, 4.042037039169951, 5.687809963173909, -1.9986574024427655, 5.535304016391513, 7.84743849371125, 1.0930306919747472, 6.992883014753295]"
665,LiH,-8.874795060672618,5,0.6446491308471319,5000,"[7.9852256829914765, 8.996889834797196, 3.6402644938683473, 8.28674494017016, 7.909927362221797, 3.958569871059627, 3.524768919408321, 3.131126604077834, 4.683007443292246, 5.437365105376218, 2.4983336011517263, 4.511707866814014, 4.329267575457651, 3.163215516882948, 6.750184875388371]"
666,LiH,-8.874793974800829,5,0.6488639754828955,5000,"[9.397297208426595, 9.42477796076938, 0.5006374217533578, 8.539997165443868, 6.97444759381723, 4.125700347620439, 4.29401797824219, 4.732579265032022, 1.7351658243785397, 4.938803977235587, 3.3501052215788265, 5.436019395112975, 3.099786533887651, 3.1000094075511493, 5.643482264051498]"
667,LiH,-8.87460435367124,5,0.6530788201186593,5000,"[-1.2945632219711247, 9.42477796076938, 5.669925827501487, 9.42477796076938, 8.926331467452053, 0.8844032143721725, 5.387364841042577, -0.0939562760963451, 7.217521967909407, 6.0170312195391835, 0.26205650672937664, 4.059137342071191, 4.440256559115067, 3.9467353022245484, 7.836858378414082]"
668,LiH,-8.874765990691504,5,0.6572936647544161,5000,"[9.42477796076938, 9.42477796076938, 0.18704854310446012, 9.014380289443084, 7.695525373267168, 5.126641137167868, 2.649790021647041, 5.5177271376635755, 2.4999110095241655, 4.844818477712151, 2.8566368090082728, 4.656099384582568, 1.0830162026896544, 5.1908193441866155, 6.642961478389374]"
669,LiH,-8.874690358963804,5,0.6615085093901798,5000,"[9.014155242339232, 9.42477796076938, 1.9914202295803616, 8.440708737411363, 7.495128652487093, 4.3238786963157665, 3.8830625497365494, 3.195637053407606, 4.1699265861160235, 5.419416064747725, 2.815563581841711, 4.948385168821552, 4.020176312388362, 2.7198920669437303, 6.507851854801286]"
670,LiH,-8.874747746797496,5,0.6657233540259435,5000,"[7.950962936071209, 8.698327097628988, 1.1047430858440883, 9.300895884516095, 7.958302364254212, 5.325535657507146, 1.8680452188423362, 5.6351057574771675, 2.0176585447236484, 5.953771457225282, 3.203570091468251, 4.126735770218177, 2.5803202076088523, 3.902523236890652, 7.043345662711329]"
671,LiH,-8.874727473305402,5,0.6699381986617072,5000,"[9.42477796076938, 9.42477796076938, -0.8568501691410152, 8.36877325021611, 7.043227777078272, 4.9900049807507365, 3.9453015034614585, 4.678663040535016, 1.5648797864358726, 4.595498630844208, 3.7853238336171326, 5.206192362164774, 0.6117802856364757, 4.391178628439425, 6.106774220250318]"
672,LiH,-8.874753755845735,5,0.6737979895480493,5000,"[9.255631701530394, 9.400694986297037, 0.6664863596036201, 8.648959570460304, 7.706442658205049, 5.061645532633715, 2.150015025296155, 6.081846151346588, 2.254849507889599, 4.396584176152633, 2.741611971426599, 4.616720903948168, 0.16013133255373266, 6.343466979889579, 6.376739146643326]"
673,LiH,-8.874746869681772,5,0.6776577804343912,5000,"[8.509794984622381, 9.42477796076938, 5.359775376159743, 5.764766223554025, 7.5864908830161415, 3.4444347736275374, 3.8279243713551607, 5.8823019607186655, 1.6373979128221203, 5.309386511515452, 2.4441161769953377, 5.115869726782306, 5.59814319100502, 1.8954622760804847, 5.842806450261088]"
674,LiH,-8.874672684431076,5,0.681346832572985,5000,"[-7.820214663439451, 9.42477796076938, 7.841832378136271, 6.954756814845809, 7.271530259816057, 0.49386743257707183, 4.727828292652211, 5.414665271278402, 2.170089815551733, 6.227718732897379, -1.5222364631078764, 5.387119601012595, 7.487155263207402, 3.1296172712787778, 5.808499232891657]"
675,LiH,-8.874678198843972,5,0.6850358847115788,5000,"[-7.057042303832809, 9.42477796076938, 8.080095414617467, 6.653445612030233, 7.481516467592529, 0.6244890690832071, 4.774584036002658, 5.06717124705086, 2.4831049445934537, 6.207253011060462, -1.9546268690045947, 5.48464048993267, 7.920860445401115, 3.0232059459270815, 5.95996465867171]"
676,LiH,-8.874752041831101,5,0.6887083028096553,5000,"[9.42477796076938, 9.42477796076938, -0.8527588201696843, 8.892235557637914, 7.767589031923494, 4.899877722523688, 3.1766522729685924, 5.612952661646396, 1.3448863392149606, 4.675838621840475, 3.376212296382, 4.841898184484561, 2.1683678929071823, 3.464956687376021, 6.365215650702036]"
677,LiH,-8.874411970342642,5,0.692380720907732,5000,"[-9.42477796076938, 9.42477796076938, 2.6662175104817654, 9.42477796076938, 8.049102500624338, 0.8822338515306525, 4.773690318239915, -0.4642569519804197, 6.127840119462097, 4.516523708976245, 0.8377125390831563, 4.394273205768692, 5.690430350645022, 1.1792915471178502, 6.1959528938544866]"
678,LiH,-8.874734911720866,5,0.6958989654782513,5000,"[9.42477796076938, 9.374902603713025, 3.4305081608450836, 7.445670242619604, 7.267434184475876, 3.648882465168864, 4.343165328388567, 4.860683972546584, 2.4794820766513324, 5.099259307269928, 2.7696099709225503, 5.241495503548435, 5.281449802862325, 1.931255243426649, 5.93317846158104]"
679,LiH,-8.874678385079731,5,0.6994172100487706,5000,"[8.413946451962142, 8.938944568554298, 3.5758652766650103, 8.852361273821483, 7.925592454369827, 3.470273042192688, 3.2464030956223207, 3.3842011862896046, 4.655416086025713, 5.354023239225037, 1.965238736231116, 4.397978611875043, 3.870049313704542, 3.952495569826049, 6.5466147347893955]"
680,LiH,-8.874683919141441,5,0.7029354546192899,5000,"[8.73585423961828, 8.71051049168521, 3.952998163417906, 8.774422351634719, 7.748201885440782, 3.479574505073044, 3.4052125900123746, 3.3457824108524603, 4.778315084097595, 5.258493129838854, 2.040552955085041, 4.438754554596647, 3.8884782312624324, 4.061519964104933, 6.471871602375721]"
681,LiH,-8.874549711734828,5,0.7064536991898092,5000,"[-5.48847413843242, 9.42477796076938, 4.69259698108622, 8.77942672098494, 7.108562677661084, -0.39302250717088366, 4.877870668369375, 5.099104783753571, 2.186834606029052, 5.3820351200758125, -0.44406026714316327, 5.454169951953039, 5.785159979006609, 2.521298102997951, 5.665584200995792]"
682,LiH,-8.874772934113922,5,0.7099381486292154,5000,"[9.31960842646315, 9.42477796076938, 0.2826717072664753, 8.723800793017531, 7.787939731833805, 5.039742179015199, 2.463114935985877, 5.303482535198914, 2.7121919427605388, 4.4898305765218, 2.8834502930206183, 4.669179706176657, -0.498668919604201, 6.742667971593071, 6.504909860503016]"
683,LiH,-8.874771145432083,5,0.7134225980686216,5000,"[9.385317427770843, 9.42477796076938, 0.6146855438989648, 8.932777422600795, 7.553558418265119, 4.485987460583549, 3.2595083077382636, 3.993468784935009, 3.523257229457929, 4.794078010905054, 2.807840404037603, 5.099589031233093, 0.8420857675157968, 5.622889119382794, 6.1875268811375825]"
684,LiH,-8.874739384044336,5,0.7169070475080278,5000,"[2.7761467992521083, 9.42477796076938, 6.5487761229807875, 8.389423395241081, 8.153723107105211, 5.027136984042102, 0.5388705433259597, 3.988169350749936, 5.293464330342953, 5.6604655362016745, 0.0470083581038106, 5.165828503082134, 4.179727212137678, 4.906055445016779, 6.807617934015722]"
685,LiH,-8.8747247692628,5,0.720391496947434,5000,"[8.799537156795328, 8.751459180463762, 3.1049056608176864, 8.715586639821854, 7.613114551064889, 3.9778388252486487, 3.2854370580993617, 3.4485016642457396, 4.47693471541265, 5.119253408784942, 2.331368776896229, 4.855647193552337, 3.1106926610349017, 4.251808791029419, 6.296104310612705]"
686,LiH,-8.874722264394249,5,0.7238717043580053,5000,"[8.46404656447082, 9.007462310938905, 3.9604925811844662, 8.960977561104329, 7.713369216933296, 3.3980736064139405, 3.8510639101413977, 2.958686416228628, 5.287497942615609, 5.527797001840227, 2.0799381684787654, 4.580050354631093, 3.95791636751235, 4.018803041018984, 6.63035498679361]"
687,LiH,-8.8747494719199,5,0.7273519117685767,5000,"[9.321915454612164, 9.025278516398334, 1.7894300201289774, 8.746641745525942, 8.185099245431024, 3.9772735199759865, 2.986859295121682, 3.8470142009162482, 4.153817414750763, 5.29304545103833, 2.4687552257917895, 4.676144737141833, 2.635091925349475, 4.377083080117636, 6.335174871918544]"
688,LiH,-8.874787534858276,5,0.7307721981264997,5000,"[9.42477796076938, 9.42477796076938, 2.3493575262021142, 8.258921186378267, 6.6430226028597215, 3.0406812013267883, 5.6966123259942645, 2.9762139365035267, 3.833472388970276, 5.029654150521566, 3.046778211250487, 5.601699943764084, 5.417901470797821, 1.5126793709971567, 5.310710059610613]"
689,LiH,-8.874729146130715,5,0.7341924844844229,5000,"[9.42477796076938, 9.42477796076938, 0.619110836759883, 8.885655843042233, 8.262394282874348, 3.996098278033032, 2.698671530341877, 4.630469451332534, 3.465420261564711, 4.789489278397852, 2.334756291047227, 4.769101363645257, 1.9530003077358244, 4.732430480632633, 6.287164544632466]"
690,LiH,-8.874741335939415,5,0.7375233190726274,5000,"[9.42477796076938, 9.42477796076938, 0.05239277387911219, 8.701779197539313, 8.455575695416329, 4.541617689051575, 2.3170112028171443, 5.694711138610675, 2.483036421217693, 4.756734712577159, 2.691251193778777, 4.474208332934427, 1.3530110546965772, 4.947843576108431, 6.610402838719672]"
691,LiH,-8.874716724691584,5,0.7408541536608318,5000,"[8.335714947306283, 8.734858049550274, 3.936746837908484, 8.92705781164721, 8.385013191117869, 3.1758882712354373, 2.662943547231934, 3.7635458596194926, 4.873411371600287, 5.414856473070854, 1.5507476322549623, 4.370293254850384, 3.1939191757046794, 4.9081418194062945, 6.403636746271934]"
692,LiH,-8.874687568311284,5,0.7441849882490283,5000,"[7.435045342130197, 9.238964043372766, 2.0422395688628057, 8.785821845043207, 7.60395926819272, 2.950517192557461, 5.766573046444004, -1.7541188183795198, 7.38141068000817, 6.121615172201008, 3.5162816623952864, 4.665675155996778, 5.328664235637723, 1.161564664876309, 6.782562769462935]"
693,LiH,-8.874793117222609,5,0.7475158228372322,5000,"[9.42477796076938, 9.358839877255047, 1.8892956132307372, 8.796406450365822, 7.73976700872973, 3.525010481467569, 3.1497895065318087, 4.850756745523721, 3.36054552539958, 4.934956399133318, 2.1367750539051187, 4.969597395047194, 2.4706481258569593, 4.895399673606553, 5.885290661172672]"
694,LiH,-8.874740946688975,5,0.7505184541129811,5000,"[9.42477796076938, 8.625906879932838, 2.253522758673827, 9.125627762114501, 7.047841058891041, 3.26030784236138, 4.86705154753065, 1.0547546467900815, 6.019422431969439, 5.202410402058472, 2.7998457688471836, 5.447916620940495, 2.500283436132057, 4.515647698060841, 5.701113614980546]"
695,LiH,-8.874772345592657,5,0.75352108538873,5000,"[9.42477796076938, 9.41721132306645, 2.2266842240729208, 8.750901407696883, 7.7988922666054865, 3.517968880263363, 3.0820962790483954, 4.965053946138697, 3.42063304221566, 5.0573883331795795, 2.0205827852583487, 4.863728087804757, 2.7420989395527404, 4.813406925640361, 5.947927109922622]"
696,LiH,-8.874831742455378,5,0.7565237166644789,5000,"[9.42477796076938, 9.42477796076938, 1.3603092159814167, 8.767129730806012, 7.572075333890277, 4.078537810832217, 3.2222751810798402, 4.847915213820256, 3.30369501623305, 4.905004314464552, 2.4818088421574167, 5.0591057203423455, 1.7159771529824686, 5.239840846675686, 5.953480900176397]"
697,LiH,-8.874660776536988,5,0.7595263479402278,5000,"[-1.1455079284168181, 9.209540393250027, 6.499254958148739, 9.110548463204804, 7.07994724997918, -0.6346951234212126, 4.807236605438809, 4.669647025807848, 4.264395411799653, 5.596391072937363, -0.9286296317481134, 5.36793926642698, 5.011306873231167, 4.548426711811288, 5.631673340066927]"
698,LiH,-8.874894914931662,5,0.7625289792159913,5000,"[9.314238261747803, 9.28838815441001, 1.7264702852883596, 8.991214306967045, 8.182545400237604, 3.810294525032706, 3.2329086061281957, 3.209240090538386, 4.836275514786383, 5.415463312163288, 2.31514984115554, 4.780380702714157, 2.4794816831026276, 4.734678090504078, 6.450823125605132]"
699,LiH,-8.874720387839796,5,0.765531610491741,5000,"[-2.353648545291328, 9.42477796076938, 3.4441135880346545, 9.42477796076938, 7.410923565732761, -0.840227437023453, 5.000768346676092, 5.296373435990561, 2.286143518243226, 5.328706036633715, -1.4066334402369058, 6.236143761171384, 5.7015524922809675, 2.50863427948432, 5.64959022990594]"
700,LiH,-8.874699010012064,5,0.7685342417674909,5000,"[7.395968900836342, 9.028379014935783, 1.6870937389851006, 9.410462330960517, 7.017077546857427, 2.329160034158962, 6.559461845735471, -1.9889646789856283, 7.143208223121651, 6.472867848658293, 3.614075319426046, 4.743875736912612, 5.37660195772117, 1.3161106964169411, 6.369745337298096]"
701,LiH,-8.874885620640196,5,0.7715368730432406,5000,"[9.42477796076938, 9.42477796076938, 1.4453466928111416, 9.120562140445122, 7.683748512053052, 3.37415266073036, 4.51061818381451, 2.687489488523982, 4.564083718623251, 5.362895988948168, 2.8428380043323696, 5.167449358458109, 5.811034958026394, 1.2951506898833034, 6.206574839958113]"
702,LiH,-8.87479088045603,5,0.774500000152656,5000,"[8.542645303450016, 8.73642708483977, 1.9338865059162145, 8.59142552609536, 7.25652910876064, 3.7899379119329066, 5.072156448594617, 0.9060535631581875, 5.3452607483258525, 5.817160736586772, 3.682705029392038, 4.846937929880051, 4.483063152956156, 2.05574281907231, 6.149036741415248]"
703,LiH,-8.874666966666226,5,0.7774631272620712,5000,"[6.708499977063906, 8.467411703345409, 2.258706431326609, 9.42477796076938, 7.110968012766727, 1.704083433605773, 7.307515226090629, -2.781158461513863, 7.297846499300796, 6.73854598922275, 3.793292668107827, 4.078905729190296, 5.323823487110223, 1.4891690895546934, 6.619889060988998]"
704,LiH,-8.874758310023882,5,0.7804262543714866,5000,"[8.763743462341864, 9.42477796076938, 1.8356424185085767, 9.018959961859299, 7.100487272590241, 3.088968175295716, 5.598716370707732, -0.14415275734431848, 6.571217806009989, 5.7309637881978475, 3.185081446509639, 5.324421492275491, 4.7121736120515205, 2.137422661895684, 6.288159480066499]"
705,LiH,-8.874692645452766,5,0.783389381480902,5000,"[7.974200653797547, 9.412813391434435, 1.3534922440134105, 9.372041488737276, 7.285158364294144, 2.7151113669118327, 5.788926106945196, -1.196318034777637, 6.9236396630683155, 6.364609023185099, 3.3194843797772133, 4.966766952679937, 5.2916033307747075, 1.4376231472328345, 6.380364149938341]"
706,LiH,-8.874587762862271,5,0.7863164811674542,5000,"[-4.033551252638301, 9.42477796076938, 3.600770676537365, 9.42477796076938, 8.385274199110125, -0.6142168287225034, 4.571663611564176, 2.442559266437631, 5.197626681617779, 5.232558729615267, -0.12816389802247435, 4.255109036234707, 5.043688667444037, 3.0548397115757373, 6.31217284624581]"
707,LiH,-8.874688014551023,5,0.7892435808540065,5000,"[8.920905616250295, 6.296541196546811, 3.713684961602521, 9.1725756058738, 8.447916461102512, 2.541281159613715, 5.168880506437505, -2.5928769763337787, 8.10300916429745, 6.101448589249305, 3.0415072867668336, 4.065957070353003, 2.2617076882675486, 5.0056353933858455, 6.811264727692109]"
708,LiH,-8.874777958368563,5,0.7921667861595039,5000,"[8.681711266963946, 8.91188968527361, 3.7945256941892054, 9.045790582657965, 8.654756713126154, 2.066335243723014, 3.9662621957363178, 0.3200781831821116, 7.114853224406698, 5.658714898951198, 1.8271007425475805, 3.913498899198527, 4.029033048307415, 4.244098092073886, 7.091943649591361]"
709,LiH,-8.875079288967305,5,0.7950899914650011,5000,"[9.42477796076938, 9.196501995574948, 3.358947061471315, 7.478805155201034, 7.561948989192656, 3.3083432508301547, 3.384024745143993, 5.220372009332948, 2.7199943472860157, 4.926513005119288, 2.4353536498593087, 5.040762124159252, 4.265262434934433, 3.3451589415980845, 5.7827679431393335]"
710,LiH,-8.875075374561487,5,0.7979381504987455,5000,"[9.42477796076938, 8.604501951764298, 4.171567483710525, 7.0143894305994134, 7.993526992373331, 3.425784465079263, 2.615107018325398, 5.25538532721939, 3.1016456428443133, 4.788549158963194, 2.2949577065928475, 4.590662798324922, 4.3093213789195755, 3.4567855065174813, 5.925566121137853]"
711,LiH,-8.874925689948123,5,0.80078630953249,5000,"[-4.663602290599298, 9.42477796076938, 5.257751978921141, 8.581253074459521, 7.706971343628919, -0.7159839656173059, 4.473602636422651, 5.184351328404527, 3.214503230963631, 5.573065542601569, -0.7591583834893951, 5.296852629425873, 5.434954340934526, 3.546418979988431, 5.881607791551157]"
712,LiH,-8.875122271253924,5,0.8035316370793302,5000,"[9.42477796076938, 9.21204806038432, 1.67286440232555, 8.421786493361333, 8.388294793173591, 3.0066452389448264, 3.0032042661291407, 4.123763992771262, 3.6532086784743005, 5.285524208895825, 2.2833606116550937, 4.6384107211209, 4.01050606539556, 3.180296986344061, 6.370687945843953]"
713,LiH,-8.875171861377664,5,0.8062769646261704,5000,"[2.2605713950895385, 9.42477796076938, 4.535653771111022, 9.42477796076938, 8.650028717150708, 2.152741577109352, 1.7763820799737688, 2.886396498383421, 5.237468896530861, 5.905208198952432, 0.12165840442979384, 4.347438886856352, 4.2256911863615425, 4.375484296293923, 7.073124175412706]"
714,LiH,-8.875207648743302,5,0.8089691405849593,5000,"[9.42477796076938, 9.42477796076938, 1.6138832421529714, 8.372470885563398, 8.172075086482792, 3.0508022633839835, 3.659192672998517, 3.7323620763959733, 3.597993711894132, 5.481749305720207, 2.5654174956906726, 4.884247512050983, 5.880176359247426, 1.0924147360386698, 6.608990970785146]"
715,LiH,-8.875334860038244,5,0.8116613165437483,5000,"[9.42477796076938, 9.42477796076938, 1.5172556889363842, 8.580380675038786, 7.46481537209225, 2.3648441494062427, 4.469674937254285, 4.818927174601122, 2.0775835781092242, 5.449649188529401, 2.5529914390573145, 5.374897722295847, 6.5272144109048185, 0.58362870680724, 6.02011824273227]"
716,LiH,-8.875255579010185,5,0.8142541407137202,5000,"[9.42477796076938, 9.42477796076938, 0.12884953239062436, 8.781985594980338, 7.956665541242663, 3.6994911343114536, 3.009614097656631, 3.9227272551802232, 3.819070233531525, 4.984758472552308, 2.6486164527285014, 4.8557532929457246, -0.07134251726196066, 6.479672187674064, 6.450870833098948]"
717,LiH,-8.875152258932289,5,0.8168469648836921,5000,"[9.42477796076938, 9.42477796076938, -1.3133385692300787, 9.046054211120921, 8.730165989249434, 4.203135203033896, 1.9709152206797522, 6.603225849521374, 1.5121023477008535, 4.728510222921139, 2.8220669181427276, 4.040576333676835, 1.9904565385450752, 3.9926671935539746, 7.030640813408299]"
718,LiH,-8.875142606021246,5,0.819439789053664,5000,"[9.42477796076938, 9.42477796076938, -1.9026835796341153, 9.367306334155856, 8.430270821618029, 3.999415881739774, 2.5557111153346903, 6.928873776238801, 0.7660577883083597, 4.470530961751258, 2.980308348499074, 4.372022143610066, 2.6322368406496617, 3.230356888501491, 6.761491876192709]"
719,LiH,-8.875258481864257,5,0.822032613223636,5000,"[9.42477796076938, 9.42477796076938, 2.2742613655516744, 7.049338976905691, 6.706343859220283, 3.3921264283819905, 5.898963992675007, 0.5909552849543086, 5.930456953998322, 4.353854314023701, 3.6583595503899513, 5.380771970033122, 7.937088134883195, -2.1244322213019764, 6.273351909314348]"
720,LiH,-8.8751975866566,5,0.8245569081087746,5000,"[9.42477796076938, 9.42477796076938, -3.6608094006131955, 9.42477796076938, 9.038043849395468, 3.092710922065086, 3.074677428276207, 6.310340230635472, 1.0138560051230507, 4.321930954018088, 2.8595212373469696, 2.752405227962697, 1.3714067640696874, 5.205323797213921, 6.754021224753659]"
721,LiH,-8.875100962786645,5,0.8270812029939133,5000,"[-3.7387854431878313, 9.42477796076938, 3.458299860586159, 8.527340916845063, 8.822832232980607, -0.17066375084238938, 3.932558302715613, 4.165144610703704, 3.5049734731791227, 5.632640687833089, -1.1136442100255923, 4.828972728031198, 6.868366664957754, 1.6102343922452216, 6.27805994353937]"
722,LiH,-8.874975633966049,5,0.8295829022794332,5000,"[-1.9391471545242978, 8.891920907466023, 4.549717074239837, 8.044333534784716, 8.874313486531474, 0.06409282768713968, 3.4432464112885226, 2.7944463411023146, 5.3313783829554815, 4.6111867154541955, -0.7429844600454887, 4.054228724139847, 6.273276000438386, 2.322765126854401, 6.041480313779226]"
723,LiH,-8.8751716703665,5,0.8320846015649531,5000,"[9.42477796076938, 7.816177266239684, -0.2945114164446524, 9.055754967187996, 7.501387547988503, 2.7410694124569783, 4.774502592433632, 1.7231645011863905, 3.96960712130298, 4.875028622404687, 3.000044813876366, 5.922593681715185, 5.818875153516485, -0.47158278050154145, 5.191365970558257]"
724,LiH,-8.875295529956922,5,0.8345638900243679,5000,"[9.42477796076938, 9.42477796076938, 2.002254393920677, 8.54732350921634, 8.647619270847244, 3.6852179272987775, 1.5953491208129802, 6.290358501265079, 2.6675983831719936, 5.983397258864904, 2.518538691722671, 3.6057973272413815, 0.6552191218119787, 7.690146131180822, 6.343605334529581]"
725,LiH,-8.875292359299968,5,0.8370431784837828,5000,"[9.42477796076938, 9.085871897256997, 1.3318531479181202, 7.349434830732713, 7.862731056171061, 2.970258009501026, 4.923758405031789, 2.7623808532206677, 3.4900608490286382, 4.9965351660019115, 3.398849212523949, 5.08948385076317, 9.42477796076938, -3.1695731700649263, 5.9557860340875575]"
726,LiH,-8.875137101939039,5,0.8395006448978415,5000,"[-0.11364100981670022, 7.182243497624581, 0.1016216934773359, 9.42477796076938, 8.61050025597422, 1.0844759387309044, 1.434539721917515, 5.708430689742464, 2.649087610240122, 3.788788411466881, -3.0038844269959633, 6.87611101820271, 2.1808686374079644, 5.755777758488938, 4.782830302472628]"
727,LiH,-8.875013441137925,5,0.8419581113119001,5000,"[9.42477796076938, 7.281025030040746, 1.982328913364346, 7.759654632492184, 7.971521337043361, 0.7864734265858351, 4.587577584429241, 1.1178119429429154, 5.456852914961772, 4.067944807062132, 1.7822368688837367, 4.0846135509863615, 6.975928842717327, 0.40093511218733724, 4.890942016293912]"
728,LiH,-8.875204609946922,5,0.844413398225575,5000,"[9.42477796076938, 9.186341338518172, 2.547042268057627, 8.848181298015891, 8.633441018693256, 2.4228161921541647, 1.6920079222012636, 5.830460488709178, 3.2580580271209807, 5.519500698353755, 1.6471627540089906, 3.6582868313179207, 1.9594795401330098, 6.830546526202648, 5.761581262800302]"
729,LiH,-8.875156910717319,5,0.8468686851392501,5000,"[-6.732108956245208, 6.9434194384063685, 1.4099967963717823, 6.6763153489517775, 9.42477796076938, 2.2554041333006776, 2.3318668030275287, 1.4410241887823294, 4.876105904219813, 2.921747774722186, -1.4235031461938037, 3.9745844771807577, 8.264064028553271, 0.08389057056063555, 5.116650275463578]"
730,LiH,-8.87507024636859,5,0.8493239720529251,5000,"[-0.23256249283781005, 8.58076961213812, 2.4160229034532517, 9.42477796076938, 8.13125014315444, 1.55766201767752, 1.182648152646234, 6.364691939084624, 2.0210405789440067, 5.188413155451863, -0.672039423771154, 4.769130652418957, 3.6461878602181623, 5.077453404073914, 5.086296644171185]"
731,LiH,-8.875117381571226,5,0.8517792589666001,5000,"[-0.4762606236957815, 8.417374555797785, 1.3185419839947625, 9.33842876882124, 8.037385167127248, -0.4064429165701673, 4.478458352522209, 4.348374859967289, 3.2257381897000323, 4.398939487547721, -1.1833302030259683, 5.965326398132774, 8.651792316923087, -1.269309004742889, 5.1158584858730265]"
732,LiH,-8.875111222586167,5,0.854197659367043,5000,"[-0.666261085081515, 8.560905639687267, -0.5524192710582774, 9.42477796076938, 8.665569796873557, 2.1537242359757323, 1.660507085982355, 4.605741407162665, 2.6994114618564415, 4.341810088524172, -3.07535815917236, 7.353494307324004, 3.418928680600323, 4.660132604781646, 4.8184451152489975]"
733,LiH,-8.875330128881089,5,0.8566160597674858,5000,"[-0.1686970978017005, 9.42477796076938, 2.2271018469901667, 9.42477796076938, 8.216252573000013, 2.018660743449115, 1.9653194253687087, 4.430634911823067, 2.9980869749632335, 5.8752705639979625, -3.9203890545918103, 8.353919794102293, 7.476828542646535, 0.9371772768771127, 6.570025307823893]"
734,LiH,-8.875266126140447,5,0.8588937291397221,5000,"[9.42477796076938, 9.42477796076938, 1.3101248498796947, 8.853691964159173, 8.090349996183306, 3.0350848700974398, 3.736771042341572, 2.9951473185468442, 4.461207383785688, 5.543471242013283, 3.1416279937937084, 4.1719893543656745, 8.202267187978155, -0.5508226950928405, 6.43754420017153]"
735,LiH,-8.875076891566101,5,0.8611713985119583,5000,"[-0.9473211377707411, 9.42477796076938, 2.0837798376614884, 9.42477796076938, 9.09855218520296, 1.4773996141330783, 1.1442475607463947, 4.198361440942504, 3.6625622955804094, 5.19224088914884, -1.467259763125448, 4.693137201343188, 7.392370268795303, 1.4933668975233034, 5.963688475388671]"
736,LiH,-8.87508350172583,5,0.8634144746318684,5000,"[0.5116107192425512, 9.42477796076938, 4.559078237854342, 8.363446896809029, 8.552396290401244, -0.853796262853296, 3.7941271348797834, 4.940153361198069, 3.2139244082416787, 5.729803594855831, 4.059055371231709, -0.35527587881245626, 5.461198326948439, 3.5824416421478342, 5.900254690481189]"
737,LiH,-8.875137007517194,5,0.8656575507517784,5000,"[-2.0564654052170575, 9.42477796076938, 4.02424344661228, 8.82558025579814, 8.118825161817679, 0.5364593880898132, 2.4541360183859666, 4.994713217125995, 3.455159577668349, 5.142911885984585, -0.922533104194623, 4.402989480870684, 6.457169021969241, 2.926846010349439, 5.62392226338066]"
738,LiH,-8.875152029706067,5,0.8679006268716885,5000,"[0.9794600128956847, 9.42477796076938, -3.731783790171246, 8.944559198173842, 9.256373470476849, 4.995570398852928, -1.4813678642868076, 7.466159396880263, 1.399154003038475, 2.4077215806042376, -1.6408271142138098, 5.188119292377469, -0.3075611418111971, 6.446106737795138, 6.8615116650810615]"
739,LiH,-8.875020593502237,5,0.8701437029915985,5000,"[9.42477796076938, 9.37697944183035, -1.4150475689764068, 9.40864110768656, 8.791023830135122, 0.8126895314140888, 2.845276919022892, 6.813147012425342, 1.5043081483032434, 3.489071298098562, 0.5304166907372778, 4.123414563406321, 3.111662797557922, 4.376596176166978, 5.061636970708841]"
740,LiH,-8.875036808930172,5,0.8723867791115085,5000,"[-2.406188296679111, 9.42477796076938, 2.1680552002580535, 9.42477796076938, 8.509361991876045, 1.3977121401734829, 1.834537503825975, 4.680443562045127, 2.6232646623575455, 5.570791687150651, -2.1200617194513987, 5.2533332373694135, 9.17205230652848, 0.08344309876271577, 6.107117669420455]"
741,LiH,-8.87504465317602,5,0.8746298552314186,5000,"[8.620197187346912, 5.760178738932319, 0.5870097614493719, 8.973948092406157, 8.021210274854766, 3.3871084492945656, 2.4297702258427707, 3.890866847096546, 2.5544116146128717, 5.190722243660661, 3.3635396888030638, 3.911826368900474, 1.6638320198908492, 3.9418370234667353, 5.980757986487965]"
742,LiH,-8.875054882219368,5,0.8768729313513284,5000,"[2.910656985956537, 9.335125539061632, 1.0834430197402998, 9.42477796076938, 8.447654209558515, 1.7701675349652437, 1.2873185105743228, 6.7798427984130605, 1.521589862955512, 4.929431623412865, 0.5079167954678427, 3.892194182358331, 3.263874413089355, 4.729514708773041, 5.456224862772463]"
743,LiH,-8.875039266155653,5,0.8791160074712382,5000,"[9.42477796076938, 9.42477796076938, -3.7449281517650523, 9.42477796076938, 8.588153345114142, 0.9650127088324736, 4.641242856932321, 5.77694959808432, 1.2942685880036109, 2.786498435389882, 1.3540943835463257, 5.064571767325174, 3.1864038091117983, 3.2470725979003845, 4.380272500599096]"
744,LiH,-8.87501054940392,5,0.8812630555251921,5000,"[-0.3232949572616659, 8.814878277549784, 1.3237060568017252, 9.42477796076938, 8.909703994750739, -1.3023997541502865, 3.535280726177866, 5.532232968611968, 2.9965699563816606, 4.700208103009607, 2.651677337902023, 0.9690232192535467, 2.9510275588556887, 5.320074805829353, 5.091939951298793]"
745,LiH,-8.875180917756966,5,0.883410103579146,5000,"[9.42477796076938, 9.42477796076938, 0.4175599176603003, 8.79640715496614, 9.339065722848378, 2.9784769352340907, 1.9191069354355967, 5.297391588520647, 2.7584980021802465, 5.897541969926289, 2.4751599938881443, 3.1827851827000453, 2.582924040195147, 5.290927327598341, 6.584775616570865]"
746,LiH,-8.875111096208263,5,0.8855571516330999,5000,"[9.42477796076938, 9.42477796076938, -9.044906314765264, 9.42477796076938, 9.104608087798066, 1.8770300703301372, 8.246220068975624, 4.968665616321886, -0.9226306588359943, 1.4668353306491924, 2.255065751823423, 1.9834991129388162, 0.015160362908966659, 5.711628018873835, 6.97447748359012]"
747,LiH,-8.875175871826498,5,0.8877041996870537,5000,"[9.42477796076938, 9.424777960769378, -8.788661740093545, 9.42477796076938, 9.283073722781356, 1.4122418538174353, 8.190718470060673, 4.411455677914711, -0.8039231250786245, 2.281166505346707, 1.894044979677804, 1.7600728160355603, -0.981837351169374, 6.297077279082897, 7.986840229129156]"
748,LiH,-8.875129407591885,5,0.8897527796264177,5000,"[9.42477796076938, 9.42477796076938, -5.57511042335121, 9.42477796076938, 8.759156849624148, 2.075008247043634, 5.367344787180665, 5.617994444324628, 0.38394290904819733, 2.8756716725869262, 2.5601401902188683, 4.115554519048519, 1.8574247632194645, 3.8509896293132666, 5.36033167646327]"
749,LiH,-8.875113070106709,5,0.8918013595657817,5000,"[-0.42265237618342133, 9.285013526031154, -2.814680852897117, 9.42477796076938, 8.877844805245891, 5.261547037173099, -1.1631294809755701, 5.011694388897673, 2.4009944203861013, 3.5623589143358054, 0.07913661059724339, 3.9517019900660433, 1.4615131360585416, 6.1045990846053595, 5.201230305829827]"
750,LiH,-8.874943337909118,5,0.8938499395051457,5000,"[-1.8994908159499757, 7.7581963767448885, -6.95751714407184, 9.42477796076938, 9.42477796076938, -1.397136965975654, 9.42477796076938, 5.242316923462871, -1.0921514792382019, 2.021232855015217, -4.834026674806083, 5.649488743212191, 2.088146244632334, 7.480288646272335, 5.52452069625409]"
751,LiH,-8.875146328422753,5,0.8958985194445097,5000,"[9.42477796076938, 9.42477796076938, -7.727216215643792, 9.42477796076938, 9.097474090666434, 2.4714498665074407, 5.836763311933842, 3.6246048919117713, 0.9670060635642765, 3.564276925569089, 2.969343170733892, 1.6568382068604666, -0.9086197266812449, 6.243856499123971, 7.550150407148314]"
752,LiH,-8.875174990455253,5,0.8978413541303102,5000,"[9.42477796076938, 9.42477796076938, -0.6211718781183211, 9.314059177528502, 8.924889805849778, 2.354507064685315, 2.540142866259386, 6.476551254061098, 1.3327122096373345, 5.351917194280585, 2.219156302174982, 3.42525392619815, 3.440483150581458, 4.346949167510023, 6.179822728842153]"
753,LiH,-8.875141528467672,5,0.8997841888161108,5000,"[9.42477796076938, 9.42477796076938, -8.014775371903669, 9.42477796076938, 9.366737042304635, 1.5306839610382266, 8.025239685058613, 4.430319315364361, -0.9372070898335652, 2.6974765066617916, 2.2040698259509544, 3.368515648918118, 0.087903724862631, 4.772038701682487, 6.661887021680842]"
754,LiH,-8.875151841573128,5,0.9017270235019114,5000,"[9.42477796076938, 9.42477796076938, -3.3123485083166706, 9.330602719384572, 8.46525145638881, 2.7829344032421153, 3.8171337284459517, 6.627021242003581, 0.42911659889371945, 3.8160726261864237, 2.7440659259852707, 3.5851577931573124, 1.7153438287215708, 4.70504465530532, 6.110083253176461]"
755,LiH,-8.875131831324902,5,0.903669858187712,5000,"[9.42477796076938, 9.42477796076938, -5.540667006856159, 9.42477796076938, 9.022605428031138, 2.514505927017865, 4.079584802803178, 7.214065824555454, 0.08897970331137034, 2.6883463818738735, 2.551655841046929, 2.261731158968381, 1.209462473887276, 5.359680326673494, 6.614805365447008]"
756,LiH,-8.875086484052018,5,0.9055294261847752,5000,"[-8.653270478406075, 9.42477796076938, 0.025227177573857652, 9.278274709405045, 8.222946793975414, 6.435596574752953, 2.52405538791204, 1.4288010560725184, 1.4576489997189177, 3.6006929957895792, 3.379220175250771, 3.930792091014247, 6.183206976369606, -0.30350678593836966, 4.309339346541212]"
757,LiH,-8.87520119387302,5,0.9073889941818384,5000,"[0.3232481744219098, 8.70995505121735, 0.6081041114550317, 9.42477796076938, 8.451542940735754, 4.036670253697803, -1.4102443859029243, 5.369557426780849, 2.954201601580471, 4.821936778964902, -2.7514651123209166, 6.634791053800891, 0.021138445056758607, 8.434806965930859, 5.5342507065202335]"
758,LiH,-8.875130772371138,5,0.9090273291326368,5000,"[8.773431773459889, 8.21700428366685, 4.922386712226053, 6.997719580065626, 7.693261329319551, 0.9814944233990583, 3.57234598750121, 4.92132690816182, 2.8421906632644616, 5.153140943650802, 1.9275076744293829, 3.8502300442715054, 5.525443537591663, 3.3550735906978892, 4.944152635420284]"
759,LiH,-8.875272579109154,5,0.9106656640834353,5000,"[9.42477796076938, 9.410893211041703, 4.772322905896802, 7.6101610179687, 7.232096169272262, 2.577529132729421, 4.180768086161509, 3.6400087520021795, 4.692699030937426, 5.412399706878636, 2.944387478997025, 4.511050912200065, 4.84796354962338, 4.235735136253362, 5.779634510703795]"
760,LiH,-8.87500586561133,5,0.9123039990342339,5000,"[-3.4111203938965513, 9.42477796076938, 4.5247608303168825, 8.063864394070333, 8.00766935166116, 0.35114974083079475, 3.363524723264827, 5.24568811695075, 2.6360312138726054, 5.33502655031389, -0.28020889731262055, 4.682410745095, 5.750288305369427, 2.8727075586204798, 5.566525098319612]"
761,LiH,-8.875127007652138,5,0.9139423339850323,5000,"[8.52576589671811, 6.838520974631362, 2.0845014209204074, 8.850900169322504, 7.598342681889104, 1.07584342782654, 6.496979107221744, -2.568659386444843, 6.757692201681273, 6.0296508258361285, 3.4058115626752814, 4.043921606807961, 3.5430451805540617, 3.6063497961556754, 5.589224105347857]"
762,LiH,-8.875137724903409,5,0.9155806689358308,5000,"[9.42477796076938, 7.674432711143129, 2.4160968731463344, 7.5818876233064, 7.587237448521836, 2.187210724187919, 5.707495366594146, -1.0350198276569054, 6.287922602857637, 5.4060425906018255, 3.632865239117807, 4.413828821534998, 4.71497748983629, 2.147678149961127, 5.696817452329973]"
763,LiH,-8.875388423316748,5,0.9172190038866292,5000,"[9.42477796076938, 9.42477796076938, 3.2173180114177375, 7.6048638011656156, 7.379055897769888, 2.919429016247935, 4.526824224057749, 3.1021873428843993, 4.263432285544123, 5.48582898546535, 3.2805258774613413, 4.815866285945248, 5.046495819091486, 2.8043449463202093, 6.144904706613062]"
764,LiH,-8.87529077704518,5,0.9188573388374277,5000,"[9.42477796076938, 9.42477796076938, 3.9351381488888384, 7.108532469228963, 7.639231243109279, 3.021248391975147, 3.9448150373748696, 4.287227670835973, 3.4474248087640573, 5.639904914613975, 3.219020959642648, 4.512132917934887, 5.012392271772067, 3.2481435340172804, 5.9884254220076425]"
765,LiH,-8.875290322299302,5,0.9204956737882263,5000,"[9.42477796076938, 9.42477796076938, 3.8564589126169215, 7.728835379472995, 7.289850788480147, 2.8466463978054137, 4.511812109344014, 2.252867029237235, 5.372952751707489, 5.4380676909442585, 3.225971537965594, 4.632720068995846, 4.709190821881411, 3.5037391319921714, 6.339961502094159]"
766,LiH,-8.875288964551443,5,0.9221208191699862,5000,"[9.42477796076938, 9.42477796076938, 3.9826499222487217, 8.309025875184705, 7.465079345030066, 3.1195637117368697, 4.060261272111685, 3.1976623630571286, 4.898822704140523, 5.926475346810886, 3.171612674673967, 4.647904452454918, 3.6121956338218406, 5.096961505947048, 6.167591525941651]"
767,LiH,-8.875201874980485,5,0.9237459645517462,5000,"[9.42477796076938, 9.42477796076938, 1.5173842561211337, 8.83505455987287, 7.477768041879528, 2.4069625038980265, 5.101859487251678, 0.4258420883760838, 5.978777326021924, 6.021511001336002, 3.4010164948758184, 4.896335209793438, 4.4875388211492595, 3.090867527847764, 6.076699120814263]"
768,LiH,-8.875027941896331,5,0.9252355451356179,5000,"[9.42477796076938, 6.895963958033274, 1.879321115546925, 8.237391708937448, 7.796069630038961, 1.299020341927641, 6.627756090976883, -2.4312043330346524, 6.443708459425254, 6.079383795272228, 3.553636942267827, 4.150262716954812, 3.8840776673950153, 3.2576346211849954, 5.198958386138279]"
769,LiH,-8.875163461464588,5,0.9267251257194895,5000,"[9.42477796076938, 9.42477796076938, 1.8026882712447256, 8.313525334547382, 7.567219405199307, 2.883600680942932, 4.657009389771547, 1.769094527954996, 4.789399345235192, 5.914925581267541, 3.646754601267407, 4.671829110959956, 4.306204730694532, 3.2229350319725967, 6.098744918409674]"
770,LiH,-8.875089783010358,5,0.9281872029553562,5000,"[9.42477796076938, 7.191596076049658, 1.2651841067702576, 8.621108952531959, 8.120037326822331, 1.185397973787317, 6.327677284251536, -2.469407372636676, 6.563160032041429, 6.539336632231677, 3.3143290963907113, 4.241059623035924, 3.4324096488655966, 3.7014130270838335, 5.32088103024283]"
771,LiH,-8.875228885034533,5,0.9296492801912227,5000,"[9.42477796076938, 9.42477796076938, 1.2570990180683395, 8.827260226765766, 7.609960728125099, 2.5801877491569654, 5.058145533936258, -0.04661347453894424, 6.261928293880294, 6.206645295168903, 3.5766284873193923, 4.7900660924664935, 4.242179505109515, 3.230071603373557, 6.089194190384325]"
772,LiH,-8.87528818054833,5,0.9311113574270893,5000,"[9.42477796076938, 9.42477796076938, 1.534125705434406, 8.784530614483643, 7.753366231909351, 3.0755900986508165, 4.146170048721187, 2.764220983000484, 4.1268816428093125, 6.236115224097016, 3.490581544307523, 4.524905516743971, 2.2809255259372554, 5.395444594557605, 6.162437223618079]"
773,LiH,-8.874994091544716,5,0.932573434662956,5000,"[8.933725136699142, 6.494623059430767, 1.3187411312242006, 8.719791999009221, 8.375964374813027, 0.8910449916261317, 6.59996930527179, -3.5834245518818166, 7.022632612945275, 6.6670541407060275, 3.383798888264921, 3.602898145617034, 3.9943640298655425, 3.2228765807724766, 5.478016840578231]"
774,LiH,-8.875257579524694,5,0.9339399407274434,5000,"[9.42477796076938, 9.42477796076938, 4.168032834001657, 6.9339950815356755, 7.894136728155015, 2.266849854397062, 4.107461311885224, 3.8066537411352788, 3.6766460124946354, 5.8511572225502455, 3.1166389430726373, 4.088151557482421, 5.5597130511327455, 3.07561214970009, 5.956387767661102]"
775,LiH,-8.875208508105464,5,0.9353064467919308,5000,"[9.42477796076938, 9.42477796076938, 2.3147135161314765, 7.857722268826283, 7.035943662587012, 2.228854734472189, 5.063608634508629, 2.6787567108414363, 4.023930922240442, 5.432581694751791, 3.2551460577518916, 4.563818984580818, 6.500593581012805, 1.1952441918373127, 5.664411078211409]"
776,LiH,-8.87520799054958,5,0.9366424107454326,5000,"[9.42477796076938, 9.42477796076938, 0.3773255516707092, 8.729506269828885, 7.972058340419402, 2.204423629733135, 3.6939618593351846, 5.130033100202697, 1.523359852216364, 5.828816522835232, 3.0277426630723916, 3.970418693511834, 2.283398126601601, 5.429338593693962, 5.885953550320382]"
777,LiH,-8.875271627051296,5,0.9379783746989345,5000,"[9.42477796076938, 9.42477796076938, 1.8298788563305723, 8.601804931307292, 7.330077195692458, 1.8323199501350145, 5.204606204425685, 4.300869142578474, 2.4646258547342326, 5.842355351360574, 2.9089082851712, 4.828697296764174, 6.044556913817262, 1.896221778323607, 5.370603815590615]"
778,LiH,-8.875168047087323,5,0.9393143386524364,5000,"[9.42477796076938, 9.29972715429275, 3.722704596883336, 4.915456123352847, 6.757949790025611, 2.0601430996697703, 6.632908410295669, 0.5838754123050593, 5.572071388907638, 3.956632426686152, 3.6941400389974657, 4.6486543597079555, 7.462223657264391, -1.5476177952123251, 5.992849815373376]"
779,LiH,-8.875405353469977,5,0.9406503026059383,5000,"[9.42477796076938, 9.42477796076938, 2.0882061381411767, 7.454393274135198, 7.650173201568375, 2.173810328830937, 4.9600465979438395, 3.5390285559811234, 2.706423396214596, 5.796869949522991, 3.4800243367052532, 4.503708372683776, 7.581175565625217, 0.0536847769184674, 5.815355545243031]"
780,LiH,-8.875228710852525,5,0.9419862665594401,5000,"[9.42477796076938, 9.42477796076938, 2.0795263376400084, 8.448812992531995, 7.1664294174715995, 2.6432400631115214, 4.826266888375537, 2.3663438986688394, 4.4413509754974045, 5.866233730299691, 3.2493703356357972, 4.701398112709285, 4.952102332769446, 2.6481954347008627, 6.049424149108658]"
781,LiH,-8.875312867166908,5,0.943322230512942,5000,"[9.42477796076938, 9.42477796076938, 5.047642187843892, 7.577280404185611, 7.457256043088756, 2.7169008135423693, 3.8587749148637345, 3.606625033340259, 4.934231562751669, 5.676852675447169, 3.3412916079626536, 4.098294067026352, 4.81635926351038, 4.826256221644692, 5.849387522019962]"
782,LiH,-8.87540953515139,5,0.9446581944664438,5000,"[9.42477796076938, 9.42477796076938, 1.3674147077011147, 7.77803355997562, 7.198069023330362, 1.9829225138765785, 5.678975577463741, 1.4535281069966999, 4.458382227154365, 5.229889684127232, 3.4281502262781722, 4.934723936410483, 8.65408399831217, -1.455757347197029, 5.349763498784565]"
783,LiH,-8.875249017838001,5,0.9459941584199457,5000,"[-7.517145494033945, 9.42477796076938, 5.2351660204736685, 9.42477796076938, 8.050123502619455, 1.143209253638307, 2.425636394261977, 3.680574433272855, 3.934709037549677, 6.232807067751354, 0.8777432412576981, 3.831556000227282, 2.88304130094598, 6.008730474798333, 5.998663201228616]"
784,LiH,-8.875021625571627,5,0.9473096434242675,5000,"[4.696456289622563, 8.697813724899593, 1.3051828939823664, 9.0904894821639, 8.077580912006974, 0.6896139610635792, 4.475734832842447, 0.0913079206250124, 6.084512244999058, 5.251463652440982, 2.9181199871582852, 2.2170731167770485, 8.717841994393906, -0.8357302362513841, 5.7182617155751325]"
785,LiH,-8.8753706130212,5,0.9486251284285893,5000,"[9.42477796076938, 9.42477796076938, 2.586548460478839, 7.798499997336602, 7.757835967251457, 2.0285729763505818, 4.406721282911299, 3.9245278955657668, 3.1115961707509663, 5.798502819325121, 3.0471556379769025, 4.204267687807171, 6.409112609297768, 1.8598991852515971, 5.726634543195116]"
786,LiH,-8.875425779029554,5,0.9498768459549375,5000,"[9.42477796076938, 9.42477796076938, 2.3551836888664353, 6.890487006778718, 7.3092460134816415, 1.7746354747573796, 5.757610267190995, 2.481975118125332, 3.9164454403068327, 4.760386618438581, 3.1348572084382673, 4.811445353099092, 8.696474588666216, -1.4033382502883887, 5.300419183268084]"
787,LiH,-8.875364942319884,5,0.9511285634812857,5000,"[9.42477796076938, 9.42477796076938, 0.3516406929872295, 9.012060250916555, 7.766507171475941, 2.5204614198670523, 4.638265353633495, 0.9996710729892571, 5.43909900759843, 5.820085225646833, 3.3946917865413098, 4.670552445175587, 8.825004664194607, -1.3776105147890543, 5.7083355656534245]"
788,LiH,-8.875289764739485,5,0.9523802810076339,5000,"[9.42477796076938, 9.42477796076938, 2.4862921873213932, 7.740584569015059, 7.248530482600112, 2.2298112062274096, 5.04129734576456, 3.033285297745272, 3.7024680717195384, 5.5569269710901015, 3.4217087653926317, 4.496774573720163, 6.587338406405881, 1.37295693133078, 5.613074834964247]"
789,LiH,-8.875041238082302,5,0.9536319985339823,5000,"[-9.157160920554738, 9.42477796076938, 2.7350188396915858, 8.69830737375186, 7.865639029567097, 3.4416063954508562, 2.8059203888608466, 2.4521140750041246, 2.842938052513757, 4.522690039382159, 0.11040922329200151, 3.5168838645041296, 6.58959245850644, 2.405887763854564, 5.309873482321343]"
790,LiH,-8.866543332470496,2,0.2291345961637302,5000,"[7.297056608827174, 2.709056612774959, 4.814248982337097, 3.3990242168139244, 3.334630996307285, 1.375364951193864]"
791,LiH,-8.866484594842053,2,0.2536044489142012,5000,"[7.257781288054214, 2.6582766546149084, 4.723029927074219, 3.2810903280027386, 3.3226570373961044, 1.3280714556987527]"
792,LiH,-8.866618342696668,2,0.28960347432848255,5000,"[7.270714878414927, 2.602128147524369, 4.732888805697161, 3.06444873991891, 3.3292941119074784, 1.142433527381343]"
793,LiH,-8.865530896637432,2,0.301132646992293,5000,"[4.331230609029257, 4.099434888884717, 1.9788534925509835, 1.72462493433275, 2.198983416026593, 1.648674429351689]"
794,LiH,-8.869430825138597,5,0.2291345961637302,5000,"[9.42477796076938, 9.42477796076938, 9.150483306372369, 5.844879395603444, 9.245003102539577, -5.4626764882074905, 7.469938362178588, 4.681790388292196, 3.5210700960516994, 8.51902306328254, -2.576767661932041, 0.989980594290116, 4.746533445675107, 4.531221707202269, 0.7365661949282868]"
795,LiH,-8.869323112200055,5,0.2536044489142012,5000,"[9.42477796076938, 9.42477796076938, 6.491957419158238, 8.442450544145302, 9.42477796076938, -5.208928963078341, 8.557015994527145, 2.9430289381637147, 4.568084193760542, 9.258339717440382, -1.955453219593904, 0.09388869857203178, 5.702705558948631, 2.994830539125881, 2.539780756817457]"
796,LiH,-8.869429831244858,5,0.28960347432848255,5000,"[9.42477796076938, 9.42477796076938, 9.42477796076938, 8.823437770297422, 5.842686862858256, -5.051690171447788, 4.116060795974194, 6.332176670027008, 3.473909652177962, 6.857442054297955, -4.889471223503868, 3.5614843880028184, 1.1898352103153509, 5.839374156042618, 0.11368507019784008]"
797,LiH,-8.870358517906677,5,0.301132646992293,5000,"[9.42477796076938, 9.42477796076938, 9.42477796076938, 9.42477796076938, 2.1979312180193213, -7.341952597187498, 5.585903095232048, 5.58464781568887, 2.1144426774216782, 5.757780704309161, -7.123997534988431, 6.472845644118365, -1.096972473424009, 5.067144609937047, -1.7831266076123882]"
798,LiH,-8.875014416011297,5,0.9548044888951173,5000,"[-8.961100192338872, 9.42477796076938, 1.1851811552135856, 9.302687558250001, 7.801640610513289, 4.28328349587281, 2.8793897229141265, 1.1012025868365978, 3.417420703413316, 4.113368211297418, 0.12568835112981308, 3.509362501841775, 8.616355778275821, 0.26013748163769485, 5.02939510483716]"
799,LiH,-8.875343235000098,5,0.9559769792562303,5000,"[9.42477796076938, 9.42477796076938, 4.2856879400020755, 6.422628877311059, 7.721565256639935, 2.2285989321654034, 3.773953058201971, 6.233290481913902, 1.034956575577291, 6.306603274939656, 3.1050697338924333, 4.3385506307813735, 6.077979340044734, 2.6294882730229325, 5.468651606867254]"
800,LiH,-8.875222343605392,5,0.9570647377245258,5000,"[9.42477796076938, 9.42477796076938, 4.7313958830587595, 6.170895775553008, 7.201906735010073, 2.057938076475047, 4.737627464785132, 4.250130200545942, 3.2892303713108744, 5.138233908289206, 3.2773576321456517, 4.334178994837156, 6.5656546523889, 2.0768600139119346, 5.257440251681184]"
801,LiH,-8.87524297349314,5,0.9581524961928214,5000,"[9.42477796076938, 9.42477796076938, 4.155339946269445, 7.316154383676368, 7.607336740233201, 2.025248763470964, 4.044371999103234, 4.264439658538334, 3.581676080924864, 5.695425902359407, 3.102203515241551, 4.0155843008925665, 5.663622573477637, 3.5251513576780686, 5.432507334536884]"
802,LiH,-8.875314745205962,5,0.959240254661117,5000,"[9.42477796076938, 9.42477796076938, 3.1020147211862277, 7.4860943616328965, 8.357209890963851, 1.8140011900851292, 3.595984834748887, 4.645366137431145, 2.585597541864846, 6.145807754024533, 2.8531281879606007, 3.7852119813882776, 5.396544405448399, 3.3813830799102886, 5.654234827826805]"
803,LiH,-8.875061030488123,5,0.9603280131294125,5000,"[-8.321831409741614, 9.42477796076938, 6.137659787514116, 8.712885623868576, 7.677969880699812, 1.8863922017084376, 2.231772534349636, 4.045726366217098, 3.733571087374205, 5.574175991202497, 0.8983097158876957, 3.542970334119127, 4.209166513357437, 5.401779056135904, 5.163140384828706]"
804,LiH,-8.875207364839321,5,0.9613627274306805,5000,"[9.42477796076938, 9.42477796076938, 5.550793132087689, 5.485475511694633, 7.538105208676252, 2.4395330347951676, 4.157224635084411, 5.3901907588850895, 2.6358046101662422, 5.530677445082685, 3.4180220653967126, 4.169055944067825, 6.500350011959782, 2.7713526282999204, 5.057468986657749]"
805,LiH,-8.875109955980019,5,0.9623974417319486,5000,"[9.42477796076938, 9.343024528730531, 2.131822762974389, 7.699099305387659, 7.542685487252136, 1.8166828512042836, 5.045059656172267, 1.4396612222852445, 5.176792415322903, 5.074393708319089, 3.120513135888315, 4.253021222723021, 7.322194153864962, 0.49269484071648145, 5.43988678519565]"
806,LiH,-8.875174134436243,5,0.9634321560332167,5000,"[9.42477796076938, 9.42477796076938, 3.035612265834984, 7.335331685887388, 7.762221023848031, 2.0820960608093535, 4.413717676569595, 4.304005142678706, 2.735577450817042, 5.7322858717582825, 3.13486480770433, 4.255783895168893, 6.386568961088194, 1.875633917449342, 5.646393107227766]"
807,LiH,-8.875282524782849,5,0.9644668703344847,5000,"[9.42477796076938, 9.42477796076938, 4.822182639390341, 7.769859701583041, 7.718692017697867, 2.6767927542238033, 3.199697860006327, 4.5622637355656455, 3.9889887679098717, 6.224040956704845, 3.213613311435358, 3.9582232460083393, 4.232454731015169, 5.610553457501617, 5.678959401744122]"
808,LiH,-8.87509915639324,5,0.9654290547023989,5000,"[-6.463431255069176, 9.42477796076938, 3.5988987584684757, 8.542892752932826, 7.938906545671551, 1.4655973863049625, 2.7278708978161696, 5.712476006326584, 1.264297431648545, 5.455355022720034, -0.8047017252833434, 4.497078330268992, 7.052628617430548, 2.3530531306046685, 5.347922058588434]"
809,LiH,-8.874959286144579,5,0.966391239070313,5000,"[-3.504639367258805, 9.42477796076938, 1.5398786232714383, 9.42477796076938, 7.21705957822779, 3.5877062136879445, 1.8616877974918649, 1.2813887261282577, 5.072167948428838, 4.132474961544784, 0.4530729409598365, 4.291759287941757, 8.275584792008466, 0.1164983816774873, 4.65305919997682]"
810,LiH,-8.875290924908658,5,0.9673534234382272,5000,"[9.42477796076938, 9.42477796076938, 1.1369757471337711, 8.462091353177527, 7.712148667066489, 2.065685437330968, 4.817357095870734, 0.9719266713507684, 5.785511985286977, 5.270340703796629, 2.966363631720258, 4.497410470014701, 8.64309230413038, -0.990468720739727, 5.550135644193096]"
811,LiH,-8.875231171394821,5,0.9683156078061412,5000,"[9.42477796076938, 9.42477796076938, 1.7371367067722243, 7.859746031257437, 7.602945372996765, 2.070802672409365, 4.924239040307267, 1.6450783117474685, 4.983070538901112, 5.179507358811964, 3.211216667010846, 4.354939095478633, 8.010550777133783, -0.3307956872547527, 5.57386383067427]"
812,LiH,-8.875119461064621,5,0.9692700970253145,5000,"[-1.8174092212679516, 9.42477796076938, 4.083317011604782, 7.5774397750094815, 7.936961480508647, 5.721179738402529, -0.7145713362985044, 4.695526429133189, 1.9955448983009882, 5.731180559111074, -0.3727685335591808, 4.85394405353466, 8.266637249953991, 0.8714908247918558, 5.7244453564332884]"
813,LiH,-8.875177051019413,5,0.9702245862444877,5000,"[9.42477796076938, 9.42477796076938, 1.8556946928872673, 8.586834195734859, 7.789222802026721, 0.9990085428243656, 4.573387327602326, 2.048258684021593, 5.258885675723976, 5.141420839280109, 2.359091418883398, 3.998001019217448, 6.877218958101672, 1.8412747987921039, 5.0348149669739]"
814,LiH,-8.875240320250164,5,0.971179075463661,5000,"[9.42477796076938, 9.42477796076938, 1.9638406152201253, 8.063924269010444, 7.613337894807989, 1.9059567852417998, 4.818802078718927, 2.280502175999091, 4.464028186299021, 5.4897731720740275, 3.1353132008676408, 4.284108124333525, 7.211140181020257, 0.8107550056355812, 5.648555676644374]"
815,LiH,-8.875272064931867,5,0.9721335646828343,5000,"[9.42477796076938, 9.42477796076938, 3.1960464817173646, 6.720845283381896, 7.562205876817164, 1.9860324118470722, 5.020984428726827, 2.316426699127579, 4.740217393259247, 4.959758021271298, 3.2966464465463767, 4.0209328343621, 7.6198555354583, 0.3903952049011179, 5.655970726276004]"
816,LiH,-8.875328711228748,5,0.9730745625813427,5000,"[9.42477796076938, 9.42477796076938, 1.3429149334705597, 7.777533264780989, 7.7794691015184645, 2.2859146582919765, 4.972313785172281, 0.44889461307243383, 6.121380904540529, 5.194028333729609, 3.209728395945012, 4.394741401361848, 9.08025920426714, -1.7476188285937941, 5.746145166619341]"
817,LiH,-8.875198336999869,5,0.9740155604798512,5000,"[9.42477796076938, 9.42477796076938, 2.597588686521136, 7.501136619170727, 7.326139305730779, 1.2815068907567375, 5.106426587529042, 3.7649360109090604, 3.44006968765566, 4.646557099943501, 2.388197041173748, 4.618780085182094, 8.270020785323293, -0.2688999330181999, 5.028270509110757]"
818,LiH,-8.875033847421834,5,0.9749565583783596,5000,"[-2.8912481144441813, 9.42477796076938, 1.7834303109712906, 9.42477796076938, 7.272707041746789, 3.580025957811217, 1.7339516341160182, 1.206323185300621, 5.111188816517212, 4.472142017817163, -0.6662106186366352, 5.025210017189567, 9.42477796076938, -0.7233153006100084, 5.275346184890417]"
819,LiH,-8.875266326530385,5,0.975897556276868,5000,"[9.42477796076938, 9.42477796076938, 2.463685882537963, 9.16003738785385, 8.316149691954216, 2.8248157197013555, 3.644306100703616, 1.844718246282686, 5.547676911155747, 6.835875068565305, 3.307722901793265, 4.237100302483612, 1.1819555989953725, 7.447676618713638, 6.4850610806586815]"
820,LiH,-8.875071215215808,5,0.9768162545964902,5000,"[-1.4686902755403382, 9.42477796076938, 1.511680481974639, 9.377821709451045, 7.614502253300812, 7.578398239414819, -1.6647655248547708, -0.06325937317894768, 6.4031679223722495, 5.041937379840148, 1.0367969423356507, 3.9239614504489966, 9.42477796076938, -1.0855274237898316, 5.319899984452334]"
821,LiH,-8.875078376372558,5,0.9777349529161125,5000,"[8.747086138714078, 7.9816994970025, 1.2861106699870906, 8.04205128236309, 8.47470804745034, 2.3986627444676385, 3.6370272053786437, 0.6921799321267191, 5.900531189700379, 5.138845081887638, 2.9636332657212594, 3.3470662165658682, 8.579551665413234, -1.37790719840698, 5.798681213917715]"
822,LiH,-8.875179571037734,5,0.9785414105052958,5000,"[9.42477796076938, 9.42477796076938, 3.2162271122852086, 7.582075728286496, 7.465526020604974, 2.270712487998236, 4.657362896330744, 2.965017644369172, 4.041936931503247, 5.722821508319138, 3.4569422286619202, 4.273365527071666, 5.690132099514109, 2.676667754182182, 5.773935041694718]"
823,LiH,-8.875280266406481,5,0.9793478680944792,5000,"[9.42477796076938, 9.42477796076938, 1.5433799373048591, 8.16556893671828, 8.528927975427028, 2.8908116854406973, 2.5767527235679557, 6.826944817876918, 0.5862168476940159, 6.602176646079693, 3.0822813913403024, 3.4988052987595175, 2.375567915348969, 5.850516422060252, 6.225267963482201]"
824,LiH,-8.875133521103276,5,0.9801543256836625,5000,"[-2.453360271608284, 9.42477796076938, 3.2718645271563016, 9.053345161461948, 7.578137549725213, 5.321388378201442, -0.24988246038248793, 3.3221542515233624, 3.380635048542441, 5.51875109996357, 0.6955060305483306, 3.8155720463777354, 6.253256904688902, 2.814923469095488, 5.385114491314965]"
825,LiH,-8.875341886508087,5,0.9809607832728457,5000,"[9.42477796076938, 9.42477796076938, 1.8042630813424614, 7.930950690138596, 7.6026626621126, 2.068450611320836, 4.830432519834497, 3.9515071046346515, 2.786550672715768, 5.467123892992457, 2.9688280226344763, 4.618394235212342, 7.665349584274376, -0.025715222179922434, 5.574013196072578]"
826,LiH,-8.875365612494223,5,0.9817232723114678,5000,"[9.42477796076938, 9.42477796076938, 1.2925538544543502, 7.933328325168749, 7.462542541663813, 2.1762088305343843, 5.383856107967377, -0.9827481849403773, 7.274197223334709, 5.194885154323197, 3.263705393432976, 4.663766150167606, 8.490930436032064, -1.373329476331349, 5.7393602883213335]"
827,LiH,-8.875238935964871,5,0.9824857613500899,5000,"[-2.143036332560791, 9.42477796076938, 1.8162907653682674, 9.42477796076938, 7.178743895053678, 2.3097607441921895, 3.1400509063201243, 1.6680067378156531, 5.340990948076659, 4.32840141662269, -0.7116568006047853, 5.458916132325666, 9.42477796076938, -1.1282088799645487, 5.1464755768082995]"
828,LiH,-8.875301460255802,5,0.983248250388712,5000,"[9.42477796076938, 9.42477796076938, 2.642312917619303, 7.065067184312781, 7.618295309671668, 1.906308327518145, 5.155190057864257, 1.8641383606664905, 5.195842225237745, 4.655683266880887, 3.0250940965171553, 4.23388992693728, 8.221757433753961, -0.5081527661891962, 5.618507932603812]"
829,LiH,-8.875041148301237,5,0.9840107394273341,5000,"[-2.358418212959813, 9.42477796076938, 2.0106200645387973, 8.746366211174816, 6.9447200386809405, 3.1786064275460717, 2.7340262454856283, -0.1636780486484108, 7.075326960766553, 3.3972313755595627, 0.4557126583753241, 4.532944186670114, 9.42477796076938, -1.5084021497702316, 4.740811121709421]"
830,LiH,-8.87535790820492,5,0.9847456192910639,5000,"[9.42477796076938, 9.42477796076938, 1.2590477765636638, 8.104146415756839, 7.731825370586476, 2.3675562434869972, 4.89660578703446, 1.3826938070230028, 5.227756844743225, 5.343229748722454, 3.285565287846296, 4.457933832823764, 8.759005813525551, -1.2623519290299825, 5.68899716281704]"
831,LiH,-8.875378887717813,5,0.9854804991547935,5000,"[9.42477796076938, 9.42477796076938, 1.091734582789137, 8.464644396760296, 7.776525770197594, 2.070860581246781, 4.315182628496143, 2.1612154099230665, 5.002086645433713, 4.769194609304835, 2.531437202362336, 4.722179204229972, 9.42477796076938, -1.9738177583017684, 5.644092636516243]"
832,LiH,-8.875303171888017,5,0.9862153790185233,5000,"[9.42477796076938, 9.42477796076938, 4.381346779730718, 7.709135681455403, 7.212916535850318, 2.132119432379546, 4.469027307589673, 2.934329049313371, 5.201587826453779, 5.290905987177975, 3.2250647876030323, 4.088358867504404, 5.56349685502785, 3.7874453813908957, 5.573133958775858]"
833,LiH,-8.875264093825598,5,0.9869502588822531,5000,"[9.42477796076938, 9.42477796076938, 1.955942151636262, 7.701082587910175, 7.328096506091993, 2.1880752406055795, 5.240594357975063, 1.4875509987195874, 5.213801052142932, 4.958352024336343, 3.2641214410581796, 4.526307793538553, 8.011307454881653, -0.4701036710806141, 5.546538567677247]"
834,LiH,-8.875272996401984,5,0.9876736063651967,5000,"[9.42477796076938, 9.42477796076938, 2.477786812168013, 7.2542655625264185, 7.6859376089557125, 2.1557162351806816, 4.848591131766245, 2.5431138473374073, 4.416744107581571, 5.121639811891763, 3.3164301589629948, 4.150804533241297, 7.874200140786621, 0.025290241224304004, 5.7020586065073]"
835,LiH,-8.875247315761168,5,0.9883969538481405,5000,"[-1.5397167861930163, 9.42477796076938, 1.9803286869877765, 9.42477796076938, 6.942718101682874, 6.759894282235834, -0.3386330443185795, 2.07445467277054, 4.061647505150479, 5.192737891163736, 0.08563043434664991, 5.276728429678963, 9.42477796076938, -0.9548769059287959, 5.6041871281509525]"
836,LiH,-8.875254578529818,5,0.9890927817119083,5000,"[-1.6222955196632487, 9.42477796076938, 2.1960731875085386, 9.42477796076938, 6.756671323012162, 5.885631434739901, 1.225330345604997, 0.15259369818872476, 5.45343532840587, 5.320103135135357, -0.5746961603745144, 6.230762147374635, 9.42477796076938, -1.3941604897410511, 6.359171444216036]"
837,LiH,-8.875335919532207,5,0.989788609575676,5000,"[-1.8079226619360682, 9.42477796076938, 1.8110663713662767, 9.42477796076938, 7.174429578108269, 5.347545030194981, 0.21225666985345965, 3.6394754884539857, 2.8469205131488513, 4.949017306409198, 0.12218968722640294, 4.913277009638968, 9.42477796076938, -0.8347093206204541, 5.230349824970434]"
838,LiH,-8.875276561378268,5,0.9904525777971103,5000,"[9.42477796076938, 9.42477796076938, 0.6321847762977887, 8.961463748610376, 7.540326430778155, 2.3515795117658973, 4.7116200867156754, 2.556261060833907, 3.9540453219201392, 5.680742448445994, 3.249498630820084, 4.670357519282872, 7.919700370509115, -0.4018983224608073, 5.610532925362629]"
839,LiH,-8.875221129583997,5,0.9911165460185445,5000,"[3.812186361783048, 9.209140700356576, 1.2547993255756036, 9.31459663801903, 7.935348735288992, 0.512728951805809, 4.787601789719494, 1.2602340016301408, 5.1317062437101155, 5.405971458400684, 3.1964066608757946, 2.0222305809371286, 9.42477796076938, -1.3997079055372674, 5.716401064384458]"
840,LiH,-8.875422110700486,5,0.9916234994778963,5000,"[9.42477796076938, 9.42477796076938, 0.5758772506040323, 8.954705508435573, 7.530505628042018, 2.0102692748579765, 4.994293004996724, 5.398841756681545, 0.7771078935253233, 5.846669543024385, 3.258739288094369, 5.0008326691352885, 8.453536539723583, -0.9180425139650765, 5.424055300715883]"
841,LiH,-8.875484477495855,5,0.9921304529372482,5000,"[0.4112739233042274, 8.549610321432247, 1.3558163463667277, 9.42477796076938, 8.846947844544633, 7.13175987511267, -4.096015751625468, 6.746730333859905, 1.6149701017663696, 6.570613312493726, -2.184119728800785, 6.3237408435029, 0.06672474420513254, 8.68441387856937, 6.400801642487205]"
842,LiH,-8.875383103460429,5,0.9926374063966,5000,"[9.42477796076938, 9.42477796076938, 1.0127660581717741, 8.278353940082864, 7.150301740421598, 2.347990699273417, 5.286890327074531, 1.4231118029677594, 5.048647674571587, 4.984792259048133, 3.2209857313367154, 5.0136909510022365, 8.979856247676828, -1.8265263085869834, 5.336658235597399]"
843,LiH,-8.875407404284338,5,0.993144359855952,5000,"[9.42477796076938, 9.42477796076938, 1.6194405358144222, 7.501522439169177, 6.982773384920032, 1.8916165043822135, 5.988084289625993, 1.3000433052870273, 4.9726757629624885, 4.668995590644601, 3.1614775459684656, 5.028640501281222, 8.821803227362118, -1.700217554784642, 5.027053641750159]"
844,LiH,-8.875314359921253,5,0.9936261780196068,5000,"[9.42477796076938, 9.42477796076938, 0.6570451634918254, 8.966676218838536, 7.6459600253111955, 2.511746776638711, 4.704823097687008, 2.461630217073795, 4.174843210294567, 5.6916644555311775, 3.328893813358464, 4.663692476858869, 7.807275436060496, -0.2573717110653392, 5.6580926266534535]"
845,LiH,-8.875403551549397,5,0.9941079961832617,5000,"[9.42477796076938, 9.42477796076938, 1.4504196310245667, 8.23709258095969, 7.601001959366104, 1.7130624192303183, 4.99837952812262, 1.9368574156397975, 4.908985007075685, 5.1367271605924545, 2.8056370426754595, 4.442463701512903, 8.656060285561182, -0.7967411914852229, 5.363972649014148]"
846,LiH,-8.875301245289208,5,0.9945898143469166,5000,"[9.42477796076938, 9.42477796076938, 2.7686986851374797, 7.380879803282907, 7.2181805246593695, 2.057942419472551, 5.269845081944629, 1.975071117467599, 5.0866284075635075, 4.8139896143397465, 3.218776932414384, 4.400989787342986, 7.393387856800527, 0.48939444978997365, 5.5227461464141765]"
847,LiH,-8.875310314066043,5,0.9950716325105715,5000,"[9.42477796076938, 9.42477796076938, 1.5429166389530131, 7.812507275085576, 7.026343599916251, 2.258102065282447, 5.639214309663448, 1.9501543988918328, 4.4265021047755475, 4.878870550570994, 3.311312473642791, 5.042784152608254, 8.20076945180471, -1.065072966731473, 5.221961105577976]"
848,LiH,-8.875312387977724,5,0.9955395509023913,5000,"[9.42477796076938, 9.42477796076938, 1.6951586799294212, 7.792480242351596, 7.169931182779651, 2.328471762837694, 5.3938150435276295, 2.978525884817025, 3.4069609390098305, 5.193275638538552, 3.3108074843084916, 4.943672887135364, 8.126970641119065, -0.951913456033362, 5.4821542242011585]"
849,LiH,-8.875500211557387,5,0.9960074692942112,5000,"[9.42477796076938, 9.42477796076938, 0.7684360533019666, 8.485235009394918, 7.675903102200996, 2.8791595121749145, 4.472765887382572, 1.8389529390968171, 4.944930011766206, 5.418806734405562, 3.386839697586238, 4.6669319068380535, 9.300483511453335, -2.053926731942693, 5.865359125372094]"
850,LiH,-8.875436524821348,5,0.9964079977705685,5000,"[9.42477796076938, 9.42477796076938, 8.179403001314192, 9.056081040481612, 7.025050913184892, 2.600730089208053, 2.670612773716091, 4.74497228372797, 6.517291565063098, 5.949903506428389, 2.56750547204335, 3.7985946104948534, 4.784465072087407, 7.842387740867812, 5.614704742411508]"
851,LiH,-8.875502671226286,5,0.996808526246926,5000,"[9.424777960769378, 9.42477796076938, 1.2041574849870107, 8.043928857520136, 7.460195725452765, 2.4786985548471825, 5.01112167268078, 1.7104648234632167, 5.118628160352683, 4.954493419112546, 3.1187786778339888, 4.797804584195223, 9.42477796076938, -2.210981481949366, 5.558708570602828]"
852,LiH,-8.875302483752414,5,0.9971745590188557,5000,"[-1.5442965457370725, 9.42477796076938, 2.0290412706291523, 9.42477796076938, 7.344264193578449, 5.94692858026786, -0.0017403838920078255, 1.2809185058977546, 5.028936556566354, 5.253476397288355, -0.6071908053564423, 5.447665661924857, 9.42477796076938, -0.7609128516492398, 5.869685457878063]"
853,LiH,-8.875196553159043,5,0.9975405917907852,5000,"[-5.292822617135795, 9.42477796076938, 7.1603818522787925, 9.238756472133659, 7.632610044567935, 2.08284751089231, 1.6164585713119255, 3.4373251737953474, 4.964723659546435, 6.072895494837994, 0.8966217130618654, 3.279577900536789, 4.152643754848567, 6.315112303875141, 5.702353659670023]"
854,LiH,-8.875422211838412,5,0.997906624562715,5000,"[9.42477796076938, 9.42477796076938, 6.855308794985317, 8.204011846683304, 7.090590604311653, 2.8621631493579534, 2.8734900069453166, 4.6526614114103175, 5.747153169131219, 5.586005347480606, 3.067190603730535, 3.8271565298734935, 4.700337168986085, 6.899171634006976, 5.2881644638844705]"
855,LiH,-8.875331354246399,5,0.9982726573346447,5000,"[-1.5081784897342554, 9.42477796076938, 2.152813125814301, 9.42477796076938, 7.277557352014289, 6.273312160352382, -0.12381401955498826, 0.9892724642917684, 5.361795927976935, 5.358459758906202, -0.6038084910137977, 5.4810718655163235, 9.42477796076938, -0.6934473343896805, 5.957631614413688]"
856,LiH,-8.87541234503164,5,0.9985264493761358,5000,"[9.42477796076938, 9.42477796076938, 1.200026179051216, 8.034993154764878, 7.069032659210604, 1.9349204992636488, 5.622130693942724, 0.775413301829253, 5.6708636652734095, 4.667354699989589, 3.057764720983017, 5.052377398448345, 9.086282066870393, -1.8649229094479491, 5.076694107321847]"
857,LiH,-8.875390812362937,5,0.998780241417627,5000,"[9.42477796076938, 9.42477796076938, 1.0019895125089036, 8.217595248112126, 7.476785587137815, 2.382549288053807, 5.022423007196933, 1.2224356008094306, 5.210607949831355, 5.238855304043013, 3.365782186320863, 4.742380558326547, 8.947980004273788, -1.6614100615825214, 5.586941641781816]"
858,LiH,-8.875420428512108,5,0.9989063546999913,5000,"[9.42477796076938, 8.945049894593977, 6.336839665903949, 8.559472848418304, 7.043670860678598, 2.8783379195178913, 3.6064536394796236, 3.4655631721779074, 5.962275833936596, 5.820084673947402, 3.245974614065541, 4.234024371262681, 4.200995817791124, 6.534754992009651, 5.953076017464495]"
859,LiH,-8.875244781710455,5,0.9990324679823558,5000,"[9.42477796076938, 9.42477796076938, 1.061240297609236, 9.201429422219679, 7.298199430094935, 2.2239728806367274, 4.632658740823926, 2.733851815100581, 4.023782543093644, 5.875616624916294, 3.049581273042854, 4.906353215192696, 0.5805072741918604, 7.179390600469272, 5.527538163349357]"
860,LiH,-8.8753641534767,5,0.9991585812647201,5000,"[9.42477796076938, 9.42477796076938, 6.707167690057542, 7.883944263099171, 7.475336345571092, 2.59052595817719, 2.4483302357464467, 5.139469291924473, 4.830472580592769, 5.894596546063957, 2.791569270756117, 3.8652908880480608, 4.516492463418659, 6.831878339804559, 5.21917386371492]"
861,LiH,-8.875283150531054,5,0.9992846945470846,5000,"[-2.0278510400924006, 9.42477796076938, 2.032622161746491, 9.42477796076938, 7.268486613792696, 5.517092938883036, 0.31075044155706394, 3.2353273820684145, 2.9693321059606124, 5.348917463529963, -0.5663957786513261, 5.388964638726188, 9.42477796076938, -0.5442384480461075, 5.499876877243253]"
862,LiH,-8.875191358547578,5,0.9993969352775235,5000,"[-2.9643557298584664, 9.42477796076938, 1.7736495717545195, 9.42477796076938, 7.868525295895393, 2.4889835013063664, 2.3232578361985503, 2.7432908917150325, 3.9740995879945595, 4.998121156443249, -1.1269572417449962, 5.079907270609081, 9.424777960769378, -0.5508624747830033, 5.454143039474461]"
863,LiH,-8.875330985119419,5,0.9995091760079624,5000,"[-1.230869532275547, 9.42477796076938, 1.988220009109766, 9.42477796076938, 7.4378982599829335, 6.628964534463212, -0.8967930238468473, 2.7091228313430924, 3.834874521188369, 5.364203988680293, -0.15860929570675927, 5.244523848205599, 9.42477796076938, -0.8074700227665448, 5.857416533660167]"
864,LiH,-8.87520107703201,5,0.9996214167384013,5000,"[-2.4577088625414145, 9.42477796076938, 2.416819023727726, 9.068661906131528, 6.919701338436607, 2.281940202238486, 3.5632216095993487, 2.1835837562550666, 4.659510032964602, 4.222983343313786, -1.0042665859219344, 5.8331404030862615, 9.42477796076938, -1.1297457984477182, 5.33966622225703]"
865,LiH,-8.87530691881095,5,0.9997336574688402,5000,"[-2.0243576333334685, 9.42477796076938, 1.8268112185215313, 9.42477796076938, 6.903670531891027, 5.782115960091851, 0.5537637167923122, -0.8288931573930831, 6.6942710439715984, 4.721571404450382, -0.3874072349860542, 5.3823730232427005, 9.42477796076938, -0.9611028070987209, 5.6229488076120875]"
866,LiH,-8.87529904852012,5,0.9997727234824537,5000,"[-2.364969300142413, 9.42477796076938, 1.6407672293698594, 9.42477796076938, 7.326940417348782, 5.830123574884519, 0.4142072939268487, -1.35132180593666, 6.941221339944596, 5.100370007990888, -0.4604490514744094, 5.162221319972517, 9.42477796076938, -0.8193094125417428, 5.725382981353814]"
867,LiH,-8.87528570742701,5,0.9998117894960671,5000,"[-2.9951404926328684, 9.42477796076938, 1.9508596190858825, 9.42477796076938, 7.500603303517487, 5.408921370044306, 0.31799756252601896, 2.513062597468389, 3.1255709046692948, 5.522087656351691, -0.893333758169274, 5.047530281611774, 9.42477796076938, -0.08259843810546251, 5.567594019739815]"
868,LiH,-8.87537199399661,5,0.9998508555096806,5000,"[-1.6225853971487867, 9.42477796076938, 2.3001499870470905, 9.07345303350656, 6.939820148203697, 8.392882950148572, -1.4660689290006121, 2.4844276078470937, 3.2809968156258704, 5.5288087041963, 0.5721412662367593, 5.088736889389713, 9.42477796076938, -1.0402447419873764, 5.726421430127068]"
869,LiH,-8.875388632091399,5,0.999889921523294,5000,"[9.42477796076938, 9.42477796076938, 1.5903027384699109, 7.55094722981038, 7.511100274765339, 2.1456803297987364, 5.403402046664564, 1.2827818568755451, 5.2678321738607625, 4.937234519660727, 3.3142480541504877, 4.554390986496471, 9.221136072210555, -1.8227807682945785, 5.457086583497064]"
870,LiH,-8.875436535563733,5,0.99991744114247,5000,"[9.42477796076938, 9.42477796076938, 0.8378449254911108, 8.416657934351383, 7.417823845970975, 2.4031735576602182, 5.057783061784364, 1.933507374745803, 4.567615879979573, 5.239527341503986, 3.343454503091043, 4.845139306289157, 9.42477796076938, -2.0832173718260973, 5.434151043651124]"
871,LiH,-8.875236653933793,5,0.9999449607616461,5000,"[-2.1084927484284526, 9.42477796076938, 1.6459905589086374, 9.42477796076938, 7.781784214989964, 4.398080263285921, 0.7738754242000326, 0.000935522582376588, 6.231649152174671, 5.047015634570418, -1.1172828504155148, 5.298541552607887, 9.42477796076938, -0.6717627231427996, 5.81845811046459]"
872,LiH,-8.875278303739991,5,0.9999724803808221,5000,"[-3.0493559508454284, 9.42477796076938, 1.38419910105687, 9.42477796076938, 7.557877408175001, 4.8564427007892, 0.7310569632270536, -1.1456234073883234, 6.675576863768461, 4.905845623053047, -0.6099465657768521, 4.804814336983208, 9.42477796076938, -0.6758678768481723, 5.5086140500360825]"
873,LiH,-8.875269325343199,5,0.9999999999999981,5000,"[-3.713062753004024, 9.42477796076938, 1.6640416241190632, 9.42477796076938, 7.082158599226526, 5.270515695340561, 0.8173454155610145, 1.127530244807985, 4.4292270495206445, 4.6750662620195556, -0.2592381500442897, 4.498908826243009, 9.42477796076938, -0.1811066445626656, 4.9041930098857875]"
