ansatz_name,trotter_steps,threshold_gamma,max_evals,cx_error_prob,energy,optimal_parameters
HEA,,,1000,0.0,-8.85668669423,"[0.0, 0.0, 0.0, 0.0, 0.0, 0.0, 0.0, 0.0, 0.0, 0.0, 0.0, 0.0, 0.23561944901923448, 0.19634954084936207, 0.19634954084936207, 0.19634954084936207, 0.19634954084936207, 0.19634954084936207, 0.19634954084936207, 0.19634954084936207, 0.19634954084936207, 0.19634954084936207, 0.19634954084936207, 0.19634954084936207, 0.0, 0.0, 0.0, 0.0, 0.0, 0.0, 0.0, 0.0, 0.0, 0.0, 0.0, 0.0, 0.19634954084936207, 0.22580197197676638, 0.3337942194439155, 0.18653206380689397, 0.38288160465625604, 0.41233403578366035, 0.2945243112740431, 0.19634954084936207, 0.19634954084936207, 0.19634954084936207, 0.0, -0.37306412761378793, 0.0, 0.0, 0.0, 0.0, 0.0, 0.0, 0.0, 0.0, 0.0, 0.0, 0.0, 0.0, 0.6970408700152353, 0.19634954084936207, 0.0, -0.42215151282612845, 0.19634954084936207, 0.19634954084936207, 0.19634954084936207, 0.19634954084936207, 0.23868741059500576, -0.08283496254582462, 0.0, -0.41233403578366035, 0.0, 0.0, 0.0, 0.0, 0.0, 0.0, 0.0, 0.0, 0.0, 0.0, 0.0, 0.0, 0.23561944901923448, 0.19634954084936207, 0.19634954084936207, 0.0, 0.0, 0.41233403578366035, 0.19634954084936207, 0.19634954084936207, 0.0, -0.41233403578366035, 0.16689710972195776, -0.11780972450961724]"
HEA,,,1000,1e-05,-8.8564429587,"[4.681337853654911e-09, 0.0, 0.0, 0.0, 0.0, 0.0, 0.0, 0.0, 0.0, 0.0, 0.0, 0.0, 1.5707963267948968, 0.7461282552275759, 0.42215151282612845, 0.0, 0.2945243112740431, -0.19634954084936207, 0.09817477042468103, -0.19634954084936207, 0.0, 0.19634954084936207, 0.0, 0.2748893571891069, 0.0, 0.0, 0.0, 0.0, 0.0, 0.0, 0.0, 0.0, 0.0, 0.0, 0.0, 0.0, 0.0, 0.41233403578366035, 0.0, 0.0, 0.0, 0.0, 0.0, 0.7952156404399164, -0.19634954084936207, -0.09817477042468103, -0.3337942194439155, 0.19634954084936207, 0.0, 0.0, 0.0, 0.0, 0.0, 0.0, 0.0, 0.0, 0.0, 0.0, 0.0, 0.0, 0.8050331174823845, 0.0, 0.8393942871310228, 0.0, 0.0, 0.2748893571891069, 0.0, 0.7755806863549801, 0.0, -0.3362485887045325, -0.3976078202199582, 0.0, 0.0, 0.0, 0.0, 0.0, 0.0, 0.0, 0.0, 0.0, 0.0, 0.0, 0.0, 0.0, 0.19634954084936207, -0.19634954084936207, 0.3141592653589793, -0.19634954084936207, 0.20616701789183017, 0.19634954084936207, 0.1472621579776905, -0.19634954084936207, 0.6283185307179586, 0.9424777960769379, 0.2945243112740431, 0.19634954084936207]"
HEA,,,1000,0.0001,-8.854249915709,"[0.0, 0.0, 0.0, 0.0, 0.0, 0.0, 0.0, 0.0, 0.0, 0.0, 0.0, 0.0, 0.19634954084936207, 0.19634954084936207, 0.39269908169872414, 0.3141592653589793, 0.19634954084936207, 0.20616701789183017, 0.3939262663290326, 0.3988350048502667, 0.09819231607895657, -0.4859651136021711, 0.11780972450961724, -0.09817477042468103, -3.5091308550997205e-05, 0.0, 0.0, 0.0, 0.0, 0.0, 0.0, 0.0, 0.0, 0.0, 0.0, 0.0, 0.0, -0.8953539062730911, 0.0, 0.8482300164692442, 0.0, -0.48105637508093707, 0.0, -0.42215151282612845, 0.0, -0.41233403578366035, 0.0, -0.40251655874119224, 0.0, 0.0, 0.0, 0.0, 0.0, 0.0, 0.0, 0.0, 0.0, 0.0, 0.0, 0.0, 0.0, 0.7068583470577035, 0.0, -0.3976078202199582, 0.8796459430051422, 0.8325220532012952, 0.21598449493429828, -0.48105637508093707, 0.0, -0.4270602513473625, 0.0, -0.31902873397204345, 0.0, 0.0, 0.0, 0.0, 0.0, 0.0, 0.0, 0.0, 0.0, 0.0, 0.0, 0.0, 0.0, -0.5046968597992005, 0.0, -0.35201545683473645, 0.0, -0.4266282823574941, 0.19634954084936207, 0.19634954084936207, 0.0, -0.3078760800517998, 0.0, -0.47123889803846897]"
HEA,,,1000,0.001,-8.83237650689,"[0.0, 0.0, 0.0, 0.0, 0.0, 0.0, 0.0, 0.0, 0.0, 0.0, 0.0, 0.0, 0.2945243112740431, 0.19634954084936207, 0.09817477042468103, -0.19634954084936207, 0.2945243112740431, 0.19634954084936207, -0.19634954084936207, -1.6787885742620459, 0.8443030256522569, 0.0, 0.9032078879070655, 0.0, 0.0, 0.0, 0.0, 0.0, 0.0, 0.0, 0.0, 0.0, 0.0, 0.0, 0.0, 0.0, 0.09817477042468103, -0.19634954084936207, -0.2945243112740431, 0.19634954084936207, 0.0, -0.41233403578366035, 0.07363107781851078, -0.19634954084936207, 0.12762720155208535, -0.19634954084936207, 0.8663923489978101, 0.7731263170943632, 0.0, 0.0, 0.0, 0.0, 0.0, 0.0, 0.0, 0.0, 0.0, 0.0, 0.0, 0.0, 0.0, -0.43196898986859655, 0.0, 0.19634954084936207, 0.0, -0.43196898986859655, 0.0, -0.39269908169872414, 0.0, -0.41233403578366035, 0.0, -0.3976078202199582, 0.0, 0.0, 0.0, 0.0, 0.0, 0.0, 0.0, 0.0, 0.0, 0.0, 0.0, 0.0, 0.0, -0.40251655874119224, 0.0, -0.40251655874119224, 0.2945243112740431, 0.19634954084936207, -0.2945243112740431, 0.2748893571891069, 0.7875457365004881, 0.8338719562946345, 0.0, -0.41233403578366035]"
HEA,,,5000,0.0,-8.85668669423,"[5.992112452678287e-09, 0.0, 0.0, 0.0, 0.0, 0.0, 0.0, 0.0, 0.0, 0.0, 0.0, 0.0, 0.19634954084936207, 0.19634954084936207, 0.19634954084936207, 0.19634954084936207, 0.19634954084936207, 0.11780972450961724, 0.2945243112740431, 0.2748893571891069, 1.9634954084936207, 1.170243263462198, 0.10602875205865551, 0.19634954084936207, 0.0, 0.0, 0.0, 0.0, 0.0, 0.0, 0.0, 0.0, 0.0, 0.0, 0.0, 0.0, 0.09817477042468103, -0.09817477042468103, 0.2945243112740431, 0.19634954084936207, 0.0, -0.39269908169872414, 0.3141592653589793, 0.19654589039021142, -0.33399056898476487, 0.23561944901923448, 0.02454369260617026, -0.14726215563702155, 0.0, 0.0, 0.0, 0.0, 0.0, 0.0, 0.0, 0.0, 0.0, 0.0, 0.0, 0.0, -0.007853981633974483, 0.38484510006474965, 0.3337942194439155, 0.19634954084936207, 1.3744467859455345, 0.9817477042468103, 0.19634954084936207, 0.23561944901923448, 0.21598449493429828, -0.23561944901923448, 0.7412195167063418, 0.22580197197676638, 0.0, 0.0, 0.0, 0.0, 0.0, 0.0, 0.0, 0.0, 0.0, 0.0, 0.0, -7.490140565847857e-08, 0.12016591899980959, -0.041626102660064765, 0.22246402978232724, 0.08835729338221293, 0.553705705195201, 0.07304481554023741, 0.0868257669635879, 0.09817064708432319, 0.11780972450961726, 0.2790519704511696, 0.19655452977000876, 0.2921956057195697]"
HEA,,,5000,1e-05,-8.856442958711,"[6.344805941396826e-09, 0.0, 0.0, 0.0, 0.0, 0.0, 0.0, 0.0, 0.0, 0.0, 0.0, 9.913759283432541e-09, 0.2962148567810171, 0.2107345434789471, 0.08704243901927676, -0.22516071005403648, 0.7893095612193539, 0.9032078879070655, 0.08194671579994864, -0.19636253501193005, 0.3505780993724933, -0.2228545379979105, 0.4310327604555736, 0.35075891277616883, -4.619662453823376e-06, -7.931007426746032e-08, 0.0, 0.0, 0.0, -9.771001149751111e-08, 3.933779683666032e-07, 0.0, 0.0, 0.0, 3.221971767115575e-08, 1.541368966871048e-07, -0.33502217145755875, 1.6072503838264287, 0.18583305530520833, -0.19554260335389048, 0.0003248540641995175, -0.4544712220908653, -0.2975089079888761, 0.19715517892857684, 0.16009601883228974, -0.43295508249595216, 0.19636084094874368, 0.27374067321809736, -1.1928235169826032e-07, 8.933486765486732e-07, 0.0, 0.0, 0.0, 0.0, -1.6242703209975876e-07, 2.0303379012469847e-06, 0.0, 0.0, 0.0, 0.0, -0.02748534296308656, -0.392380734867498, 0.09091527172819167, 0.12265150437139033, 0.021179731965794583, 0.8613010618536139, 0.7814711725804611, 0.7800307696598003, -0.02549723609018552, -0.3861862525307087, 0.1941476403437143, -0.03139897604120575, -1.8725351414619645e-09, 0.0, 0.0, 0.0, 0.0, 0.0, 0.0, 0.0, 0.0, 0.0, 0.0, -1.7227323301450075e-07, -0.011342075249110243, -0.4116193568424214, 0.006381360077604268, -0.4015486936250895, 0.0009586411710498053, -0.4019101411858921, 0.1925505425336694, -0.0017542119466773941, -0.1560824109452727, -0.41312732940843555, -0.00787022433718446, -0.3848126146583297]"
HEA,,,5000,0.0001,-8.85424991624,"[1.0562269871650403e-08, 0.0, 0.0, 0.0, 0.0, 0.0, 0.0, 0.0, 0.0, 0.0, 0.0, 1.1266421196427096e-07, -0.04244539798572715, -0.3746340079914383, 0.23515797640702885, -0.4079161711145497, 0.2945243112740431, -0.19681250626237626, 0.006560111327496253, -0.4071041477247209, 0.1977809794433508, 0.19426576881932767, 0.12074182963093882, 0.1970947062864632, -4.627330430770041e-05, 1.6005139564885263e-07, -1.6912960288158704e-08, 0.0, 0.0, 0.0, 0.0, 0.0, 0.0, 0.0, 0.0, 0.0, -0.8813862989534114, -0.4250379534590334, 0.04802149265154135, -0.48421444780849265, -0.02748893571891069, -0.2768528525976004, 0.02748893571891069, -0.3239305951402268, 0.13742482227047986, -0.19634954084936207, 0.11626375869331754, -0.4800653469467395, -4.5065684785708377e-07, 4.262065992615993e-06, 0.0, 0.0, 0.0, 0.0, -1.4533683343390955e-06, 4.0623898229017004e-05, 0.0, 0.0, 0.0, 0.0, 0.8324182218635489, -0.19280773855068373, -0.1963033935881415, -9.163940032773106e-05, 0.19586499460654616, 0.19924455973227748, -0.09634971679984913, -0.0014944369585172604, 0.19783862831231025, 0.192516586873156, 0.19393699571765954, 0.20124563164212173, -4.135182485043976e-08, -7.745664572543627e-08, 0.0, 0.0, 0.0, 0.0, 0.0, 0.0, 0.0, 0.0, 0.0, 0.0, -0.026912094953653626, -0.39645648162854685, 0.11777214166432373, -0.19586499460654616, 1.3369772760853773, -0.19634954084936207, 0.16226404058110222, 0.10558164791495075, 0.10181669606896916, -0.19637305122804793, -0.03650857244678006, -0.4139302062271749]"
HEA,,,5000,0.001,-8.832376621084,"[0.0, 0.0, 0.0, 0.0, 0.0, 0.0, 0.0, 0.0, 0.0, 0.0, 0.0, 1.1280758490330726e-09, 1.5700735963485715, 1.566469975207239, 0.2964766425132438, 0.200291552125873, 0.07889975809764908, 0.20518028501680885, -0.0033210266295626138, -0.37424553268184363, 0.05050370673553182, 0.1031204737353362, 0.0023069139006237794, -0.41659500801611193, -0.00045872231382787607, -6.471061509971848e-09, 0.0, 0.0, 0.0, 0.0, 0.0, 0.0, 0.0, 0.0, 0.0, 0.0, -0.0005361532586941827, -0.3747858526598542, 0.0043510783041047565, -0.3794639700861027, 0.0968294879300193, -0.19907347522997737, 0.289163871345357, 0.19568198460873076, 0.19594922777698284, 0.201730670828009, 0.21105288294889862, 0.20443435229470056, -1.3295620867052564e-05, 0.0, 0.0, 0.0, 0.0, 0.0, 0.0, 0.00041349210701729244, 3.975820191726701e-05, 0.0, 0.0, 0.0, 0.196472536670097, 0.0002780343641939448, 0.18224615879816944, 0.1940888864865845, 0.0029914841411783867, 0.19779801042058462, 0.192106797035477, 0.00074187016660147, 0.14889926938251175, 0.1936589758600386, -0.0029934357478362443, 0.19593734805975427, 1.8583674317289964e-08, 1.0353698415954957e-07, 0.0, 0.0, 0.0, 0.0, 0.0, 0.0, 0.0, 0.0, 0.0, -1.1319816537449264e-07, 0.19652028627835838, 0.39295127226659565, 0.392249154837353, 0.21449079012176764, 0.15973845325290353, -0.01783469286849927, 0.005369790797772681, -0.0025194341091095865, -0.0032287693067355088, 0.005175303852020191, -0.1602768146346697, 0.0009273193707478437]"
HEA,,,5000,0.01,-8.631836114533,"[3.496198507491616e-08, 7.915091206302461e-08, 0.0, 0.0, 0.0, 0.0, 0.0, 0.0, 0.0, 0.0, -0.00015052980678288122, 0.01017301438397799, 0.1811772463287588, -0.20631228882332, 0.17905221325357237, 0.21628850771661176, 0.18827413189275333, 0.2656661557244608, 0.3141561516921738, -0.5134435192682039, 0.8130948372352003, 0.5835308139834883, -0.08389664463402118, -0.1809874134777355, 0.00433108358645066, -7.999455693307497e-05, 0.0, 0.0, 0.0, -0.0005461081362355698, 0.0009801940906792284, 0.0, 0.0, 0.0, 0.0, 1.5707991047577827, 0.12274977133084287, 1.166061366254311, 0.7895145622591941, 0.022991362728676485, 0.017737401780137857, -0.301881555035357, -0.11818535207473849, -0.3874671189641937, 0.7501620165769725, -0.08408913429721024, 0.03344807280607597, -0.2211131323192161, -0.00010072285551114351, -0.000844971127610134, 0.0, 0.0, 0.0, 0.0, -0.0001552028164762597, 0.0036928479692898693, 0.0, 0.0, 0.0, 0.0, 2.0266280499637475, -0.5381519428039134, 0.13069944942031927, -0.00498601680634706, 0.2631606492212962, -0.19042648631041426, 0.04324648982860575, 0.6810345391191738, 1.2201902580603423, 0.9426739134965789, -0.19818897182576958, 0.28125107065886157, -3.8623970211351844e-10, 0.0, 0.0, 0.0, 0.0, 0.0, 0.0, 0.0, 0.0, 0.0, 0.0, -1.5709536553767094, 0.29686078811171707, 2.9030045151687416, -0.15551126708621174, -0.6556545227713604, -0.13580092136112773, -0.5433451624581481, 0.7724564110902838, 0.7944049839513608, 0.26833764700089857, 0.18046895797646095, 0.16136931436243152, 0.11216681953985717]"
UCCSD,,,1000,0.0,-8.856686694226,"[0.0, 0.0, 0.0, 0.0, 0.0, 0.0, 0.0, 0.0, 0.0, 0.0, 0.0, 0.0, 0.0, 0.0, 0.0, 0.0, 0.0, 0.0, 0.0, 0.0, 0.0, 0.0, 0.0, 0.0, 0.0, 0.0, 0.0, 0.0, 0.0, 0.0, 0.0, 0.0, 0.0, 0.0, 0.0, 0.0, 0.0, 0.0, 0.0, 0.0, 0.0, 0.0, 0.0, 0.0, 0.0, 0.0, 0.0, 0.0, 0.0, 0.0, 0.0, 0.0, 0.0, 0.0, 0.0, 0.0, 0.0, 0.0, 0.0, 0.0, 0.0, 0.0, 0.0, 0.0, 0.0, 0.0, 0.0, 0.0, 0.0, 0.0, 0.0, 0.0, 0.0, 0.0, 0.0, 0.0, 0.0, 0.0, 0.0, 0.0, 0.0, 0.0, 0.0, 0.0, 0.0, 0.0, 0.0, 0.0, 0.0, 0.0, 0.0, 0.0]"
UCCSD,,,1000,1e-05,-8.796996119828,"[0.0, 0.0, 0.0, 0.0, 0.0, 0.0, 0.0, 0.0, 0.0, 0.0, 0.0, 0.0, 0.0, 0.0, 0.0, 0.0, 0.0, 0.0, 0.0, 0.0, 0.0, 0.0, 0.0, 0.0, 0.0, 0.0, 0.0, 0.0, 0.0, 0.0, 0.0, 0.0, 0.0, 0.0, 0.0, 0.0, 0.0, 0.0, 0.0, 0.0, 0.0, 0.0, 0.0, 0.0, 0.0, 0.0, 0.0, 0.0, 0.0, 0.0, 0.0, 0.0, 0.0, 0.0, 0.0, 0.0, 0.0, 0.0, 0.0, 0.0, 0.0, 0.0, 0.0, 0.0, 0.0, 0.0, 0.0, 0.0, 0.0, 0.0, 0.0, 0.0, 0.0, 0.0, 0.0, 0.0, 0.0, 0.0, 0.0, 0.0, 0.0, 0.0, 0.0, 0.0, 0.0, 0.0, 0.0, 0.0, 0.0, 0.0, 0.0, 0.0]"
UCCSD,,,1000,0.0001,-8.300737072585,"[0.0, 0.0, 0.0, 0.0, 0.0, 0.0, 0.0, 0.0, 0.0, 0.0, 0.0, 0.0, 0.0, 0.0, 0.0, 0.0, 0.0, 0.0, 0.0, 0.0, 0.0, 0.0, 0.0, 0.0, 0.0, 0.0, 0.0, 0.0, 0.0, 0.0, 0.0, 0.0, 0.0, 0.0, 0.0, 0.0, 0.0, 0.0, 0.0, 0.0, 0.0, 0.0, 0.0, 0.0, 0.0, 0.0, 0.0, 0.0, 0.0, 0.0, 0.0, 0.0, 0.0, 0.0, 0.0, 0.0, 0.0, 0.0, 0.0, 0.0, 0.0, 0.0, 0.0, 0.0, 0.0, 0.0, 0.0, 0.0, 0.0, 0.0, 0.0, 0.0, 0.0, 0.0, 0.0, 0.0, 0.0, 0.0, 0.0, 0.0, 0.0, 0.0, 0.0, 0.0, 0.0, 0.0, 0.0, 0.0, 0.0, 0.0, 0.0, 0.0]"
UCCSD,,,1000,0.001,-6.009255735687,"[0.0, 0.0, 0.0, 0.0, 4.741381217275729, 0.0, 0.0, 0.0, 0.0, 0.0, 0.0, 0.0, 0.0, 0.0, 0.0, 0.0, 0.0, 0.0, 0.0, 0.0, 0.0, 0.0, 0.0, 0.0, 0.0, 0.0, 0.0, 0.0, 0.0, 0.0, 0.0, 0.0, 0.0, 0.0, 0.0, 0.0, 0.0, 0.0, 0.0, 0.0, 0.0, 0.0, 0.0, 0.0, 0.0, 0.0, 0.0, 0.0, 0.0, 0.0, 0.0, 0.0, 0.0, 0.0, 0.0, 0.0, 0.0, 0.0, 4.663838488448109, 0.0, 0.0, 0.0, 0.0, 0.0, 0.0, 0.0, 0.0, 0.0, 0.0, 0.0, 0.0, 0.0, 0.0, 0.0, 0.0, 0.0, 0.0, 0.0, 0.0, 0.0, 0.0, 0.0, 0.0, 0.0, 0.0, 0.0, 0.0, 0.0, 0.0, 0.0, 0.0, 0.0]"
UCCSD,,,5000,0.0,-8.87707030798,"[-0.00022272179119462747, 0.0, 0.0, 0.0005644572923457576, -0.03820584753607716, 1.080331996693716e-05, -1.9147480462600916e-05, -0.0036414698731511404, -0.00022502181376834278, 0.0, 0.0, 0.0005719454676584849, -0.03820874130471191, 4.13291615190274e-05, 1.2519563039641572e-05, -0.0036413477036371313, 2.8598561055035685e-06, -7.853235804392969e-06, 0.0006739753356387343, -0.0037957981584882472, 0.0, 1.2248991364284387e-06, 0.0001713838607759367, -0.00020653135648742883, -5.255087416072705e-06, -3.7986041198330194e-06, -0.0003363008629123342, 0.0, -6.877504894223896e-06, -4.612007062422502e-06, -0.001815596608002974, 0.0, 0.0, 0.0, -0.0030650463206091895, -3.531060733909674e-06, 0.0, 0.0, 0.0, -2.425497379038089e-06, -0.0018216343046939002, 0.0, 0.0, 1.4831454107807473e-05, -0.0030699029829194427, 1.2335158396737009e-06, 0.0001628946483841714, -4.444043107546277e-06, 0.0, -0.0010472546046285105, -0.0010031575538055285, 0.0, 1.254379624413624e-06, -0.0002650300789416263, -0.0002107267837334422, -1.1354829740666325e-06, 1.8359226021169152e-06, -0.0010179137361672104, -0.035761365559139245, 6.017134654177107e-05, -2.1461421590642413e-06, 0.05924413555341173, 3.6144298534325097e-06, -0.00308294074280141, 9.454436992221439e-06, 0.0, 1.1385126025967743e-05, -0.027219726366844804, 0.0, 0.0, 0.0, 0.0, -0.003076977222831876, 6.9706744833780536e-06, 0.0, 1.7880209352746464e-05, -0.027235714210242012, -3.330014777729608e-06, -0.00033813678384736544, 0.0, 0.0, -0.0002653510992434695, 0.059399996958691845, -1.3827841096117501e-05, -7.030118967483211e-06, -0.11469664296540319, 0.0, 0.0, 0.0006825606247087962, -1.111244251515872e-06, 0.0, 0.0]"
UCCSDT,,,1000,0.0,-8.856686694197,"[0.0, 0.0, 0.0, 0.0, 0.0, 0.0, 0.0, 0.0, 0.0, 0.0, 0.0, 0.0, 0.0, 0.0, 0.0, 0.0, 0.0, 0.0, 0.0, 0.0, 0.0, 0.0, 0.0, 0.0, 0.0, 0.0, 0.0, 0.0, 0.0, 0.0, 0.0, 0.0, 0.0, 0.0, 0.0, 0.0, 0.0, 0.0, 0.0, 0.0, 0.0, 0.0, 0.0, 0.0, 0.0, 0.0, 0.0, 0.0, 0.0, 0.0, 0.0, 0.0, 0.0, 0.0, 0.0, 0.0, 0.0, 0.0, 0.0, 0.0, 0.0, 0.0, 0.0, 0.0, 0.0, 0.0, 0.0, 0.0, 0.0, 0.0, 0.0, 0.0, 0.0, 0.0, 0.0, 0.0, 0.0, 0.0, 0.0, 0.0, 0.0, 0.0, 0.0, 0.0, 0.0, 0.0, 0.0, 0.0, 0.0, 0.0, 0.0, 0.0, 0.0, 0.0, 0.0, 0.0, 0.0, 0.0, 0.0, 0.0, 0.0, 0.0, 0.0, 0.0, 0.0, 0.0, 0.0, 0.0, 0.0, 0.0, 0.0, 0.0, 0.0, 0.0, 0.0, 0.0, 0.0, 0.0, 0.0, 0.0, 0.0, 0.0, 0.0, 0.0, 0.0, 0.0, 0.0, 0.0, 0.0, 0.0, 0.0, 0.0, 0.0, 0.0, 0.0, 0.0, 0.0, 0.0, 0.0, 0.0, 0.0, 0.0, 0.0, 0.0, 0.0, 0.0, 0.0, 0.0, 0.0, 0.0, 0.0, 0.0, 0.0, 0.0, 0.0, 0.0, 0.0, 0.0, 0.0, 0.0, 0.0, 0.0, 0.0, 0.0, 0.0, 0.0, 0.0, 0.0, 0.0, 0.0, 0.0, 0.0, 0.0, 0.0, 0.0, 0.0, 0.0, 0.0, 0.0, 0.0, 0.0, 0.0, 0.0, 0.0, 0.0, 0.0, 0.0, 0.0]"
tVHA,1.0,0.0,1000,0.0,-8.85668669423,"[-6.642216777699862, -5.328469669974996e-08, 2.448762213267964]"
tVHA,1.0,0.030296928567,1000,0.0,-8.856686694025,"[-1.7578542807792612, -0.00016012669381682443, -0.00019919174416004547]"
tVHA,1.0,0.060593857135,1000,0.0,-8.856686694229,"[1.747357074933696, 1.0563586825127201e-05, 1.2654006509238594e-05]"
tVHA,1.0,0.089999340526,1000,0.0,-8.856686683664,"[1.7522401288459428, 0.0031701123704134405, 0.004110666595261437]"
tVHA,1.0,0.089999340527,1000,0.0,-8.856686694229,"[1.7494584415981829, 1.5769743934011362e-05, 1.9841499356750925e-05]"
tVHA,1.0,0.119404823918,1000,0.0,-8.856686694229,"[1.762035004978798, 6.710365147772004e-06, 9.108152437980705e-06]"
tVHA,1.0,0.119404823919,1000,0.0,-8.856686694229,"[5.6285800853937324, 1.4444616020366614e-06, 2.1983626170577e-06]"
tVHA,1.0,0.147178153291,1000,0.0,-8.856686694229,"[5.627668379849086, -6.942045826754024e-07, -1.1526611367090064e-06]"
tVHA,1.0,0.147178153292,1000,0.0,-8.856660222128,"[1.5219844653260197, 0.10679797816709771, 0.13997223575638418]"
tVHA,1.0,0.174951482665,1000,0.0,-8.856660222128,"[1.5219844653260197, 0.10679797816709771, 0.13997223575638418]"
tVHA,1.0,0.202043039414,1000,0.0,-8.864134090152,"[3.020173281810518, 1.0713159289392584, 1.3263059179298187]"
tVHA,1.0,0.229134596163,1000,0.0,-8.864190352625,"[3.0244659932654527, 1.0854610669559186, 1.340969727659473]"
tVHA,1.0,0.229134596164,1000,0.0,-8.864188728675,"[3.0309997818859142, 1.0849877862880253, 1.3404674589257144]"
tVHA,1.0,0.253604448914,1000,0.0,-8.864188728642,"[3.031000149207908, 1.0849831268776873, 1.3404627114324914]"
tVHA,1.0,0.278074301664,1000,0.0,-8.864179901613,"[3.147129517199077, 1.0871494682080007, 1.3405075058408924]"
tVHA,1.0,0.278074301665,1000,0.0,-8.864179901582,"[3.147131210101344, 1.0871481583984157, 1.3405051563080304]"
tVHA,1.0,0.289603474328,1000,0.0,-8.864265316914,"[3.1678174617055417, 1.1366942425072233, 1.3431257553502889]"
tVHA,1.0,0.301132646992,1000,0.0,-8.864411313389,"[3.191558423253473, 1.1925970830054848, 1.353560784084047]"
tVHA,1.0,0.312361313283,1000,0.0,-8.864410423406,"[3.1969352241759497, 1.201040009670362, 1.358103605837566]"
tVHA,1.0,0.323589979574,1000,0.0,-8.864576694768,"[3.0817699487427843, 1.2323416104856157, 1.3958914092574948]"
tVHA,1.0,0.334198865599,1000,0.0,-8.864493956763,"[3.088853586010517, 1.217777625104563, 1.3788344616919348]"
tVHA,1.0,0.344807751624,1000,0.0,-8.864414215313,"[3.0962814209165304, 1.2044883884412954, 1.3633210527422213]"
tVHA,1.0,0.354442462248,1000,0.0,-8.864402886835,"[3.0958990467417484, 1.205565369012498, 1.3607083136216378]"
tVHA,1.0,0.364077172871,1000,0.0,-8.864415508841,"[3.082199844288751, 1.2027891235471961, 1.3570676433021729]"
tVHA,1.0,0.373547603716,1000,0.0,-8.864468571661,"[3.085551479501955, 1.2135422847903983, 1.3687231765717485]"
tVHA,1.0,0.383018034561,1000,0.0,-8.864514406548,"[3.0741570864475314, 1.2188992008572328, 1.374552313837405]"
tVHA,1.0,0.392044879126,1000,0.0,-8.864374629496,"[3.093824888502068, 1.1973588346116957, 1.3545970007444352]"
tVHA,1.0,0.40107172369,1000,0.0,-8.864374323939,"[3.0940172529169705, 1.1973306189837194, 1.3545441735681831]"
tVHA,1.0,0.410098568254,1000,0.0,-8.864374323939,"[3.0940165549074647, 1.1973311815022378, 1.3545435712105465]"
tVHA,1.0,0.419125412818,1000,0.0,-8.864374323939,"[3.09401375779577, 1.1973305291417256, 1.3545425042227683]"
tVHA,1.0,0.42809837062,1000,0.0,-8.865361194379,"[3.126266752246722, 1.3057370653581766, 1.5025278899467929]"
tVHA,1.0,0.428098370621,1000,0.0,-8.866111709624,"[3.1850167713596087, 1.3769416560926002, 1.612843959082467]"
tVHA,1.0,0.437071328423,1000,0.0,-8.866111709679,"[3.1850167701880507, 1.3769413932795143, 1.612844336847632]"
tVHA,1.0,0.444939982016,1000,0.0,-8.866207662919,"[3.164639769837107, 1.3828330361947456, 1.6155802693904677]"
tVHA,1.0,0.444939982017,1000,0.0,-8.866226220619,"[3.1860072644939335, 1.4026918528133088, 1.6370511618695265]"
tVHA,1.0,0.45280863561,1000,0.0,-8.866226220681,"[3.186008537114641, 1.402690902743152, 1.637052677410817]"
tVHA,1.0,0.460364883803,1000,0.0,-8.867187420876,"[3.2524167379542908, 1.4353745421956718, 1.679761762223936]"
tVHA,1.0,0.467921131996,1000,0.0,-8.868164219393,"[3.3180391294748346, 1.4712124431253246, 1.722196237610456]"
tVHA,1.0,0.475477380188,1000,0.0,-8.868090767052,"[3.2774297292669616, 1.4409686304505875, 1.7011709845541065]"
tVHA,1.0,0.483033628381,1000,0.0,-8.868034988088,"[3.336874260767102, 1.4575340284642213, 1.7101916498439356]"
tVHA,1.0,0.490063751497,1000,0.0,-8.868453935764,"[3.368233270962996, 1.485500057562526, 1.7641713356354964]"
tVHA,1.0,0.497093874614,1000,0.0,-8.868844895539,"[3.4745439379727268, 1.5120772733237935, 1.8164156392103696]"
tVHA,1.0,0.504062606173,1000,0.0,-8.868714002101,"[3.4398378544318127, 1.4815693530878868, 1.7866479124987857]"
tVHA,1.0,0.504062606173,1000,1e-05,-8.8616131718,"[3.4341940614615742, 1.4698263065413912, 1.774138437750156]"
tVHA,1.0,0.504062606173,1000,0.0001,-8.798485843496,"[3.385917926306268, 1.368583349992571, 1.6661253903588191]"
tVHA,1.0,0.504062606173,1000,0.001,-8.237759124178,"[3.0591313831691234, 0.6354021930810222, 0.8710756142413302]"
tVHA,1.0,0.511031337733,1000,0.0,-8.868789990663,"[3.41155156355194, 1.4856038776246367, 1.7933344279085]"
tVHA,1.0,0.518000069292,1000,0.0,-8.868814036436,"[3.488425578004878, 1.4926287873265438, 1.7997395937962746]"
tVHA,1.0,0.518000069293,1000,0.0,-8.868849029096,"[3.42270436367345, 1.5107536485739137, 1.8133789296466198]"
tVHA,1.0,0.524968800852,1000,0.0,-8.868849029111,"[3.4227194485900654, 1.5107536485739133, 1.8133776779194966]"
tVHA,1.0,0.530750641794,1000,0.0,-8.8688488946,"[3.4229007455276426, 1.5110711696089474, 1.8137609517260167]"
tVHA,1.0,0.536532482736,1000,0.0,-8.868796303612,"[3.415700333471503, 1.4992190408981483, 1.8016106237764387]"
tVHA,1.0,0.541659503706,1000,0.0,-8.869187731554,"[3.4425500718885997, 1.5086427264381053, 1.8169799027675853]"
tVHA,1.0,0.546786524677,1000,0.0,-8.869240802542,"[3.452028573817265, 1.523985169263036, 1.8313410622531492]"
tVHA,1.0,0.551913545648,1000,0.0,-8.869577613203,"[3.469207747430225, 1.5196164800877032, 1.8312125401730115]"
tVHA,1.0,0.557040566618,1000,0.0,-8.869577613203,"[3.469207747430225, 1.5196164800877032, 1.8312125401730115]"
tVHA,1.0,0.561781322516,1000,0.0,-8.869553452555,"[3.470775599946167, 1.5196060772984994, 1.829643880595225]"
tVHA,1.0,0.566522078414,1000,0.0,-8.869452594325,"[3.3890199760353283, 1.5005199908736946, 1.8118638943343273]"
tVHA,1.0,0.566522078415,1000,0.0,-8.868357924928,"[3.5499165071363596, 1.4650781164137792, 1.7229873591832685]"
tVHA,1.0,0.571258166226,1000,0.0,-8.868357924932,"[3.549914361642563, 1.4650784994624573, 1.7229886209046579]"
tVHA,1.0,0.575994254037,1000,0.0,-8.867928418162,"[3.5143287954308353, 1.3916846343655327, 1.6389174824363952]"
tVHA,1.0,0.580360998383,1000,0.0,-8.867916718121,"[3.512326721805953, 1.3888979144659426, 1.6364671994405924]"
tVHA,1.0,0.584727742728,1000,0.0,-8.867928418162,"[3.5143287954308353, 1.3916846343655327, 1.6389174824363952]"
tVHA,1.0,0.589039200222,1000,0.0,-8.868559506388,"[3.6490442784505204, 1.5103010934058554, 1.7665882012137306]"
tVHA,1.0,0.593350657715,1000,0.0,-8.867903722608,"[3.573461821361112, 1.3851692811710845, 1.6320460195080189]"
tVHA,1.0,0.597662115209,1000,0.0,-8.868576226845,"[3.6418048329683987, 1.509770173853325, 1.7674046144129205]"
tVHA,1.0,0.601973572702,1000,0.0,-8.868494884544,"[3.629976583386312, 1.487288878385847, 1.7481044229239728]"
tVHA,1.0,0.606254306312,1000,0.0,-8.86866482609,"[3.639192961717864, 1.5211994565301243, 1.7810977629864473]"
tVHA,1.0,0.610535039921,1000,0.0,-8.867941612909,"[3.5686155020464088, 1.392350570848084, 1.6360170791828386]"
tVHA,1.0,0.61481577353,1000,0.0,-8.867931484849,"[3.5524972922330527, 1.3879593994563606, 1.635979997839399]"
tVHA,1.0,0.619096507139,1000,0.0,-8.868568895459,"[3.646970906274273, 1.5088747663447222, 1.7664461591694318]"
tVHA,1.0,0.623377240748,1000,0.0,-8.868605725016,"[3.634786087195141, 1.5133243769655875, 1.771478814164502]"
tVHA,1.0,0.627657974357,1000,0.0,-8.867935573951,"[3.551580432323594, 1.3886258614858538, 1.636676223421459]"
tVHA,1.0,0.631938707966,1000,0.0,-8.868004935609,"[3.581017525640663, 1.4115786483632426, 1.6558614098210194]"
tVHA,1.0,0.636219441576,1000,0.0,-8.868572598779,"[3.648941404057365, 1.5102495597551902, 1.7678173098903471]"
tVHA,1.0,0.640434286211,1000,0.0,-8.867992470404,"[3.6316859855967265, 1.3968556837863693, 1.6466872939624522]"
tVHA,1.0,0.644649130847,1000,0.0,-8.867873478499,"[3.5773786099824267, 1.382148114162898, 1.6271857498514213]"
tVHA,1.0,0.648863975483,1000,0.0,-8.867858393073,"[3.573585578579575, 1.3809384019763957, 1.6255777758036385]"
tVHA,1.0,0.653078820119,1000,0.0,-8.868024901131,"[3.5923443762786613, 1.413772772724831, 1.6586433854784963]"
tVHA,1.0,0.657293664754,1000,0.0,-8.868436334259,"[3.5695041011569377, 1.4913786810065313, 1.7440366158891656]"
tVHA,1.0,0.66150850939,1000,0.0,-8.868027553007,"[3.59223775247761, 1.4136380613718238, 1.6587436822670716]"
tVHA,1.0,0.665723354026,1000,0.0,-8.868432200589,"[3.5652637644417062, 1.4828419207400232, 1.7372298796469563]"
tVHA,1.0,0.669938198662,1000,0.0,-8.868461469533,"[3.5711243692657235, 1.490448268619339, 1.7455642975242662]"
tVHA,1.0,0.673797989548,1000,0.0,-8.868078744733,"[3.611535963352156, 1.4192676651936131, 1.66528908784759]"
tVHA,1.0,0.677657780434,1000,0.0,-8.868081285861,"[3.6186016867373034, 1.4206703312021383, 1.66680519611465]"
tVHA,1.0,0.681346832573,1000,0.0,-8.868081092826,"[3.6178085570349086, 1.419922855971534, 1.6660117110053903]"
tVHA,1.0,0.685035884712,1000,0.0,-8.86808128586,"[3.6185946641528792, 1.4206575017634449, 1.6667956497763363]"
tVHA,1.0,0.68870830281,1000,0.0,-8.868060258146,"[3.620214973114503, 1.4167544217187615, 1.6627401461866205]"
tVHA,1.0,0.692380720908,1000,0.0,-8.868066442775,"[3.617315375097042, 1.417156551614014, 1.6632647251277737]"
tVHA,1.0,0.695898965478,1000,0.0,-8.868565437078,"[3.660908891301581, 1.4996506909855376, 1.7600873134075512]"
tVHA,1.0,0.699417210049,1000,0.0,-8.868078725463,"[3.6198669228732285, 1.4216335196921501, 1.6669242199973935]"
tVHA,1.0,0.702935454619,1000,0.0,-8.868439181808,"[3.5777488899324155, 1.4838930644821944, 1.7431173569047815]"
tVHA,1.0,0.70645369919,1000,0.0,-8.868026627913,"[3.5947480205064504, 1.4107492120228466, 1.6562235106441938]"
tVHA,1.0,0.709938148629,1000,0.0,-8.86799028557,"[3.547948312691351, 1.4067974083617945, 1.6503434077480015]"
tVHA,1.0,0.713422598069,1000,0.0,-8.868045700586,"[3.592824762694307, 1.4134191020758586, 1.658421250073196]"
tVHA,1.0,0.716907047508,1000,0.0,-8.867964884222,"[3.5221061802948936, 1.400824352211153, 1.6442397120236443]"
tVHA,1.0,0.720391496947,1000,0.0,-8.867984678923,"[3.547689801211982, 1.4055806037722016, 1.6493418676610716]"
tVHA,1.0,0.723871704358,1000,0.0,-8.86824799765,"[3.593450016972726, 1.5177726747803193, 1.6938412546760109]"
tVHA,1.0,0.727351911769,1000,0.0,-8.867755041101,"[3.58271752192441, 1.4770776679310738, 1.582169262398771]"
tVHA,1.0,0.730772198126,1000,0.0,-8.867860639664,"[3.6462900558949682, 1.4926335231403636, 1.5983625931692607]"
tVHA,1.0,0.730772198127,1000,0.0,-8.867815794297,"[3.660373699390421, 1.4870492080972353, 1.5930742299887988]"
tVHA,1.0,0.734192484484,1000,0.0,-8.867815893183,"[3.6604325749362916, 1.4870928430223889, 1.5931147351520922]"
tVHA,1.0,0.737523319073,1000,0.0,-8.867821974213,"[3.6594969896079053, 1.4876938633646877, 1.5934281603624803]"
tVHA,1.0,0.740854153661,1000,0.0,-8.867821985965,"[3.6594738086607763, 1.488175046791047, 1.5938536344656484]"
tVHA,1.0,0.744184988249,1000,0.0,-8.867874221606,"[3.6493867376945692, 1.493020810985247, 1.5994733594276989]"
tVHA,1.0,0.747515822837,1000,0.0,-8.86764510575,"[3.6326375666425177, 1.4578775738198082, 1.560096629750261]"
tVHA,1.0,0.750518454113,1000,0.0,-8.867845816238,"[3.627836636329687, 1.486790063960405, 1.5940512149668997]"
tVHA,1.0,0.753521085389,1000,0.0,-8.867661398818,"[3.571018480183569, 1.4618517566930815, 1.56583860602395]"
tVHA,1.0,0.756523716665,1000,0.0,-8.867793920001,"[3.585303639231535, 1.4816134969496306, 1.587854077036906]"
tVHA,1.0,0.75952634794,1000,0.0,-8.867788118836,"[3.578562543592155, 1.4800958523837129, 1.5867346842992576]"
tVHA,1.0,0.762528979216,1000,0.0,-8.868379102265,"[3.579703205348157, 1.5809731744837148, 1.696781483685689]"
tVHA,1.0,0.765531610492,1000,0.0,-8.867792344069,"[3.579662391252229, 1.4791468748479417, 1.587505221064813]"
tVHA,1.0,0.768534241767,1000,0.0,-8.868495067907,"[3.62772348866714, 1.6002009131926946, 1.7152724488373812]"
tVHA,1.0,0.768534241768,1000,0.0,-8.868495067906,"[3.6277248813133576, 1.6002031119554925, 1.715274692378075]"
tVHA,1.0,0.771536873043,1000,0.0,-8.867676115621,"[3.5688347455121323, 1.4627675066047412, 1.567198538748288]"
tVHA,1.0,0.774500000153,1000,0.0,-8.868437826592,"[3.736625525906521, 1.579257213067353, 1.692913434815626]"
tVHA,1.0,0.777463127262,1000,0.0,-8.867673535769,"[3.5738342337061475, 1.4646586156972556, 1.5683955814667194]"
tVHA,1.0,0.780426254372,1000,0.0,-8.867662371416,"[3.5516360896955677, 1.4577102056418547, 1.5630827978332236]"
tVHA,1.0,0.783389381481,1000,0.0,-8.86764751596,"[3.5513173159068936, 1.4581364850828031, 1.5622054908437182]"
tVHA,1.0,0.786316481167,1000,0.0,-8.867624027933,"[3.5501775022178372, 1.452933293931794, 1.5572398559254754]"
tVHA,1.0,0.786316481168,1000,0.0,-8.867625736384,"[3.5464682054083765, 1.448839252175254, 1.556946595902713]"
tVHA,1.0,0.789243580854,1000,0.0,-8.867625736389,"[3.5464666740528297, 1.4488353498049824, 1.5569444367680454]"
tVHA,1.0,0.792166786159,1000,0.0,-8.86764597415,"[3.5470388720937196, 1.45100127832477, 1.5595791063885138]"
tVHA,1.0,0.79216678616,1000,0.0,-8.867648657774,"[3.5472729381953907, 1.4512352096064292, 1.5604357894904204]"
tVHA,1.0,0.795089991465,1000,0.0,-8.867650852535,"[3.5469546642689047, 1.4514409504388999, 1.5606757830609628]"
tVHA,1.0,0.797938150499,1000,0.0,-8.867769955905,"[3.5577050886319155, 1.456717811781758, 1.566961315445505]"
tVHA,1.0,0.800786309532,1000,0.0,-8.867772680714,"[3.557643882751023, 1.4573018075173203, 1.5675429987848086]"
tVHA,1.0,0.800786309533,1000,0.0,-8.867614800888,"[3.5682113675568345, 1.4768169347003517, 1.5354341029708933]"
tVHA,1.0,0.803531637079,1000,0.0,-8.86761172465,"[3.5685737003422613, 1.4766171564189459, 1.535048254280591]"
tVHA,1.0,0.806276964626,1000,0.0,-8.867629540625,"[3.589621839096555, 1.519005654898553, 1.5288714181764562]"
tVHA,1.0,0.808969140585,1000,0.0,-8.868343044268,"[3.639106905286978, 1.6351332669324892, 1.647109798849288]"
tVHA,1.0,0.811661316544,1000,0.0,-8.867720244166,"[3.568397940108333, 1.5273479382952697, 1.5382730768717323]"
tVHA,1.0,0.814254140714,1000,0.0,-8.867783876208,"[3.556848251421486, 1.5282429924724175, 1.540103988058401]"
tVHA,1.0,0.816846964884,1000,0.0,-8.86774835486,"[3.575022682722007, 1.5357383027524507, 1.5440054681786797]"
tVHA,1.0,0.819439789054,1000,0.0,-8.867665125324,"[3.5953893526867704, 1.527875345233393, 1.5324383188043302]"
tVHA,1.0,0.822032613224,1000,0.0,-8.867664958833,"[3.5948342765863943, 1.5282874624901348, 1.533156899250919]"
tVHA,1.0,0.824556908109,1000,0.0,-8.868647872695,"[3.633127067592472, 1.665045960829341, 1.6861026619873059]"
tVHA,1.0,0.827081202994,1000,0.0,-8.868133375436,"[3.6134978340232795, 1.5517542533132271, 1.5838305450295653]"
tVHA,1.0,0.829582902279,1000,0.0,-8.86819334651,"[3.577494251171003, 1.559026486132247, 1.5922079875278603]"
tVHA,1.0,0.832084601565,1000,0.0,-8.868134675896,"[3.611752805710048, 1.5573417428788574, 1.5882403525782336]"
tVHA,1.0,0.834563890024,1000,0.0,-8.869007378145,"[3.64208288552838, 1.691516151719648, 1.730769626703049]"
tVHA,1.0,0.837043178484,1000,0.0,-8.868933619471,"[3.6502187128310757, 1.686292859141973, 1.7210046512100816]"
tVHA,1.0,0.839500644898,1000,0.0,-8.869613898791,"[3.6915922362242823, 1.7756412709516483, 1.826998714057295]"
tVHA,1.0,0.841958111312,1000,0.0,-8.869698045152,"[3.674724960955216, 1.7962024718594525, 1.838536980371181]"
tVHA,1.0,0.844413398226,1000,0.0,-8.869455908692,"[3.590534495185283, 1.7662095342924373, 1.8117897071126339]"
tVHA,1.0,0.846868685139,1000,0.0,-8.869502661063,"[3.6876109723070924, 1.7762675905441856, 1.8187563288926492]"
tVHA,1.0,0.849323972053,1000,0.0,-8.869541997758,"[3.584812676386057, 1.769083338479427, 1.8151359532157123]"
tVHA,1.0,0.851779258967,1000,0.0,-8.869604007524,"[3.6992486958160855, 1.7880667513440593, 1.8279911291660178]"
tVHA,1.0,0.854197659367,1000,0.0,-8.869050068554,"[3.5557013320050608, 1.7023435789936596, 1.74018164495154]"
tVHA,1.0,0.856616059768,1000,0.0,-8.868225175796,"[3.610312686844078, 1.5682343838374844, 1.6004110813840375]"
tVHA,1.0,0.85889372914,1000,0.0,-8.86897364127,"[3.5442770542938216, 1.6811513169899208, 1.723325244461762]"
tVHA,1.0,0.861171398512,1000,0.0,-8.869741924645,"[3.697649499831183, 1.8120123209019554, 1.8497023265055548]"
tVHA,1.0,0.863414474632,1000,0.0,-8.869609844512,"[3.7042122481390014, 1.7843089513999804, 1.831158894707099]"
tVHA,1.0,0.865657550752,1000,0.0,-8.869626220479,"[3.6957351992239804, 1.7947396632385813, 1.8404550706287752]"
tVHA,1.0,0.867900626872,1000,0.0,-8.869640145347,"[3.6299942439941417, 1.798994735965799, 1.8433820086209722]"
tVHA,1.0,0.870143702992,1000,0.0,-8.868263169069,"[3.620067291342524, 1.578284113146628, 1.6096940468396344]"
tVHA,1.0,0.872386779112,1000,0.0,-8.869809323426,"[3.7741042654296546, 1.819583226628658, 1.8603483003850925]"
tVHA,1.0,0.874629855231,1000,0.0,-8.868937364469,"[3.653596815504372, 1.6835716522373039, 1.7238568410487325]"
tVHA,1.0,0.876872931351,1000,0.0,-8.868130655537,"[3.5311512772175897, 1.554335525729895, 1.589499347612029]"
tVHA,1.0,0.879116007471,1000,0.0,-8.868201016451,"[3.6105481850714884, 1.5674036803064255, 1.600951622140496]"
tVHA,1.0,0.881263055525,1000,0.0,-8.868097733617,"[3.6589686900407914, 1.572631322332958, 1.6012870317843997]"
tVHA,1.0,0.883410103579,1000,0.0,-8.867743967002,"[3.6717417098842597, 1.5233854491069074, 1.5475218616528013]"
tVHA,1.0,0.885557151633,1000,0.0,-8.8677096695,"[3.6727222523283714, 1.5213045418856752, 1.5449904825672336]"
tVHA,1.0,0.887704199687,1000,0.0,-8.867932181446,"[3.6879423711337984, 1.5584558844468255, 1.584734840757411]"
tVHA,1.0,0.889752779626,1000,0.0,-8.868549537741,"[3.7090855328880554, 1.6510686988300463, 1.683668120499039]"
tVHA,1.0,0.891801359566,1000,0.0,-8.867938032039,"[3.6816953446271814, 1.558262311398293, 1.5846242408637754]"
tVHA,1.0,0.893849939505,1000,0.0,-8.86786015414,"[3.667227095917023, 1.5406711017005337, 1.5680933232308483]"
tVHA,1.0,0.895898519445,1000,0.0,-8.867942922336,"[3.687105167253537, 1.5597349959394886, 1.5861899576022447]"
tVHA,1.0,0.89784135413,1000,0.0,-8.867986585917,"[3.681424333284423, 1.5692221042164558, 1.5938684622690436]"
tVHA,1.0,0.899784188816,1000,0.0,-8.868035298152,"[3.6882336908833073, 1.5713119270799791, 1.6019731133732233]"
tVHA,1.0,0.901727023502,1000,0.0,-8.868624151846,"[3.7110845546380773, 1.67060777006759, 1.7052460450032338]"
tVHA,1.0,0.901727023502,1000,1e-05,-8.846256500802,"[3.672523709241334, 1.5307050234052832, 1.5610663330847343]"
tVHA,1.0,0.901727023502,1000,0.0001,-8.657082208665,"[3.5083188263643397, 1.2643515346319645, 1.3260472534826935]"
tVHA,1.0,0.901727023502,1000,0.001,-7.261874983819,"[2.350760090311166, 0.3050862064920977, 0.38621699863230374]"
tVHA,1.0,0.903669858188,1000,0.0,-8.867957585329,"[3.688830539370098, 1.5617111169664861, 1.5883194417588256]"
tVHA,1.0,0.905529426185,1000,0.0,-8.867812209243,"[3.669699564877014, 1.5278665469320662, 1.5568657322354933]"
tVHA,1.0,0.907388994182,1000,0.0,-8.868986846584,"[3.7378047712136473, 1.721712277652229, 1.7556074524044496]"
tVHA,1.0,0.909027329133,1000,0.0,-8.867830773345,"[3.6550369245515757, 1.5422655965926282, 1.5647785342445]"
tVHA,1.0,0.910665664083,1000,0.0,-8.868337613533,"[3.7013966148360664, 1.6294268738290965, 1.6563225323123507]"
tVHA,1.0,0.912303999034,1000,0.0,-8.867743589355,"[3.636330415716487, 1.533829609345998, 1.5608258781662676]"
tVHA,1.0,0.913942333985,1000,0.0,-8.867743340814,"[3.649387598520759, 1.5343879089631165, 1.5584978955733824]"
tVHA,1.0,0.915580668936,1000,0.0,-8.867695930623,"[3.6326517292668816, 1.5291265088622974, 1.553741173062365]"
tVHA,1.0,0.917219003887,1000,0.0,-8.867667748413,"[3.621218622068589, 1.5245216709732883, 1.5518780071089324]"
tVHA,1.0,0.918857338837,1000,0.0,-8.867644128895,"[3.6021205911965257, 1.5188052226639046, 1.5464043775256453]"
tVHA,1.0,0.920495673788,1000,0.0,-8.867628683837,"[3.6175895872031534, 1.5209120038822932, 1.5461032947855173]"
tVHA,1.0,0.92212081917,1000,0.0,-8.867553558222,"[3.543627866068598, 1.511907939779707, 1.535665087156599]"
tVHA,1.0,0.923745964552,1000,0.0,-8.867601634658,"[3.6277545599203145, 1.5228194659936505, 1.5461057810816325]"
tVHA,1.0,0.925235545136,1000,0.0,-8.867661884606,"[3.6139663902121004, 1.5199614568881321, 1.5538805818152004]"
tVHA,1.0,0.926725125719,1000,0.0,-8.867665305649,"[3.6290809182567276, 1.5164703642954602, 1.5545350312276427]"
tVHA,1.0,0.92672512572,1000,0.0,-8.867773222353,"[3.635184568529363, 1.5374206837219508, 1.5760830837528568]"
tVHA,1.0,0.928187202955,1000,0.0,-8.867769142879,"[3.635416192957144, 1.5371850170941834, 1.5757977787505393]"
tVHA,1.0,0.929649280191,1000,0.0,-8.867803052957,"[3.6253255134777613, 1.5396516091213188, 1.577812455167992]"
tVHA,1.0,0.931111357427,1000,0.0,-8.867802162992,"[3.6209816471422043, 1.5372586793997425, 1.5759927727289886]"
tVHA,1.0,0.932573434663,1000,0.0,-8.86776890441,"[3.6270984150200105, 1.5326907789879636, 1.5703386838145383]"
tVHA,1.0,0.933939940727,1000,0.0,-8.86773653262,"[3.6077180831958606, 1.524526576814435, 1.564119678899976]"
tVHA,1.0,0.935306446792,1000,0.0,-8.867776593125,"[3.6169303802677155, 1.5291710665222955, 1.5715358744524695]"
tVHA,1.0,0.936642410745,1000,0.0,-8.868844079981,"[3.5925920575622436, 1.7114030849383615, 1.7562180640815035]"
tVHA,1.0,0.937978374699,1000,0.0,-8.868260041747,"[3.6617460690142964, 1.6069103252068317, 1.6537969848489973]"
tVHA,1.0,0.939314338652,1000,0.0,-8.868133618162,"[3.5254937411573906, 1.5907903814639694, 1.6343063545404042]"
tVHA,1.0,0.940650302606,1000,0.0,-8.867729056643,"[3.618257902513723, 1.5197729085820764, 1.5625488284376248]"
tVHA,1.0,0.941986266559,1000,0.0,-8.868147740755,"[3.600238418988786, 1.595937107426348, 1.6388372700515133]"
tVHA,1.0,0.943322230513,1000,0.0,-8.868160545811,"[3.5205506453818116, 1.5933935006174682, 1.6371332995515226]"
tVHA,1.0,0.944658194466,1000,0.0,-8.868330851587,"[3.6734621713870697, 1.629149871475763, 1.6708610316401775]"
tVHA,1.0,0.94599415842,1000,0.0,-8.868799761435,"[3.6726851049254003, 1.6754940510520524, 1.7305479819148877]"
tVHA,1.0,0.947309643424,1000,0.0,-8.867717669014,"[3.563385170325686, 1.505493632291088, 1.5493561829737756]"
tVHA,1.0,0.948625128429,1000,0.0,-8.868975927211,"[3.680154149565438, 1.7210930264431203, 1.7728113599587672]"
tVHA,1.0,0.949876845955,1000,0.0,-8.868794611888,"[3.6696602625997343, 1.6767421344505005, 1.733175865859756]"
tVHA,1.0,0.951128563481,1000,0.0,-8.868964363183,"[3.6899439822395412, 1.7030887030468984, 1.7608983070657456]"
tVHA,1.0,0.952380281008,1000,0.0,-8.869028710512,"[3.694300993515458, 1.7297377651755315, 1.7784399940771802]"
tVHA,1.0,0.953631998534,1000,0.0,-8.868888765553,"[3.6747937276271814, 1.7036886082567904, 1.758458344761902]"
tVHA,1.0,0.954804488895,1000,0.0,-8.868264321279,"[3.6480766673097738, 1.5984155891955423, 1.651203242160366]"
tVHA,1.0,0.955976979256,1000,0.0,-8.868874930977,"[3.6764402745861435, 1.696956768187918, 1.7530992194301365]"
tVHA,1.0,0.957064737724,1000,0.0,-8.868791005427,"[3.6934868200704427, 1.6847939394978146, 1.7420432940658719]"
tVHA,1.0,0.957064737725,1000,0.0,-8.868832787263,"[3.706831290886786, 1.692095809735724, 1.750137841649106]"
tVHA,1.0,0.958152496193,1000,0.0,-8.868835867702,"[3.7074529440532666, 1.6924990443086854, 1.7504998958455853]"
tVHA,1.0,0.959240254661,1000,0.0,-8.868940408615,"[3.7123938348685703, 1.7019661503231334, 1.7615148329612813]"
tVHA,1.0,0.960328013129,1000,0.0,-8.868798434738,"[3.7064890213598396, 1.686215383265559, 1.744065174001068]"
tVHA,1.0,0.961362727431,1000,0.0,-8.86884475725,"[3.7070260784842333, 1.7011066684737197, 1.7571712533883512]"
tVHA,1.0,0.962397441732,1000,0.0,-8.868825274193,"[3.6981857984812248, 1.6920239170479339, 1.7497301597340338]"
tVHA,1.0,0.963432156033,1000,0.0,-8.868891220317,"[3.7155349111763676, 1.7077229334319708, 1.764189929142383]"
tVHA,1.0,0.964466870334,1000,0.0,-8.868851922546,"[3.690793937793827, 1.6975183093509485, 1.7531822077624766]"
tVHA,1.0,0.965429054702,1000,0.0,-8.8690708082,"[3.7571215692725564, 1.7301963365132378, 1.7853754422827866]"
tVHA,1.0,0.96639123907,1000,0.0,-8.868849005035,"[3.6887428810706253, 1.696858355521968, 1.7533979643236601]"
tVHA,1.0,0.967353423438,1000,0.0,-8.868959291035,"[3.6909459850990722, 1.7171397970130882, 1.771814339899638]"
tVHA,1.0,0.968315607806,1000,0.0,-8.868895858336,"[3.6864204805217877, 1.7033651320211407, 1.7584558702584294]"
tVHA,1.0,0.969270097025,1000,0.0,-8.868877533907,"[3.6820715662659476, 1.7012248549765865, 1.75631370576843]"
tVHA,1.0,0.970224586244,1000,0.0,-8.868889091172,"[3.6754756115710006, 1.7035609841839974, 1.7586833720062347]"
tVHA,1.0,0.971179075464,1000,0.0,-8.868881570512,"[3.675316518141563, 1.7022075951637434, 1.7573522259332373]"
tVHA,1.0,0.972133564683,1000,0.0,-8.868828400472,"[3.6673473009100155, 1.6886464448474041, 1.7447756337875135]"
tVHA,1.0,0.973074562581,1000,0.0,-8.869051167239,"[3.680320154026603, 1.7346365510616173, 1.7899292884579578]"
tVHA,1.0,0.97401556048,1000,0.0,-8.868883354077,"[3.6759506314021024, 1.703319132751841, 1.7582525894445262]"
tVHA,1.0,0.974956558378,1000,0.0,-8.868966288607,"[3.6905916709242748, 1.7226754438361844, 1.7773025213444376]"
tVHA,1.0,0.975897556277,1000,0.0,-8.868839697743,"[3.683480060717842, 1.698630899213299, 1.752566862311859]"
tVHA,1.0,0.976816254596,1000,0.0,-8.868840361889,"[3.683534110321182, 1.6987369522982845, 1.7526697793048918]"
tVHA,1.0,0.977734952916,1000,0.0,-8.868841025047,"[3.683591918855699, 1.6988568939475024, 1.7527863960957633]"
tVHA,1.0,0.978541410505,1000,0.0,-8.868896571418,"[3.7026744259085245, 1.7109777390494672, 1.7662738220748238]"
tVHA,1.0,0.979347868094,1000,0.0,-8.868898957842,"[3.6834805571885205, 1.7033886035439019, 1.7594605556532255]"
tVHA,1.0,0.980154325684,1000,0.0,-8.869172998795,"[3.7000644611377433, 1.7630486792631106, 1.8120955691188245]"
tVHA,1.0,0.980960783273,1000,0.0,-8.869139664126,"[3.678606108107484, 1.751663131178045, 1.8003024345931506]"
tVHA,1.0,0.981723272311,1000,0.0,-8.869166121968,"[3.6733976328073044, 1.7557576563423019, 1.8045954153062493]"
tVHA,1.0,0.98248576135,1000,0.0,-8.869184237187,"[3.678313433194718, 1.7562419319148317, 1.806690724016633]"
tVHA,1.0,0.983248250389,1000,0.0,-8.86911642551,"[3.7052540736549213, 1.7472222298731688, 1.8015517513647163]"
tVHA,1.0,0.984010739427,1000,0.0,-8.869003618649,"[3.6900956287953353, 1.7260611740460217, 1.7812511540494154]"
tVHA,1.0,0.984745619291,1000,0.0,-8.869136500645,"[3.6989832583806415, 1.744482944863325, 1.800658379270255]"
tVHA,1.0,0.985480499155,1000,0.0,-8.869154217341,"[3.6911346002061305, 1.7465946231619938, 1.8029033414735318]"
tVHA,1.0,0.986215379018,1000,0.0,-8.86902961753,"[3.7056203555585925, 1.7315115607284928, 1.785951987475138]"
tVHA,1.0,0.986215379019,1000,0.0,-8.869017284544,"[3.6872635793020354, 1.7286300475133003, 1.7839029298797462]"
tVHA,1.0,0.986950258882,1000,0.0,-8.869017284468,"[3.687261598197659, 1.728628076760394, 1.7839002179004257]"
tVHA,1.0,0.987673606365,1000,0.0,-8.86903345419,"[3.6911554906315898, 1.7311771645291385, 1.7861713157119998]"
tVHA,1.0,0.988396953848,1000,0.0,-8.86913917731,"[3.6728119548765243, 1.7465322960536585, 1.8008783646640032]"
tVHA,1.0,0.989092781712,1000,0.0,-8.868590896766,"[3.643629585131972, 1.6615009599399142, 1.707898778167055]"
tVHA,1.0,0.989788609576,1000,0.0,-8.869186644982,"[3.6708712713592724, 1.7488489373137162, 1.801719724364418]"
tVHA,1.0,0.990452577797,1000,0.0,-8.869096354938,"[3.668147787193039, 1.7460824627855642, 1.7960958805864053]"
tVHA,1.0,0.991116546019,1000,0.0,-8.869187591908,"[3.6761187962217776, 1.7494319960178841, 1.802340378624205]"
tVHA,1.0,0.991623499478,1000,0.0,-8.869132865112,"[3.699094232090569, 1.7411732662452255, 1.7928466436859505]"
tVHA,1.0,0.992130452937,1000,0.0,-8.869136943645,"[3.7055766953984577, 1.7426029405099148, 1.7940064803344293]"
tVHA,1.0,0.992637406396,1000,0.0,-8.869095525501,"[3.6756334722789856, 1.7447717937905818, 1.7949169260990128]"
tVHA,1.0,0.992637406397,1000,0.0,-8.869138209031,"[3.678424305476038, 1.745952586946065, 1.7966409976970197]"
tVHA,1.0,0.993144359856,1000,0.0,-8.869138208981,"[3.678430059561764, 1.7459601133155922, 1.7966479594522886]"
tVHA,1.0,0.99362617802,1000,0.0,-8.86917988407,"[3.7122715861700857, 1.7613546819276316, 1.8094516796599933]"
tVHA,1.0,0.994107996183,1000,0.0,-8.869147585119,"[3.6778330299119917, 1.7477993175638251, 1.7984502865416692]"
tVHA,1.0,0.994589814347,1000,0.0,-8.869061865076,"[3.685273064154452, 1.7376259508505632, 1.7871515003319711]"
tVHA,1.0,0.995071632511,1000,0.0,-8.86907824575,"[3.6846486670159884, 1.7393954126186824, 1.7894742436594084]"
tVHA,1.0,0.995539550902,1000,0.0,-8.869071938956,"[3.6808944398837866, 1.7405222242382816, 1.7895042457004569]"
tVHA,1.0,0.996007469294,1000,0.0,-8.869169972355,"[3.668067793843644, 1.754314924922438, 1.8035697138316003]"
tVHA,1.0,0.996407997771,1000,0.0,-8.869086420908,"[3.69310074751498, 1.751519105340502, 1.7970051045049829]"
tVHA,1.0,0.996808526247,1000,0.0,-8.869160171093,"[3.667729427067676, 1.7530083395148766, 1.8020625941647848]"
tVHA,1.0,0.997174559019,1000,0.0,-8.869171982236,"[3.686051654265951, 1.7583498662736314, 1.8078554382659637]"
tVHA,1.0,0.997540591791,1000,0.0,-8.868903772394,"[3.6789903850230665, 1.7088194035852178, 1.759304776554815]"
tVHA,1.0,0.997906624563,1000,0.0,-8.869135817605,"[3.6987541270249835, 1.7615028480473272, 1.808524533709165]"
tVHA,1.0,0.998272657335,1000,0.0,-8.869130953814,"[3.6761855146114653, 1.7436295189185125, 1.794776660536321]"
tVHA,1.0,0.998526449376,1000,0.0,-8.869132535535,"[3.676790030221543, 1.7459653406361522, 1.79671745193054]"
tVHA,1.0,0.998780241418,1000,0.0,-8.869122393521,"[3.6842363886769602, 1.7487509617266936, 1.7985490133808255]"
tVHA,1.0,0.9989063547,1000,0.0,-8.86836059332,"[3.6618363756426104, 1.623950528011708, 1.6705940658599903]"
tVHA,1.0,0.999032467982,1000,0.0,-8.869165771644,"[3.6841671755639913, 1.7581081027438523, 1.80716873986605]"
tVHA,1.0,0.999158581265,1000,0.0,-8.868820289242,"[3.6909340896652054, 1.696157230268041, 1.7488251419356482]"
tVHA,1.0,0.999284694547,1000,0.0,-8.869176212958,"[3.6894164965418708, 1.7598515837132993, 1.8095919824682931]"
tVHA,1.0,0.999396935277,1000,0.0,-8.869160372848,"[3.690115027169502, 1.7563358939673344, 1.8069637964310368]"
tVHA,1.0,0.999396935278,1000,0.0,-8.869187768057,"[3.6896791908188096, 1.7626394587624312, 1.8127899952160949]"
tVHA,1.0,0.999509176008,1000,0.0,-8.869187768001,"[3.6896775696667916, 1.7626402672751111, 1.8127909061420886]"
tVHA,1.0,0.999621416738,1000,0.0,-8.869174158084,"[3.6914148365828923, 1.7612345970329273, 1.8117124559065267]"
tVHA,1.0,0.999733657469,1000,0.0,-8.869196344337,"[3.6892478791922594, 1.7638042224744694, 1.8139071347476894]"
tVHA,1.0,0.999772723482,1000,0.0,-8.869102026716,"[3.682509305732251, 1.7468277492233102, 1.79588305723857]"
tVHA,1.0,0.999811789496,1000,0.0,-8.869123232376,"[3.6892384947380834, 1.7518450534425232, 1.8010315950183733]"
tVHA,1.0,0.99985085551,1000,0.0,-8.869139998631,"[3.680705868667093, 1.7538127868521323, 1.8048878104154977]"
tVHA,1.0,0.999889921523,1000,0.0,-8.869150054566,"[3.6910592296777063, 1.7578886520811525, 1.8084399781963278]"
tVHA,1.0,0.999917441142,1000,0.0,-8.869138929762,"[3.6852506675857493, 1.7558118690933133, 1.8064185189528494]"
tVHA,1.0,0.999944960762,1000,0.0,-8.869106509287,"[3.6839957793971276, 1.7486521969776687, 1.797874202826133]"
tVHA,1.0,0.999972480381,1000,0.0,-8.869139653396,"[3.6842569809040864, 1.753979378116913, 1.8035372244124117]"
tVHA,1.0,1.0,1000,0.0,-8.869186422901,"[3.6806189080356653, 1.7607373265865327, 1.8112401678486825]"
tVHA,2.0,0.0,1000,0.0,-8.856667666985,"[7.4709236075361805, -3.5194707919822124, 0.23719400980835736, 0.22572183631726866, 4.8313798634779745, 1.1008795793410318]"
tVHA,2.0,0.0,2000,0.0,-8.856686694221,"[7.434039404249077, -3.6613884869828146, 0.00015422437234998763, 0.0001470093009766579, 2.35621523353995, 1.4356312525239323]"
tVHA,2.0,0.030296928567,1000,0.0,-8.856721480779,"[7.539189402177903, -3.857562296530567, 0.2442277855774459, 0.22038232502480418, 9.42477796076938, 9.393210763740571]"
tVHA,2.0,0.030296928567,2000,0.0,-8.856721480783,"[7.539199189481263, -3.8575388565951445, 0.2442572480912569, 0.220404663921832, 9.424777960758624, 9.393170909097275]"
tVHA,2.0,0.060593857135,1000,0.0,-8.856722741339,"[7.532684869497862, -3.839882743896853, 0.20186130104925426, 0.1814420748939658, 5.59415283024078, 5.5684829139581815]"
tVHA,2.0,0.060593857135,2000,0.0,-8.85673119736,"[7.54921832796332, -3.8706821881680646, 0.2949265815075073, 0.10198530512495253, 5.943876099770929, 5.702838182035977]"
tVHA,2.0,0.089999340526,2000,0.0,-8.856785047976,"[7.561974869608182, 3.891948704746188, 0.378857195085462, 0.07037725765089639, 6.856589387256557, 6.4927606733047885]"
tVHA,2.0,0.089999340527,1000,0.0,-8.856784985827,"[7.562098323491751, 3.8855900178498963, 0.37753200297571343, 0.07146749852160997, 6.771333929081086, 6.4084685116506215]"
tVHA,2.0,0.089999340527,2000,0.0,-8.856880947637,"[7.5790890771048165, 4.128670229289933, 0.48865100812003304, 0.08142179450121358, 7.596651149892424, 7.118829807242764]"
tVHA,2.0,0.119404823918,1000,0.0,-8.856880903166,"[7.578393485767775, 4.130083853981803, 0.4864213332070221, 0.07963299364955187, 7.658811227596095, 7.18155950997054]"
tVHA,2.0,0.119404823918,2000,0.0,-8.856880947753,"[7.579067517155699, 4.12861264926587, 0.48846725424288784, 0.08073399507224027, 7.5965787961667335, 7.118081231495118]"
tVHA,2.0,0.119404823919,1000,0.0,-8.856880903166,"[7.578393485767775, 4.130083853981803, 0.4864213332070221, 0.07963299364955187, 7.658811227596095, 7.18155950997054]"
tVHA,2.0,0.119404823919,2000,0.0,-8.856686693024,"[7.234831988998106, 9.42477796076938, 0.0018662847005964387, 0.00259850463010358, 0.0011877954820467803, 0.00203660945465731]"
tVHA,2.0,0.147178153292,1000,0.0,-8.856686618461,"[7.307809607623713, 9.42477796076938, 0.01235356271424946, 0.021859428111244257, 0.004907304107409777, 0.016384662008366864]"
tVHA,2.0,0.147178153292,2000,0.0,-8.856686688903,"[7.261983293289278, 9.42477796076938, 0.0043042410221876565, 0.005416680813910495, 0.0025573528595831934, 0.0038177045232005357]"
tVHA,2.0,0.174951482665,1000,0.0,-8.856681746506,"[7.386183475876088, -3.6555883686233717, 0.2662120878945575, 0.3046023291093414, 0.10834152255935545, 0.1522281693506994]"
tVHA,2.0,0.174951482665,2000,0.0,-8.856686694164,"[7.307709460458058, -3.5873185523354802, 0.0009436765093282344, 0.0010480963130295744, 0.00046683147207938255, 0.0005952281087062502]"
tVHA,2.0,0.202043039414,1000,0.0,-8.86496486636,"[3.924468523586575, 4.32751428031785, 1.381054057151525, 1.6550548615977254, 1.665012849322391, 1.818780774360977]"
tVHA,2.0,0.202043039414,2000,0.0,-8.86532157733,"[5.917165175864494, 2.984467376788553, 2.571808758279076, 1.8581713429260196, 2.555379623531378, 1.5608590912185023]"
tVHA,2.0,0.229134596163,1000,0.0,-8.865669774496,"[6.177166579824962, 2.727251341261505, 3.0540936888926558, 2.0953261098272242, 2.8716292053675683, 1.456723647208979]"
tVHA,2.0,0.229134596163,2000,0.0,-8.86654333247,"[7.297056608827174, 2.709056612774959, 4.814248982337097, 3.3990242168139244, 3.334630996307285, 1.375364951193864]"
tVHA,2.0,0.229134596164,1000,0.0,-8.865079611122,"[4.254679732947756, 4.24492504067772, 1.6164022279816894, 1.6763795897789433, 1.8961546891981345, 1.7855591139266873]"
tVHA,2.0,0.229134596164,2000,0.0,-8.866484594846,"[7.2577808941008435, 2.6582666363203504, 4.723002737476191, 3.281060903481153, 3.3226559374026485, 1.3280544460977004]"
tVHA,2.0,0.229134596164,5000,0.0,-8.86654333247,"[7.297056608827174, 2.709056612774959, 4.814248982337097, 3.3990242168139244, 3.334630996307285, 1.375364951193864]"
tVHA,2.0,0.253604448914,1000,0.0,-8.865669774496,"[6.177166579824962, 2.727251341261505, 3.0540936888926558, 2.0953261098272242, 2.8716292053675683, 1.456723647208979]"
tVHA,2.0,0.253604448914,2000,0.0,-8.866484594842,"[7.257781288054214, 2.6582766546149084, 4.723036380312412, 3.2810903280027386, 3.322659812998026, 1.328067897779058]"
tVHA,2.0,0.253604448914,5000,0.0,-8.866484594842,"[7.257781288054214, 2.6582766546149084, 4.723029927074219, 3.2810903280027386, 3.3226570373961044, 1.3280714556987527]"
tVHA,2.0,0.278074301664,1000,0.0,-8.865449710298,"[5.097014381682816, 3.5647511607707845, 2.311036772986054, 1.7139461896750134, 2.4766944023665376, 1.550608770810745]"
tVHA,2.0,0.278074301664,2000,0.0,-8.866685859592,"[7.238196084173838, 2.73609673427341, 4.778383085195968, 3.186804327535012, 3.387238234907469, 1.182665703273936]"
tVHA,2.0,0.278074301665,1000,0.0,-8.865482769596,"[5.50169108838305, 3.2858220480985088, 2.510456433111033, 1.7730163039594835, 2.649813534205561, 1.4740526402194143]"
tVHA,2.0,0.278074301665,2000,0.0,-8.866618342697,"[7.270714878414927, 2.602128147524369, 4.732888805697161, 3.06444873991891, 3.3292941119074784, 1.142433527381343]"
tVHA,2.0,0.289603474328,1000,0.0,-8.865449710298,"[5.097014381682816, 3.5647511607707845, 2.311036772986054, 1.7139461896750134, 2.4766944023665376, 1.550608770810745]"
tVHA,2.0,0.289603474328,2000,0.0,-8.866618342697,"[7.270714878414927, 2.602128147524369, 4.732888805697161, 3.06444873991891, 3.3292941119074784, 1.142433527381343]"
tVHA,2.0,0.289603474328,5000,0.0,-8.866618342697,"[7.270714878414927, 2.602128147524369, 4.732888805697161, 3.06444873991891, 3.3292941119074784, 1.142433527381343]"
tVHA,2.0,0.289603474329,1000,0.0,-8.865449710298,"[5.097014381682816, 3.5647511607707845, 2.311036772986054, 1.7139461896750134, 2.4766944023665376, 1.550608770810745]"
tVHA,2.0,0.301132646992,1000,0.0,-8.865489767364,"[3.867160795205249, 4.2883573018412795, 1.7860502191978875, 1.6220238504515825, 2.0595824054558545, 1.5707634465387053]"
tVHA,2.0,0.301132646992,2000,0.0,-8.865530896637,"[4.331230609029257, 4.099434888884717, 1.9788534925509835, 1.72462493433275, 2.198983416026593, 1.648674429351689]"
tVHA,2.0,0.301132646992,5000,0.0,-8.865530896637,"[4.331230609029257, 4.099434888884717, 1.9788534925509835, 1.72462493433275, 2.198983416026593, 1.648674429351689]"
tVHA,2.0,0.312361313283,1000,0.0,-8.865489179518,"[4.453900572154989, 3.8287961450673116, 2.1769438470413727, 1.5563935394398358, 2.3646219507399744, 1.4326821866650818]"
tVHA,2.0,0.312361313283,2000,0.0,-8.865515511323,"[4.988783867382725, 3.604682647028942, 2.410544162969413, 1.6995827252549314, 2.526999338812259, 1.488349098998162]"
tVHA,2.0,0.323589979574,1000,0.0,-8.865361906152,"[0.04137083150914385, 5.805021305512264, 1.5340087881044489, 1.443812569520234, -0.5586702296152759, 3.8291427354685146]"
tVHA,2.0,0.323589979574,2000,0.0,-8.865363211153,"[0.04585179974353064, 5.798338653871943, 1.5959168970813211, 1.3701007153271474, -0.4328651120799826, 3.693235529193995]"
tVHA,2.0,0.334198865599,1000,0.0,-8.865311994745,"[0.005080430211534894, 5.83402440817419, 1.5418453147231894, 1.4231336731662796, -0.4065741995379291, 3.65535855812624]"
tVHA,2.0,0.334198865599,2000,0.0,-8.865313034811,"[0.025332118397151663, 5.816019310475817, 1.6117788725339, 1.3460728106828983, -0.3927548644145822, 3.6364813141394143]"
tVHA,2.0,0.344807751624,1000,0.0,-8.865440157304,"[4.670268431227969, 3.717435810586341, 2.1896192714609595, 1.6950334569232495, 2.3658370851829593, 1.5391325471685906]"
tVHA,2.0,0.344807751624,2000,0.0,-8.867072549238,"[7.334489976073814, 2.429427239430277, 4.886521116145404, 3.102353858095156, 3.3481682946159763, 1.0491679082167749]"
tVHA,2.0,0.354442462248,1000,0.0,-8.865182315535,"[0.03891250867474001, 5.8347994405987595, 1.8983493831136635, 1.0032944557856198, 0.27127409459007945, 2.905225927132393]"
tVHA,2.0,0.354442462248,2000,0.0,-8.865182316951,"[0.039424730068236095, 5.834225120778334, 1.901665002651042, 1.000866911017292, 0.2726127373533508, 2.904673107697872]"
tVHA,2.0,0.364077172871,1000,0.0,-8.865416994301,"[4.395018426982034, 3.6876177127377074, 2.2194064569551983, 1.5428764952466696, 2.4055855105110684, 1.380121731176163]"
tVHA,2.0,0.364077172871,2000,0.0,-8.86717424981,"[7.523987077013556, 2.694485225632808, 5.08095614910191, 3.595499279253323, 3.267802651703061, 1.3442559130012652]"
tVHA,2.0,0.373547603716,1000,0.0,-8.865602270631,"[5.761983893953476, 2.880012332927347, 2.9189864375597843, 1.861837361043375, 2.75312868074169, 1.3508035892673453]"
tVHA,2.0,0.373547603716,2000,0.0,-8.867271013022,"[7.508220878525362, 2.611811137256112, 5.188880727033043, 3.543177792821349, 3.364454751033027, 1.2399563233516058]"
tVHA,2.0,0.383018034561,1000,0.0,-8.86557475464,"[5.381315129919162, 3.1143669643290672, 2.7146839765854462, 1.7325816296545025, 2.725486076045228, 1.3538827280474002]"
tVHA,2.0,0.383018034561,2000,0.0,-8.866677971363,"[7.225520593620757, 1.8314671093212462, 4.732982721747891, 2.609412024110945, 3.3566318325173006, 0.697041091252034]"
tVHA,2.0,0.392044879126,1000,0.0,-8.865413454358,"[4.844545422735603, 3.5655899900648413, 2.2979986120819316, 1.6922196213625211, 2.435363711727438, 1.4967961508746808]"
tVHA,2.0,0.392044879126,2000,0.0,-8.865230808336,"[0.02789719397053433, 5.838625208631505, 1.8627202615028466, 1.055051401795672, 0.2908647790840941, 2.902866452838883]"
tVHA,2.0,0.40107172369,1000,0.0,-8.865425980878,"[4.919895878293927, 3.480098967104412, 2.419829768501862, 1.6873935895022851, 2.532131822053293, 1.4503942521355657]"
tVHA,2.0,0.40107172369,2000,0.0,-8.866955116899,"[7.468557370812652, 2.6632708590890304, 4.995877756669229, 3.4643399324909683, 3.2747894238671025, 1.3047731927690438]"
tVHA,2.0,0.410098568254,1000,0.0,-8.865425980878,"[4.919895878293927, 3.480098967104412, 2.419829768501862, 1.6873935895022851, 2.532131822053293, 1.4503942521355657]"
tVHA,2.0,0.410098568254,2000,0.0,-8.866955116899,"[7.468557370812652, 2.6632708590890304, 4.995877756669229, 3.4643399324909683, 3.2747894238671025, 1.3047731927690438]"
tVHA,2.0,0.419125412818,1000,0.0,-8.865425980878,"[4.919895878293927, 3.480098967104412, 2.419829768501862, 1.6873935895022851, 2.532131822053293, 1.4503942521355657]"
tVHA,2.0,0.419125412818,2000,0.0,-8.86695005719,"[4.693121043691753, 4.065976157254875, 2.2118679854770735, 2.088654469447533, 2.5053763419454835, 2.081550278082667]"
tVHA,2.0,0.42809837062,2000,0.0,-8.867768870007,"[-0.010491760941919528, 6.019557175917798, 2.112347173236706, 1.5806912609356194, -0.11685725837308905, 4.257630853873831]"
tVHA,2.0,0.428098370621,1000,0.0,-8.866762130851,"[4.178998765422757, 4.5106937147720885, 1.6553581102765356, 2.1582083068340174, 1.9683996828771564, 2.2508308950241167]"
tVHA,2.0,0.428098370621,2000,0.0,-8.867768870007,"[-0.010491760941919528, 6.019557175917798, 2.112340884646783, 1.5806893509600104, -0.11685974134138107, 4.257626279091485]"
tVHA,2.0,0.437071328423,1000,0.0,-8.867749058735,"[0.010934631155300361, 5.975502691980358, 2.4865864683579337, 1.2002886419681262, 0.4546375090634016, 3.6910997229595113]"
tVHA,2.0,0.437071328423,2000,0.0,-8.867740714785,"[-0.026104592427465195, 6.0060224310641175, 2.2959878404461254, 1.3407006078454518, 0.4700615114094106, 3.6099589108565713]"
tVHA,2.0,0.444939982016,2000,0.0,-8.867779497106,"[0.051263267870021376, 5.995269001126907, 2.1425409762812575, 1.5373552514351119, -0.030539798633199843, 4.150752117036609]"
tVHA,2.0,0.444939982017,1000,0.0,-8.867740694248,"[-0.029032307340581587, 6.0093791172817985, 2.286389081327169, 1.3494225790152932, 0.46989070853620674, 3.6091238675599477]"
tVHA,2.0,0.444939982017,2000,0.0,-8.867779497107,"[0.05127139868743274, 5.995260366950573, 2.142435188668242, 1.5374457021897778, -0.030677604218371495, 4.150873367872409]"
tVHA,2.0,0.45280863561,1000,0.0,-8.867779456095,"[0.04793382939216223, 5.999767940273934, 2.140015914808782, 1.5381223008934075, -0.015569209088020213, 4.1340719997736315]"
tVHA,2.0,0.45280863561,2000,0.0,-8.87007464202,"[5.428431938536306, 3.982731453441054, 2.7959193110181633, 2.5072107781175794, 3.1707262272941286, 2.5103657221168003]"
tVHA,2.0,0.460364883803,1000,0.0,-8.870071522059,"[5.362233895742389, 4.054364136594189, 2.705734530002728, 2.528852970659014, 3.097581429665278, 2.5616178141691406]"
tVHA,2.0,0.460364883803,2000,0.0,-8.871408816499,"[5.469841086583826, 4.06027327917335, 2.8690543821015506, 2.559589525539785, 3.255177955919814, 2.560211313217633]"
tVHA,2.0,0.467921131996,1000,0.0,-8.871407462349,"[5.419699892862115, 4.097386874978788, 2.810634202602716, 2.5545888302461366, 3.204358525025092, 2.573931353587072]"
tVHA,2.0,0.467921131996,2000,0.0,-8.871453879472,"[5.442672984545791, 4.071661588670995, 2.8175404523959164, 2.599802060260936, 3.238298990307035, 2.599136208193629]"
tVHA,2.0,0.475477380188,1000,0.0,-8.871256682463,"[4.864628093820592, 4.577886654174922, 2.080286515866579, 2.6352731336255966, 2.582692751525008, 2.8457972867400314]"
tVHA,2.0,0.475477380188,2000,0.0,-8.871243372246,"[5.3205706042968455, 4.211940751665271, 2.68496081660642, 2.544597220462022, 3.1029429374625632, 2.596592726634344]"
tVHA,2.0,0.483033628381,1000,0.0,-8.871199845447,"[5.1550560514057695, 4.384796572380164, 2.450925256906203, 2.591590460341777, 2.8952721830294603, 2.723547717834116]"
tVHA,2.0,0.483033628381,2000,0.0,-8.871549483634,"[-4.465271359420524, 9.284751507099013, 2.8583012012371825, 3.035957547005139, 2.9530033059835277, 3.6132007585982517]"
tVHA,2.0,0.490063751497,1000,0.0,-8.871549469382,"[-4.467823500164799, 9.290002640017804, 2.8608368412751233, 3.0352368872403397, 2.9572744823067163, 3.6128352273966957]"
tVHA,2.0,0.490063751497,2000,0.0,-8.873074119556,"[5.501134649467277, 4.465177056888837, 2.593186637692555, 2.769625742985815, 3.3155590160767585, 3.143093269805589]"
tVHA,2.0,0.497093874614,1000,0.0,-8.873074113387,"[5.500210465765985, 4.467445891411128, 2.591005479076504, 2.7715597039800914, 3.31413021217817, 3.1463656045817823]"
tVHA,2.0,0.497093874614,2000,0.0,-8.872689556207,"[-4.464677610536878, 9.42477796076938, 3.039633353966886, 2.9518765609587883, 3.3226263435801924, 3.75124100309449]"
tVHA,2.0,0.504062606173,1000,0.0,-8.872689555102,"[-4.464287338253587, 9.42477796076938, 3.039396998410696, 2.9503832866665762, 3.3227181391835874, 3.7497998964633914]"
tVHA,2.0,0.504062606173,2000,0.0,-8.872830862589,"[-4.543150420834042, 9.42477796076938, 3.0841292703222773, 3.1115968821478237, 3.3086120615198498, 3.9065727313501117]"
tVHA,2.0,0.511031337733,1000,0.0,-8.872717002749,"[-4.41578490752989, 9.242965315162209, 2.781597803130623, 2.9804410864938875, 2.9213994232488285, 3.707429600123171]"
tVHA,2.0,0.511031337733,2000,0.0,-8.873169972282,"[5.5484265986451256, 4.454333277688984, 2.6059649585554254, 2.777854987301986, 3.349429008169233, 3.1320085540237383]"
tVHA,2.0,0.518000069292,2000,0.0,-8.871369580234,"[0.005279847454188939, 6.346815528700468, 2.9710451054214766, 1.1805099324375192, 0.732858455874912, 4.043382823624632]"
tVHA,2.0,0.518000069293,1000,0.0,-8.873169970884,"[5.547832479663891, 4.4549652424144615, 2.6045885008463534, 2.7777922214790007, 3.3481971446779113, 3.1323506147868887]"
tVHA,2.0,0.518000069293,2000,0.0,-8.871369580316,"[0.0051595797999121566, 6.347136164695223, 2.9705994486844807, 1.1810674656092028, 0.7327673188371008, 4.043539492336286]"
tVHA,2.0,0.524968800852,1000,0.0,-8.871369523054,"[0.00395732814043274, 6.348027771836184, 2.9811559369293237, 1.1779097233489662, 0.7483226775044567, 4.035111024741965]"
tVHA,2.0,0.524968800852,2000,0.0,-8.872742163299,"[-4.55773595099712, 9.424777960758213, 3.053689706317379, 3.1122022915643752, 3.307461098829065, 3.87154826320568]"
tVHA,2.0,0.530750641794,1000,0.0,-8.872742163415,"[-4.5577567565779535, 9.42477796076938, 3.053706741612349, 3.1122040061126217, 3.307489645011259, 3.8715632360045027]"
tVHA,2.0,0.530750641794,2000,0.0,-8.872778006436,"[-4.563287121403949, 9.424777960761551, 3.0709848768770978, 3.1220939583754737, 3.312759834140399, 3.89130902082647]"
tVHA,2.0,0.536532482736,1000,0.0,-8.872601962695,"[-4.476130198381815, 9.20616366894621, 2.6707447248306946, 3.1153575828726376, 2.7813713140232443, 3.8015537232394467]"
tVHA,2.0,0.536532482736,2000,0.0,-8.873533862802,"[5.492207120039628, 4.439635413134571, 2.543515409088352, 2.7884144134397184, 3.289372171439557, 3.177512166875031]"
tVHA,2.0,0.541659503706,1000,0.0,-8.873533115279,"[5.466874966589884, 4.437572437725123, 2.546070307834433, 2.7685976973022965, 3.283410644412468, 3.145133276501058]"
tVHA,2.0,0.541659503706,2000,0.0,-8.873540416768,"[5.4904559536998585, 4.44826457555904, 2.5478242129361175, 2.7897381658586617, 3.2753914014584464, 3.1822460245546704]"
tVHA,2.0,0.546786524677,1000,0.0,-8.873493404946,"[5.24560946497887, 4.508303098010002, 2.3758001394902086, 2.73353382365967, 3.0808099605649177, 3.1230495888172305]"
tVHA,2.0,0.546786524677,2000,0.0,-8.872186931465,"[-0.05333406770094211, 6.472113011562639, 2.925873297461224, 1.2518855814307268, 0.8320272263032114, 3.9821737419232104]"
tVHA,2.0,0.551913545648,1000,0.0,-8.872186776536,"[-0.06161912108932528, 6.484215148489413, 2.9105047680551603, 1.2700149962047582, 0.8408921425272715, 3.97614276152924]"
tVHA,2.0,0.551913545648,2000,0.0,-8.872186931286,"[-0.05328166399031113, 6.472581711264031, 2.925169785934247, 1.252742464341205, 0.8309332284886171, 3.9833271066504734]"
tVHA,2.0,0.557040566618,1000,0.0,-8.872186776522,"[-0.06161912108932528, 6.484215148489413, 2.9105047680551603, 1.2700149962047582, 0.8408921425272715, 3.97614276152924]"
tVHA,2.0,0.557040566618,2000,0.0,-8.872151124913,"[-0.0571504145010088, 6.470108102865812, 2.982142767204224, 1.1901359923722759, 0.9169151381902412, 3.8924544641908154]"
tVHA,2.0,0.561781322516,1000,0.0,-8.872151105095,"[-0.05654862177203032, 6.4672574956951525, 2.9955792001579926, 1.1762050940882611, 0.9276009434990005, 3.8817692915235114]"
tVHA,2.0,0.561781322516,2000,0.0,-8.873895853468,"[5.48695386968023, 4.384803970378367, 2.5383312214253584, 2.7798302625066853, 3.276136236622575, 3.1701361028671835]"
tVHA,2.0,0.566522078414,2000,0.0,-8.873315329929,"[4.220996297135315, 4.654778312622276, 2.45686255398527, 2.383080823589123, 3.1551822211662417, 2.485802186695432]"
tVHA,2.0,0.566522078415,1000,0.0,-8.873894608608,"[5.491285021942886, 4.414626946063849, 2.515672061997135, 2.8082147245267146, 3.2648432300923353, 3.2162344329936925]"
tVHA,2.0,0.566522078415,2000,0.0,-8.873315329929,"[4.220996297135315, 4.654778312622276, 2.45686255398527, 2.383080823589123, 3.1551822211662417, 2.485802186695432]"
tVHA,2.0,0.571258166226,1000,0.0,-8.873314717503,"[4.219577291554869, 4.668689758739134, 2.4404087057542387, 2.4018714164839414, 3.143173616115129, 2.5065883062542715]"
tVHA,2.0,0.571258166226,2000,0.0,-8.873399096787,"[4.192612360090983, 4.729822430278336, 2.4051825979492802, 2.437440193310501, 3.1208239675264924, 2.558297450141775]"
tVHA,2.0,0.575994254037,1000,0.0,-8.873339016697,"[4.123743175753555, 4.788548929619003, 2.1755118882226423, 2.4119398979305755, 2.911156520678656, 2.59610588304317]"
tVHA,2.0,0.575994254037,2000,0.0,-8.873390006512,"[4.19379942697228, 4.735615325580674, 2.3973752723100477, 2.4339685397349746, 3.1092770230147884, 2.560026498026058]"
tVHA,2.0,0.580360998383,1000,0.0,-8.873338257212,"[4.130077026677565, 4.780672655081505, 2.194631999379007, 2.394921132023076, 2.908199338132672, 2.579452041194854]"
tVHA,2.0,0.580360998383,2000,0.0,-8.873382675448,"[4.196641021167272, 4.736698338163816, 2.407339164426193, 2.4280369446669017, 3.1200031914973225, 2.551076883746444]"
tVHA,2.0,0.584727742728,1000,0.0,-8.873359572105,"[4.156576802888372, 4.780351089070692, 2.2621488721391176, 2.438009747477386, 2.97873141955383, 2.5994034755994644]"
tVHA,2.0,0.584727742728,2000,0.0,-8.873360877241,"[4.195490037559103, 4.797421011893189, 2.4491070927765417, 2.3824149328146644, 3.1149250591920365, 2.520112071249758]"
tVHA,2.0,0.589039200222,1000,0.0,-8.873263105398,"[4.07759356946412, 4.9653700248152886, 2.1610535137468956, 2.4876939631527, 2.87003340053061, 2.6661382637982607]"
tVHA,2.0,0.589039200222,2000,0.0,-8.873410024135,"[4.177201595134967, 4.823252122913976, 2.4073147551087795, 2.4265018082042773, 3.1265588784185314, 2.5500987669176736]"
tVHA,2.0,0.593350657715,1000,0.0,-8.873410016168,"[4.1779371839794255, 4.821293727533851, 2.408932342733616, 2.424517696655112, 3.1278080983136096, 2.5473935323584067]"
tVHA,2.0,0.593350657715,2000,0.0,-8.873394754456,"[4.198269186576853, 4.760901391874537, 2.47939268653546, 2.3548774296925483, 3.1569078102904564, 2.476040609525591]"
tVHA,2.0,0.597662115209,1000,0.0,-8.873332391325,"[4.132335164756267, 4.897484869761476, 2.265509693725853, 2.4427791443565496, 2.916176462105776, 2.625640307204046]"
tVHA,2.0,0.597662115209,2000,0.0,-8.873399801612,"[4.188655194570611, 4.796889268387188, 2.416198819009577, 2.4009495143215633, 3.1114148009002918, 2.5497040816417567]"
tVHA,2.0,0.601973572702,1000,0.0,-8.873326973027,"[4.090634149657323, 4.938728862930942, 2.1632371647031285, 2.4744310364539728, 2.8840611153917894, 2.6706594306573583]"
tVHA,2.0,0.601973572702,2000,0.0,-8.873451914885,"[4.2044578328726026, 4.742607640340029, 2.5316877339250246, 2.3442984405908613, 3.19859109050105, 2.4674580389250567]"
tVHA,2.0,0.606254306312,1000,0.0,-8.873442383792,"[4.181591613743514, 4.818988626181345, 2.477517873511563, 2.429624134676996, 3.156450522518258, 2.557762785050313]"
tVHA,2.0,0.606254306312,2000,0.0,-8.873388512503,"[4.151913174143893, 4.809084828101145, 2.421975317736096, 2.4017396092504706, 3.1279126171151783, 2.5125488011636685]"
tVHA,2.0,0.610535039921,1000,0.0,-8.873388509101,"[4.151511135820665, 4.809911511408812, 2.420463359764249, 2.4023262437325945, 3.1262770977153327, 2.5135855898478434]"
tVHA,2.0,0.610535039921,2000,0.0,-8.87343666517,"[4.193631946928017, 4.800896678606263, 2.375918292583373, 2.4625598178317736, 3.098044157078437, 2.6025573115284137]"
tVHA,2.0,0.61481577353,1000,0.0,-8.873436068377,"[4.186447594354106, 4.809234290832759, 2.3524998283747554, 2.4649299774336333, 3.0772214787066887, 2.609140615558103]"
tVHA,2.0,0.61481577353,2000,0.0,-8.873377332761,"[4.190544862054275, 4.7714638575917565, 2.4848207666642095, 2.345450266554814, 3.1554219781221446, 2.4651083636500695]"
tVHA,2.0,0.619096507139,1000,0.0,-8.873321857255,"[4.091441934991957, 4.898017611748864, 2.267592727782433, 2.443704055148398, 2.937710236899207, 2.600916018489668]"
tVHA,2.0,0.619096507139,2000,0.0,-8.873443463597,"[4.214056163732228, 4.7284962715421806, 2.531043090022873, 2.3457502708249454, 3.2050889899668045, 2.4578641374594827]"
tVHA,2.0,0.623377240748,1000,0.0,-8.873429765408,"[4.172751982509316, 4.823221104506192, 2.4512552120275695, 2.442317283115335, 3.13663374881654, 2.5839114810227004]"
tVHA,2.0,0.623377240748,2000,0.0,-8.8734465926,"[4.193775116530819, 4.799498353625987, 2.3806342306681394, 2.4642468816895153, 3.1033883573149263, 2.602781271608514]"
tVHA,2.0,0.627657974357,1000,0.0,-8.87344659047,"[4.194400911383658, 4.798571081507802, 2.3819867315295316, 2.463698163993027, 3.1044977869798296, 2.601982674428189]"
tVHA,2.0,0.627657974357,2000,0.0,-8.873388743448,"[4.194357626921887, 4.780169522279654, 2.444553340860688, 2.396351854783414, 3.147157565969512, 2.502022385117928]"
tVHA,2.0,0.631938707966,1000,0.0,-8.873335232159,"[4.125172272025656, 4.8273881081815375, 2.2200934634424723, 2.4174619436293128, 2.9411238332402014, 2.5757014495382986]"
tVHA,2.0,0.631938707966,2000,0.0,-8.873380294317,"[4.206708190062244, 4.748188749415302, 2.5293239363504476, 2.3356831398155635, 3.1998060950520166, 2.445423400440239]"
tVHA,2.0,0.636219441576,1000,0.0,-8.873373521271,"[4.215620062428356, 4.789435737655555, 2.469236963561011, 2.3864774753357914, 3.147504932257165, 2.5322422209456046]"
tVHA,2.0,0.636219441576,2000,0.0,-8.87344129493,"[4.2016053030225295, 4.85175071908172, 2.4443360590455923, 2.3948812849783865, 3.1662283751216567, 2.5017684986112987]"
tVHA,2.0,0.640434286211,1000,0.0,-8.873437554414,"[4.187814655298824, 4.877783676680702, 2.423970920459482, 2.4221951482121664, 3.1511867756754386, 2.539649047816908]"
tVHA,2.0,0.640434286211,2000,0.0,-8.873373702653,"[4.18891846663292, 4.77046932338485, 2.4786749472107905, 2.347325825571035, 3.1562866426094023, 2.468926889807079]"
tVHA,2.0,0.644649130847,1000,0.0,-8.873321905771,"[4.202205586941175, 4.796820284112465, 2.411036864177282, 2.408408876484914, 3.1261114994845975, 2.5161957164159476]"
tVHA,2.0,0.644649130847,2000,0.0,-8.873399171344,"[4.189003886011305, 4.803801075061937, 2.4339657923992437, 2.401948308701181, 3.1316090769838065, 2.5133868632931424]"
tVHA,2.0,0.648863975483,1000,0.0,-8.87330982219,"[4.2145248341671, 4.759166820632091, 2.423217195637829, 2.378654391931907, 3.1326610502899257, 2.4870790379484693]"
tVHA,2.0,0.648863975483,2000,0.0,-8.873407885495,"[4.178977156343394, 4.813876262578905, 2.427218961621313, 2.4062757723595096, 3.136650714669675, 2.514879532677213]"
tVHA,2.0,0.653078820119,1000,0.0,-8.873338101344,"[4.119360514598302, 4.893589114082996, 2.202215367533209, 2.4652311675890743, 2.9395647656560766, 2.624099066709742]"
tVHA,2.0,0.653078820119,2000,0.0,-8.873347639142,"[4.18964662939358, 4.800303106199865, 2.4411399605226336, 2.3845572600969644, 3.135782622129964, 2.4894722276777723]"
tVHA,2.0,0.657293664754,1000,0.0,-8.873282943956,"[4.2228141247414, 4.654086866537539, 2.507810651948409, 2.336772434624546, 3.1678711129976884, 2.4541801514925945]"
tVHA,2.0,0.657293664754,2000,0.0,-8.873415349999,"[4.193232533416153, 4.794674142417508, 2.466642314330204, 2.390383023094418, 3.170536102986105, 2.492147578610517]"
tVHA,2.0,0.66150850939,1000,0.0,-8.873351236017,"[4.126684707915992, 4.868606417041913, 2.2583641427803123, 2.4272364445220447, 2.9443996019057677, 2.5902856788997966]"
tVHA,2.0,0.66150850939,2000,0.0,-8.873327952498,"[4.223797172365664, 4.654971982251919, 2.507258380355123, 2.3492538618406265, 3.18054377488501, 2.454001770716954]"
tVHA,2.0,0.665723354026,1000,0.0,-8.873327931928,"[4.22522566619163, 4.652525104075959, 2.5111069226422833, 2.3472224049421664, 3.1845851651447377, 2.450724963683767]"
tVHA,2.0,0.665723354026,2000,0.0,-8.873294786351,"[4.2155855479383355, 4.661888565271856, 2.4991742015656926, 2.3349942877031786, 3.1643623424176113, 2.4550635187412686]"
tVHA,2.0,0.669938198662,1000,0.0,-8.87329477297,"[4.21678053571987, 4.660468437373456, 2.502345625962212, 2.3344029607872203, 3.1678786611772987, 2.4533993913564487]"
tVHA,2.0,0.669938198662,2000,0.0,-8.87340584701,"[4.192526992340596, 4.818778584246651, 2.4536440000377304, 2.376619590316442, 3.156019984136006, 2.4841410374724715]"
tVHA,2.0,0.673797989548,1000,0.0,-8.873346647327,"[4.124272339386346, 4.873268773525624, 2.229759198354807, 2.3878474049138436, 2.9526689923529057, 2.5484824997420645]"
tVHA,2.0,0.673797989548,2000,0.0,-8.873401196687,"[4.193558647126739, 4.828231080303201, 2.456568644175402, 2.3734626076066614, 3.1579064777637127, 2.4771137924993925]"
tVHA,2.0,0.677657780434,1000,0.0,-8.873346882766,"[4.121260126639374, 4.911506757735088, 2.2407806416199403, 2.400150565966621, 2.966754515132852, 2.5536869975197574]"
tVHA,2.0,0.677657780434,2000,0.0,-8.8734052364,"[4.192264049284778, 4.826176690509655, 2.4645731463759883, 2.3721141596146302, 3.159809992642059, 2.473962084570543]"
tVHA,2.0,0.681346832573,1000,0.0,-8.873342554267,"[4.131546408540973, 4.920437951902157, 2.250654098327991, 2.424228448682207, 2.9177160769415864, 2.584033939971542]"
tVHA,2.0,0.681346832573,2000,0.0,-8.8734052364,"[4.192264049284778, 4.826176690509655, 2.4645731463759883, 2.3721141596146302, 3.159809992642059, 2.473962084570543]"
tVHA,2.0,0.685035884712,1000,0.0,-8.873342804843,"[4.1267165044879865, 4.934219472560887, 2.25126328907034, 2.435727066302207, 2.924035195394815, 2.5946704059030448]"
tVHA,2.0,0.685035884712,2000,0.0,-8.873393008248,"[4.169065044439806, 4.852961681422784, 2.44202112777518, 2.3934374101121003, 3.143181473102103, 2.4959534061262962]"
tVHA,2.0,0.68870830281,1000,0.0,-8.873267376301,"[4.003325744365589, 5.0006187969103095, 2.137334710263522, 2.4134566400025026, 2.7860514047971217, 2.577786997911135]"
tVHA,2.0,0.68870830281,2000,0.0,-8.873402993077,"[4.181740143926355, 4.832745502107535, 2.456094841928796, 2.3794831974746975, 3.1594447836675466, 2.4815297290563123]"
tVHA,2.0,0.692380720908,1000,0.0,-8.873400001961,"[4.165581913972008, 4.852391642186742, 2.408752818211574, 2.393372285208764, 3.1154193668281973, 2.506477879636888]"
tVHA,2.0,0.692380720908,2000,0.0,-8.873367384619,"[4.168683979611631, 4.813233767705934, 2.470705278514057, 2.3457004840401536, 3.1515147368755354, 2.454470781991948]"
tVHA,2.0,0.695898965478,1000,0.0,-8.873288965896,"[4.107223251409925, 4.877136490774566, 2.206404307195883, 2.3304621174091253, 2.9086894776965555, 2.4867843758684747]"
tVHA,2.0,0.695898965478,2000,0.0,-8.873393082986,"[4.203757150792195, 4.810335109029726, 2.4736561288689236, 2.359246944190291, 3.170730874027308, 2.466137530362074]"
tVHA,2.0,0.699417210049,1000,0.0,-8.873363664101,"[4.146154402156881, 4.8748301146301145, 2.3134258989288576, 2.377561287120601, 3.026442504731734, 2.5222000630571335]"
tVHA,2.0,0.699417210049,2000,0.0,-8.873311076634,"[4.207230515624565, 4.685851702897275, 2.503579108935991, 2.3405320911386793, 3.1840101271274923, 2.446438670815361]"
tVHA,2.0,0.702935454619,1000,0.0,-8.873304091333,"[4.205009071550863, 4.686547576121865, 2.497271064211705, 2.338885807647883, 3.179235860318583, 2.4462416598327055]"
tVHA,2.0,0.702935454619,2000,0.0,-8.873374652302,"[4.1784982308068095, 4.8155457459664985, 2.4301067765962205, 2.3857496351463365, 3.1360097432589678, 2.496542268642065]"
tVHA,2.0,0.70645369919,1000,0.0,-8.873314181319,"[4.100981306008376, 4.876620503409558, 2.2300237010596256, 2.406855593694219, 2.889828317497874, 2.5556658239430545]"
tVHA,2.0,0.70645369919,2000,0.0,-8.873394064798,"[4.209321142059668, 4.806362752503825, 2.4759440226884624, 2.357012569714714, 3.171971210369524, 2.463355934125505]"
tVHA,2.0,0.709938148629,1000,0.0,-8.873283565587,"[4.163187183311234, 4.769229099572375, 2.278529216337391, 2.367250583419044, 2.931724622415529, 2.515432960614161]"
tVHA,2.0,0.709938148629,2000,0.0,-8.873329119036,"[4.220432853871997, 4.730319226525209, 2.4526875967426154, 2.3643163847634012, 3.1445492906766166, 2.477749468354798]"
tVHA,2.0,0.713422598069,1000,0.0,-8.873351872875,"[4.141488331839735, 4.874585416801977, 2.271256104018143, 2.4050840626461953, 2.9441181407787056, 2.568918105569356]"
tVHA,2.0,0.713422598069,2000,0.0,-8.873338092567,"[4.210765670488003, 4.717404499941054, 2.4443187379122544, 2.3819362861855193, 3.135164069238974, 2.4951062393917027]"
tVHA,2.0,0.716907047508,1000,0.0,-8.873294445114,"[4.132409618886261, 4.800977247371165, 2.235931510980704, 2.428153349371421, 2.9578589613965978, 2.581901566170235]"
tVHA,2.0,0.716907047508,2000,0.0,-8.873329412356,"[4.209733830183348, 4.737073441838733, 2.439809133247234, 2.368625891357757, 3.127316279209543, 2.488438637202308]"
tVHA,2.0,0.720391496947,1000,0.0,-8.873258090455,"[4.109262702996682, 4.890176389135624, 2.220632702086392, 2.446837832647541, 2.886645721320481, 2.6214925770627917]"
tVHA,2.0,0.720391496947,2000,0.0,-8.873255944796,"[4.180627000253196, 4.758253272957354, 2.5821526165029787, 2.4329217409985695, 3.1295660864764576, 2.4219624898158365]"
tVHA,2.0,0.723871704358,1000,0.0,-8.873248549186,"[4.136782982367663, 4.805653937849046, 2.497973482183335, 2.456576194802584, 3.0610027463976675, 2.46120584716353]"
tVHA,2.0,0.723871704358,2000,0.0,-8.873483535537,"[4.070025459231447, 4.971425458622093, 2.6066460709424737, 2.651210271476134, 3.112448817129641, 2.4793192316236468]"
tVHA,2.0,0.727351911769,1000,0.0,-8.873411400044,"[4.005586130649644, 5.058146081575806, 2.376303621064319, 2.7075355071258347, 2.8676516723324337, 2.5904100771830008]"
tVHA,2.0,0.727351911769,2000,0.0,-8.873576627305,"[4.05916055303887, 5.045768177939452, 2.6277873162976837, 2.641047408974609, 3.135544626826192, 2.4631747173097716]"
tVHA,2.0,0.730772198126,2000,0.0,-8.873488367939,"[4.0506881028471975, 5.058767606611809, 2.622142120259289, 2.620102589578528, 3.1208932717727897, 2.447074718147275]"
tVHA,2.0,0.730772198127,1000,0.0,-8.87350511748,"[3.951788149235197, 5.149116380162704, 2.4031181888134476, 2.7041963010182055, 2.897935456153755, 2.5574696466486406]"
tVHA,2.0,0.730772198127,2000,0.0,-8.873488367437,"[4.0506881028471975, 5.058767606611809, 2.622142120259289, 2.620102589578528, 3.1208932717727897, 2.447074718147275]"
tVHA,2.0,0.734192484484,1000,0.0,-8.873427412786,"[3.959892214543331, 5.16624410119427, 2.3816517168970153, 2.660793782834136, 2.9244155469990796, 2.516251179975675]"
tVHA,2.0,0.734192484484,2000,0.0,-8.87349078059,"[4.05166048008537, 5.057937551939817, 2.623682974394317, 2.6193829978230077, 3.120728879702382, 2.4453820463794367]"
tVHA,2.0,0.737523319073,1000,0.0,-8.873429921061,"[3.9553986126144833, 5.1895883530846545, 2.4140498171057754, 2.6889479137543253, 2.906276476426288, 2.552560426845292]"
tVHA,2.0,0.737523319073,2000,0.0,-8.873495474869,"[4.0530797179663045, 5.061225847239226, 2.622369097863524, 2.6223214394181453, 3.12643557846356, 2.4485905678245343]"
tVHA,2.0,0.740854153661,1000,0.0,-8.873429549494,"[3.9863494354041187, 5.146081652659811, 2.3704069799454284, 2.6911667033940847, 2.921752198472272, 2.5605146527035547]"
tVHA,2.0,0.740854153661,2000,0.0,-8.873589977493,"[4.047717776596441, 5.063129352332287, 2.6168196337841807, 2.6585474533755336, 3.133368993050381, 2.480496025334313]"
tVHA,2.0,0.744184988249,1000,0.0,-8.873450682974,"[3.912900863632098, 5.243804390752454, 2.2536843736397834, 2.7414984622659118, 2.8300991472289136, 2.617793408852557]"
tVHA,2.0,0.744184988249,2000,0.0,-8.873558001408,"[4.048896232319364, 5.077224859396654, 2.6123599389047865, 2.6572113003506486, 3.1219966454131507, 2.486202191687754]"
tVHA,2.0,0.747515822837,1000,0.0,-8.873547149606,"[4.05284352450187, 5.067926466333443, 2.6330852133799394, 2.650274119200682, 3.1392696669810434, 2.475535050761172]"
tVHA,2.0,0.747515822837,2000,0.0,-8.873611683833,"[4.047415777796412, 5.027617932181939, 2.64369700805029, 2.6544970676271715, 3.1581507760555145, 2.469567074867519]"
tVHA,2.0,0.750518454113,1000,0.0,-8.873611025835,"[4.030981245031669, 5.050684624749906, 2.6355359237006395, 2.6671377300572274, 3.150876908812522, 2.4764795852160457]"
tVHA,2.0,0.750518454113,2000,0.0,-8.873609963141,"[4.054505630724536, 5.049373141912103, 2.6404007283355933, 2.6463412685311245, 3.1466140779333918, 2.4687794786090356]"
tVHA,2.0,0.753521085389,1000,0.0,-8.873526534097,"[4.060898377081329, 4.993220159754719, 2.62738705815294, 2.687357715050541, 3.1398282407570646, 2.505923810326518]"
tVHA,2.0,0.753521085389,2000,0.0,-8.873574826747,"[4.0440244493220465, 4.991346696755301, 2.6048970726023097, 2.67288112974854, 3.11924355360009, 2.4994683316857813]"
tVHA,2.0,0.756523716665,1000,0.0,-8.873577961157,"[4.050844549909663, 4.988351292786134, 2.550639610286293, 2.6804787146141664, 3.0773009821110704, 2.5199048246257374]"
tVHA,2.0,0.756523716665,2000,0.0,-8.873580289709,"[4.072923149189409, 4.959760047391796, 2.647521068293254, 2.6497202188247857, 3.153333632955205, 2.4743261435886073]"
tVHA,2.0,0.75952634794,1000,0.0,-8.873494204483,"[4.005034442913036, 5.015037482368968, 2.356382083753419, 2.6344215392534625, 2.8982091876880687, 2.5276165328046183]"
tVHA,2.0,0.75952634794,2000,0.0,-8.873542927941,"[4.078722140323528, 4.833044999962599, 2.7168506983271685, 2.5803399986450852, 3.187754835596194, 2.4198194659408148]"
tVHA,2.0,0.762528979216,1000,0.0,-8.873542821115,"[4.082937237239408, 4.818968458761397, 2.7286742095596166, 2.559358578393925, 3.1957068152582764, 2.398710892767519]"
tVHA,2.0,0.762528979216,2000,0.0,-8.873711621851,"[4.049627233772205, 4.992262996949073, 2.6338013351887852, 2.718870287102151, 3.165437313149783, 2.528986055020697]"
tVHA,2.0,0.765531610492,1000,0.0,-8.873534008038,"[3.9709695154913334, 5.091617870038874, 2.354104543141706, 2.7438646647056695, 2.920465236114416, 2.61084240000741]"
tVHA,2.0,0.765531610492,2000,0.0,-8.873662178759,"[4.062945238973077, 4.902309180724579, 2.7418720858506536, 2.599528259949886, 3.2189337161698806, 2.42241272109516]"
tVHA,2.0,0.768534241767,2000,0.0,-8.873576338138,"[4.070060355593306, 4.971639052306575, 2.631258158160207, 2.6649808998398017, 3.139911989643406, 2.492154403710934]"
tVHA,2.0,0.768534241768,1000,0.0,-8.87364814037,"[4.00809856693184, 4.9925082618813414, 2.6037257379518355, 2.6589984953930887, 3.1046495295602403, 2.502312550513995]"
tVHA,2.0,0.768534241768,2000,0.0,-8.87357664625,"[4.067747240798338, 4.974124170954374, 2.625935490494159, 2.6680072314969774, 3.1378256081208282, 2.494243615640947]"
tVHA,2.0,0.771536873043,1000,0.0,-8.873540932662,"[4.000811140926018, 5.048821276455889, 2.455511796080174, 2.721109787617572, 3.0026031730712512, 2.575109436964824]"
tVHA,2.0,0.771536873043,2000,0.0,-8.873606114734,"[4.012526173079044, 5.09888272705394, 2.6366298625037095, 2.5945093385209055, 3.1145525900885396, 2.430732014627316]"
tVHA,2.0,0.774500000153,1000,0.0,-8.873616111477,"[4.039608871850683, 5.038045046096675, 2.7152300975049606, 2.5392351063660894, 3.185645258995755, 2.358359482408492]"
tVHA,2.0,0.774500000153,2000,0.0,-8.873579375365,"[4.064135455449145, 4.978894269964616, 2.621754501334289, 2.6656000368123953, 3.130717189738456, 2.4956403955070066]"
tVHA,2.0,0.777463127262,1000,0.0,-8.873539116321,"[4.005698405070429, 5.054616491095388, 2.4557070108751384, 2.698309839831648, 2.96012896536476, 2.5757553838104057]"
tVHA,2.0,0.777463127262,2000,0.0,-8.873587245693,"[4.048108965803079, 4.98208061870402, 2.590892341238546, 2.6896149793533146, 3.114116487994936, 2.515882962682059]"
tVHA,2.0,0.780426254372,1000,0.0,-8.873520221999,"[4.002042220163732, 5.036274192637958, 2.3792082649094546, 2.7131535174240344, 2.881532854013897, 2.5912474095408236]"
tVHA,2.0,0.780426254372,2000,0.0,-8.873537920553,"[4.07850329893651, 4.9405139158873235, 2.6410990062209665, 2.6530261370348245, 3.1436959187829947, 2.478943852446635]"
tVHA,2.0,0.783389381481,1000,0.0,-8.873536544182,"[4.071110472894267, 4.971476905334953, 2.6315724560456095, 2.691563665971399, 3.1456201367485646, 2.5206142819185438]"
tVHA,2.0,0.783389381481,2000,0.0,-8.873551330226,"[4.052216661525221, 4.976553464533724, 2.6094017854200473, 2.6912693954628413, 3.1260616660353007, 2.5077867232131625]"
tVHA,2.0,0.786316481167,1000,0.0,-8.873546939452,"[4.050600819817339, 4.979215682241092, 2.583619033978585, 2.69314280831028, 3.0997821157686607, 2.5176833742587927]"
tVHA,2.0,0.786316481167,2000,0.0,-8.873592626322,"[4.019393353866047, 5.013639684758791, 2.543936031732782, 2.734843496786856, 3.091097566698227, 2.559826305208615]"
tVHA,2.0,0.786316481168,1000,0.0,-8.873544789439,"[4.043243098091824, 4.9911578976862865, 2.57700395575956, 2.7051917091385933, 3.0948964461837214, 2.5260839076193906]"
tVHA,2.0,0.786316481168,2000,0.0,-8.873594996175,"[4.0329386266932, 4.993065337329119, 2.586227883683417, 2.717199160026405, 3.1234689003206944, 2.5367383538427792]"
tVHA,2.0,0.789243580854,1000,0.0,-8.8735944672,"[4.028810656837126, 4.999218418741549, 2.5661434332173583, 2.7215788747997465, 3.102574095833644, 2.545881505145325]"
tVHA,2.0,0.789243580854,2000,0.0,-8.873626489161,"[4.033911080514859, 4.993049054029191, 2.592525215660077, 2.7222966283201924, 3.1322041309978945, 2.5413269884852077]"
tVHA,2.0,0.792166786159,2000,0.0,-8.873649547863,"[4.0366021174048505, 4.992348054584237, 2.5922595674418796, 2.72775238102742, 3.1361791494360576, 2.5484168150880846]"
tVHA,2.0,0.79216678616,1000,0.0,-8.873619416493,"[4.032304889098436, 4.994110183081647, 2.5839964887241393, 2.721909307550485, 3.1250209567736493, 2.543532320670529]"
tVHA,2.0,0.79216678616,2000,0.0,-8.873638108481,"[4.03600134120842, 4.990603954740681, 2.587669998262284, 2.722855604416343, 3.1313139495578897, 2.5452615042441344]"
tVHA,2.0,0.795089991465,1000,0.0,-8.873642605245,"[4.036137663555255, 4.990111392937564, 2.5886031051589242, 2.72313949014017, 3.132341836728025, 2.545629779676601]"
tVHA,2.0,0.795089991465,2000,0.0,-8.873825990714,"[4.026159281150297, 5.02463157924886, 2.5563615850658157, 2.7464286162099913, 3.1127184485197663, 2.5756740208588864]"
tVHA,2.0,0.797938150499,1000,0.0,-8.873737610605,"[3.948033801060707, 5.13046140303136, 2.284376980095717, 2.806786961436996, 2.890117590797871, 2.6774912077965975]"
tVHA,2.0,0.797938150499,2000,0.0,-8.873827026402,"[4.029700556152678, 5.02012012281134, 2.5617152927140108, 2.744086912429725, 3.1146223810748674, 2.578010122608733]"
tVHA,2.0,0.800786309532,2000,0.0,-8.873803072713,"[3.987323651860116, 5.09598694030775, 2.607975430475865, 2.8496257202760162, 3.085515166309623, 2.5674318928955664]"
tVHA,2.0,0.800786309533,1000,0.0,-8.873737885687,"[3.9493228577322976, 5.140279907283807, 2.277117888448653, 2.817272654074936, 2.882680122686889, 2.6999007024511146]"
tVHA,2.0,0.800786309533,2000,0.0,-8.873796955763,"[4.005439811586015, 5.07370733134715, 2.6489387575334002, 2.8330318085855875, 3.1256604305901146, 2.5438491006691453]"
tVHA,2.0,0.803531637079,1000,0.0,-8.873798461901,"[4.0026177483068555, 5.077528440650811, 2.646809359047233, 2.835339922957232, 3.1248501900310055, 2.5456670822080447]"
tVHA,2.0,0.803531637079,2000,0.0,-8.87396179379,"[3.9442077428768725, 5.160543112113637, 2.6850660479605732, 2.960636958122877, 3.1042428320068858, 2.556351730316974]"
tVHA,2.0,0.806276964626,1000,0.0,-8.873784127252,"[3.8906553065537883, 5.134661238311162, 2.358923667910269, 2.84694793873137, 2.7265321162694276, 2.5308515871477786]"
tVHA,2.0,0.806276964626,2000,0.0,-8.87401106574,"[3.9341775015897307, 5.100601994854231, 2.832832116193327, 2.878646161184524, 3.2078718618147266, 2.454049032539805]"
tVHA,2.0,0.808969140585,1000,0.0,-8.874021435231,"[3.93416740961808, 5.099901697424007, 2.8394422871184757, 2.8800652382597245, 3.213955065667398, 2.453276406653658]"
tVHA,2.0,0.808969140585,2000,0.0,-8.87406266321,"[3.9582826065105214, 5.123555022800547, 2.770240673150824, 2.9612787248079675, 3.184330904477128, 2.535180320155843]"
tVHA,2.0,0.811661316544,1000,0.0,-8.874062832421,"[3.958567893034791, 5.1231223662377365, 2.7705677551841403, 2.9606841736991427, 3.184497963650269, 2.5346588732139868]"
tVHA,2.0,0.811661316544,2000,0.0,-8.874180287446,"[3.9835355504991234, 5.092421625599381, 2.791523107213351, 2.96240699954073, 3.2065826137704727, 2.5298991015290406]"
tVHA,2.0,0.814254140714,1000,0.0,-8.874168930829,"[3.9909205051045396, 5.077604880928874, 2.8083587157864685, 2.944990889202921, 3.2190276437947745, 2.508906978065383]"
tVHA,2.0,0.814254140714,2000,0.0,-8.874046938299,"[3.9616563745430007, 5.132065734943241, 2.782127799602243, 2.959699785479936, 3.1847110653456427, 2.5310802676078703]"
tVHA,2.0,0.816846964884,1000,0.0,-8.874064913122,"[3.962038976230611, 5.131335904074511, 2.7833767349380905, 2.963086721986542, 3.187128351215797, 2.5341158679719893]"
tVHA,2.0,0.816846964884,2000,0.0,-8.873860898301,"[3.9736910272524675, 5.13099220241922, 2.7594057508631535, 2.9119607709047504, 3.1397287503463183, 2.494436407983782]"
tVHA,2.0,0.819439789054,1000,0.0,-8.873861210276,"[3.972473056489987, 5.138572254632543, 2.7555248773719074, 2.9225640628598653, 3.138706221944627, 2.503399996204425]"
tVHA,2.0,0.819439789054,2000,0.0,-8.873861853242,"[3.9736572539065405, 5.131910852213034, 2.761698426581609, 2.9134668258431624, 3.142452196281737, 2.49542955070863]"
tVHA,2.0,0.822032613224,1000,0.0,-8.873853432315,"[3.9556285555275696, 5.1589299262955794, 2.6581273875436304, 2.929349434817426, 3.057945117387436, 2.5308684573651106]"
tVHA,2.0,0.822032613224,2000,0.0,-8.87430473451,"[3.859388785786005, 5.15379794771442, 2.8721641541973395, 2.920810048924058, 3.2672415691362104, 2.480827930545945]"
tVHA,2.0,0.824556908109,1000,0.0,-8.874305112843,"[3.8602171657764135, 5.1523075539918946, 2.8731327941161195, 2.918511533086729, 3.267609419780027, 2.478732619409291]"
tVHA,2.0,0.824556908109,2000,0.0,-8.874570905715,"[3.776999747174509, 5.315248859352825, 2.7452072059593102, 3.031743656767393, 3.2217656698722212, 2.5931587800561724]"
tVHA,2.0,0.827081202994,1000,0.0,-8.874472013664,"[3.6961518886130316, 5.390996876803275, 2.471924145614255, 3.066630746302798, 2.934887564483863, 2.6997307473166763]"
tVHA,2.0,0.827081202994,2000,0.0,-8.874602007579,"[3.8164294421464175, 5.242159531165006, 2.805954857591354, 3.030711149712727, 3.272273822438321, 2.5787234126191683]"
tVHA,2.0,0.829582902279,1000,0.0,-8.87459908046,"[3.8024079400583375, 5.257062569224953, 2.748789541916521, 3.0440828480243183, 3.227723434886804, 2.600900490944916]"
tVHA,2.0,0.829582902279,2000,0.0,-8.874476089569,"[3.7928553418665967, 5.292517984653504, 2.7496884638874786, 3.008453124912127, 3.2023967637750883, 2.5763826313282996]"
tVHA,2.0,0.832084601565,1000,0.0,-8.874303524658,"[3.6767782523714803, 5.468597036069378, 2.331971795580232, 3.1017177046072755, 2.8716890414416842, 2.719413240806123]"
tVHA,2.0,0.832084601565,2000,0.0,-8.87463485621,"[3.7401754467173127, 5.224723784176126, 2.9222880736381187, 2.9353799405568015, 3.364173495344203, 2.456362231318817]"
tVHA,2.0,0.834563890024,1000,0.0,-8.87463486938,"[3.727743231191306, 5.241733148748852, 2.889120294775486, 2.9548533728151707, 3.340827032707696, 2.480107114429733]"
tVHA,2.0,0.834563890024,2000,0.0,-8.874598639663,"[3.692338453131905, 5.296419085079913, 2.777075808647005, 2.978196256378091, 3.224811578046263, 2.5483435174460727]"
tVHA,2.0,0.837043178484,1000,0.0,-8.874422019294,"[3.5986166649201117, 5.4500134043484145, 2.3438824217145875, 3.134726669926824, 2.857207277698177, 2.7661355829200684]"
tVHA,2.0,0.837043178484,2000,0.0,-8.874645221197,"[3.5780689208261, 5.314063454926917, 2.9344118782718, 2.8740958649734054, 3.3908300843428822, 2.3687548052995444]"
tVHA,2.0,0.839500644898,1000,0.0,-8.874633356576,"[3.567418233118034, 5.400353592368874, 2.81711038738612, 2.9729704586741406, 3.301921182541144, 2.478134303834267]"
tVHA,2.0,0.839500644898,2000,0.0,-8.874697660089,"[3.585225248851522, 5.232648840325803, 3.018734456520916, 2.823623386340345, 3.446097719302252, 2.320439970171603]"
tVHA,2.0,0.841958111312,1000,0.0,-8.874691021845,"[3.5937677383215356, 5.198367367522795, 3.0933055202740327, 2.774111677529748, 3.5030001276623413, 2.2536312324012178]"
tVHA,2.0,0.841958111312,2000,0.0,-8.874452328427,"[3.636933156229103, 5.123583960885432, 2.9296903754577066, 2.838121720713785, 3.346953740363505, 2.3724927974107644]"
tVHA,2.0,0.844413398225,2000,0.0,-8.874541367209,"[3.557311943111291, 5.33823946282967, 2.8966781511139432, 2.892777859147978, 3.332637064911344, 2.4172022056245455]"
tVHA,2.0,0.844413398226,1000,0.0,-8.874451827539,"[3.6257233374364453, 5.1451084263463285, 2.9058582429933733, 2.8591409912334784, 3.3277920102007434, 2.3951931648117943]"
tVHA,2.0,0.844413398226,2000,0.0,-8.874541367211,"[3.557311943111291, 5.33823946282967, 2.8966781511139432, 2.892777859147978, 3.332637064911344, 2.4172022056245455]"
tVHA,2.0,0.846868685139,1000,0.0,-8.874509500831,"[3.5084238760085342, 5.454912815827828, 2.6816558698646067, 3.025999778738202, 3.130721023008497, 2.5829132910675687]"
tVHA,2.0,0.846868685139,2000,0.0,-8.874692766103,"[3.5964106378362337, 5.176678283300326, 2.8844080104242793, 2.9434626128668446, 3.3448144109565257, 2.454337073923481]"
tVHA,2.0,0.849323972053,1000,0.0,-8.874680082409,"[3.540846694844787, 5.257035986627708, 2.8463234541284246, 3.0385570229332104, 3.338088588223928, 2.5399714432993523]"
tVHA,2.0,0.849323972053,2000,0.0,-8.874530472502,"[3.549427395315099, 5.313852227068784, 2.939730972793145, 2.8426678467240327, 3.367672501136348, 2.3472820183917897]"
tVHA,2.0,0.851779258967,1000,0.0,-8.874530465991,"[3.54981608375504, 5.312724885591924, 2.9422391044884293, 2.841144315622392, 3.3697424394337734, 2.34532203148648]"
tVHA,2.0,0.851779258967,2000,0.0,-8.874821022186,"[3.7210822941201465, 5.172913044085551, 2.8375992678618243, 3.045527500264219, 3.2758098267956934, 2.5948896357089657]"
tVHA,2.0,0.854197659367,1000,0.0,-8.874514982565,"[3.600470209906197, 5.234058692667124, 2.3116992906253455, 2.907126189895142, 2.79608474346779, 2.600244097837841]"
tVHA,2.0,0.854197659367,2000,0.0,-8.874575750809,"[3.7975702370221422, 5.27035635859077, 2.815649896980472, 2.994240870797113, 3.2651852695034114, 2.5641255735216237]"
tVHA,2.0,0.856616059767,2000,0.0,-8.874829127868,"[3.747648489148456, 5.139733643928446, 2.902863019889668, 3.0257369015075177, 3.3645572976743376, 2.550549222957489]"
tVHA,2.0,0.856616059768,1000,0.0,-8.874578540535,"[3.7823938893923907, 5.283016066278583, 2.790588521830083, 2.9959732679300277, 3.2375637173812266, 2.5709953754103294]"
tVHA,2.0,0.856616059768,2000,0.0,-8.874829198677,"[3.7487766530237288, 5.1372532529646895, 2.9034266156658832, 3.0240459676914915, 3.3674960020843163, 2.547551692623935]"
tVHA,2.0,0.85889372914,1000,0.0,-8.874823541893,"[3.732915069695572, 5.162726187402212, 2.8235314916015093, 3.0523640139143904, 3.3010234089424033, 2.5908227546449742]"
tVHA,2.0,0.85889372914,2000,0.0,-8.874509432803,"[3.5953788401929936, 5.268883269223305, 2.945725378668583, 2.8041403674358523, 3.332444296236117, 2.3611983953921127]"
tVHA,2.0,0.861171398512,1000,0.0,-8.874508522039,"[3.5903604691921998, 5.29553301691513, 2.9150883632283686, 2.8390970942359584, 3.309067305881035, 2.3970750369324643]"
tVHA,2.0,0.861171398512,2000,0.0,-8.874491103926,"[3.6155632450479303, 5.292249831236117, 2.8955647847578936, 2.836419881046292, 3.307900313416161, 2.3936226822962543]"
tVHA,2.0,0.863414474632,1000,0.0,-8.874488886361,"[3.604886414726103, 5.314357461414611, 2.844972216571236, 2.8628654383796097, 3.267874250839542, 2.426063029194858]"
tVHA,2.0,0.863414474632,2000,0.0,-8.874552226904,"[3.5919829068322118, 5.279896001859916, 2.9576892416713374, 2.832044550852439, 3.3762760276035975, 2.3584641035811296]"
tVHA,2.0,0.865657550752,1000,0.0,-8.874553146335,"[3.5934356708505133, 5.2730505530580825, 2.965572071698163, 2.820685535800788, 3.3818389363529393, 2.3470228728695073]"
tVHA,2.0,0.865657550752,2000,0.0,-8.874508465399,"[3.738073230386048, 5.274419406846604, 2.7720670538233376, 2.9333556615333736, 3.2004356504928566, 2.5334780845460276]"
tVHA,2.0,0.867900626872,1000,0.0,-8.874520253358,"[3.6096314659168955, 5.2258183095213, 2.8766091696522125, 2.917450066383644, 3.29306471088222, 2.471107900533357]"
tVHA,2.0,0.867900626872,2000,0.0,-8.874577264236,"[3.8104540355923158, 5.2592953256209, 2.8427138920767847, 2.98578583674184, 3.2857850442904786, 2.550151192593224]"
tVHA,2.0,0.870143702992,1000,0.0,-8.874462081053,"[3.7387687832024104, 5.370096051104697, 2.49374488460152, 3.046286255109489, 2.92742528536873, 2.6919762242444696]"
tVHA,2.0,0.870143702992,2000,0.0,-8.874618512244,"[3.587321571284857, 5.391340837228814, 2.9661990042899564, 2.825398593143796, 3.3710913885874607, 2.355484394761876]"
tVHA,2.0,0.872386779111,2000,0.0,-8.874509799359,"[3.775702139356961, 5.208017254204934, 2.8899156063669906, 2.8789948935573557, 3.2963549955490725, 2.464109858304266]"
tVHA,2.0,0.872386779112,1000,0.0,-8.874617894811,"[3.5856647729071276, 5.406657609670065, 2.9497273847491705, 2.8515917991118878, 3.360610189306911, 2.383223675531328]"
tVHA,2.0,0.872386779112,2000,0.0,-8.874455609228,"[3.6586205394227957, 5.106154094271789, 2.9396312058672445, 2.788926749043494, 3.344114263114987, 2.3477751051435756]"
tVHA,2.0,0.874629855231,1000,0.0,-8.874489200438,"[3.6939757333917997, 5.338327392050624, 2.79792864159908, 3.024291456158492, 3.241686062147041, 2.60242214190428]"
tVHA,2.0,0.874629855231,2000,0.0,-8.874504065856,"[3.821148307390451, 5.156609687130615, 2.813502608604158, 3.0035535760598675, 3.2692624178566527, 2.5674614544102115]"
tVHA,2.0,0.876872931351,1000,0.0,-8.874482029056,"[3.7843395075684017, 5.18842177510293, 2.646249609890706, 3.0271440935753064, 3.1307602295991988, 2.6214978978591326]"
tVHA,2.0,0.876872931351,2000,0.0,-8.874576183493,"[3.807928392824778, 5.260446914266404, 2.830755133639009, 3.0011278150428744, 3.288990555140899, 2.5556413546928303]"
tVHA,2.0,0.879116007471,1000,0.0,-8.874574338059,"[3.788565895915549, 5.2982665690607895, 2.8018223059075815, 3.040493900131175, 3.27334631391917, 2.5913693114356247]"
tVHA,2.0,0.879116007471,2000,0.0,-8.874524874772,"[3.7402996114564457, 5.2903629970769614, 2.8193938695361673, 2.9777281650813383, 3.2747227255387723, 2.532954160941225]"
tVHA,2.0,0.881263055525,1000,0.0,-8.8745248741,"[3.740577736522723, 5.289782383020086, 2.8197855808453225, 2.9770226832798974, 3.2749019508677417, 2.5323957123662666]"
tVHA,2.0,0.881263055525,2000,0.0,-8.874557370821,"[3.747364889713264, 5.281894088431322, 2.825945805030395, 2.9820533260644835, 3.2801739527325355, 2.534858146844036]"
tVHA,2.0,0.883410103579,1000,0.0,-8.874499671471,"[3.683555196560668, 5.338874786979627, 2.6360766178676744, 3.0229587521567396, 3.1138251639638623, 2.5856933033939207]"
tVHA,2.0,0.883410103579,2000,0.0,-8.874479632377,"[3.7272276592643685, 5.292716961089663, 2.7632769096359837, 2.9764137825934407, 3.2373749409952914, 2.5220612341040365]"
tVHA,2.0,0.885557151633,1000,0.0,-8.874479623373,"[3.727926415811787, 5.290534858972804, 2.764384864152255, 2.973799752081817, 3.2377594381695953, 2.519349860699052]"
tVHA,2.0,0.885557151633,2000,0.0,-8.87449768024,"[3.701995705123226, 5.300567641200532, 2.778685301652252, 2.9684214769202084, 3.2513511775494495, 2.5044055265863303]"
tVHA,2.0,0.887704199687,1000,0.0,-8.874475821091,"[3.673884900183777, 5.341064723594847, 2.651028690948441, 2.988291455948958, 3.120538575725343, 2.557346034752856]"
tVHA,2.0,0.887704199687,2000,0.0,-8.874568791026,"[3.614327541664101, 5.3096824341580975, 2.785373093287454, 2.930403022776197, 3.2586207114575347, 2.4406899450738346]"
tVHA,2.0,0.889752779626,1000,0.0,-8.874303647584,"[3.5256572763420007, 5.311428015473492, 2.3367441979073194, 2.76402023730037, 2.8302641236543904, 2.4220573381754225]"
tVHA,2.0,0.889752779626,2000,0.0,-8.874540681021,"[3.705231119626408, 5.291084101103138, 2.791741020401399, 2.977255002469885, 3.2673463268388776, 2.508646189874949]"
tVHA,2.0,0.891801359566,1000,0.0,-8.874526026461,"[3.6896939175523897, 5.313329434595655, 2.695361319098443, 2.990026787338563, 3.1678765571804117, 2.549763337901143]"
tVHA,2.0,0.891801359566,2000,0.0,-8.874594304044,"[3.7030204092453065, 5.281226305011481, 2.7836744240440865, 2.998484787829333, 3.279584046762536, 2.514819272018242]"
tVHA,2.0,0.893849939505,1000,0.0,-8.874413917973,"[3.569977677166378, 5.408867605649716, 2.314322111512012, 3.0402357197662697, 2.8823525484061614, 2.6280947713716176]"
tVHA,2.0,0.893849939505,2000,0.0,-8.874535750631,"[3.705989321230675, 5.293754055960888, 2.805743758561051, 2.972388761228824, 3.2825252536218055, 2.5009678967760554]"
tVHA,2.0,0.895898519445,1000,0.0,-8.874533795667,"[3.695922760266375, 5.303990128879238, 2.756103697330153, 2.9759627269257454, 3.239980583461543, 2.5164547662467314]"
tVHA,2.0,0.895898519445,2000,0.0,-8.874539979043,"[3.706879496779057, 5.2835012771803855, 2.810931936235182, 2.959886672720761, 3.2689389884879976, 2.5089947274487514]"
tVHA,2.0,0.89784135413,1000,0.0,-8.874523159898,"[3.6697207119882562, 5.32826812834738, 2.698749775093538, 2.9948333259830884, 3.1582900664606024, 2.56941346235043]"
tVHA,2.0,0.89784135413,2000,0.0,-8.874551078061,"[3.7015163864041365, 5.293621110499082, 2.801258983415904, 2.9638737308636807, 3.2709883377877014, 2.5183940671981877]"
tVHA,2.0,0.899784188816,1000,0.0,-8.874551011714,"[3.700412179882025, 5.295206860964537, 2.7946812872273945, 2.965507137995798, 3.26571643356098, 2.5211135948999184]"
tVHA,2.0,0.899784188816,2000,0.0,-8.874567870184,"[3.6337632413584493, 5.2755375569614475, 2.886022971404076, 2.8995832368164445, 3.342747921097813, 2.4206113007433583]"
tVHA,2.0,0.901727023502,1000,0.0,-8.874560214924,"[3.5883064990479063, 5.33040673125881, 2.8391996813993443, 2.960544175355349, 3.3164650948865786, 2.4758939859797797]"
tVHA,2.0,0.901727023502,2000,0.0,-8.874522155863,"[3.6785998562961257, 5.323027587614351, 2.74069453207251, 2.990653883525213, 3.2199163456148003, 2.532260194252335]"
tVHA,2.0,0.903669858188,1000,0.0,-8.874299698323,"[3.6696238131598964, 5.269054214894008, 2.3435178568776465, 2.956503454376418, 2.7799966191730436, 2.600099719203724]"
tVHA,2.0,0.903669858188,2000,0.0,-8.874409970507,"[3.5857732483550118, 5.365028123317963, 2.7015816668485275, 2.995619729259469, 3.221080743180995, 2.4961436373412003]"
tVHA,2.0,0.905529426185,1000,0.0,-8.874409940695,"[3.5835998460346, 5.368272947688384, 2.6975282097228064, 2.9992052921573937, 3.218339965345262, 2.49992260624701]"
tVHA,2.0,0.905529426185,2000,0.0,-8.87445436813,"[3.3465989255725384, 5.432207767628794, 2.827401930631202, 2.867239492710456, 3.3186582324955554, 2.332463330585129]"
tVHA,2.0,0.907388994182,1000,0.0,-8.874454367829,"[3.346655349760555, 5.431934444838092, 2.827765419186501, 2.8668635450193545, 3.318947132347099, 2.3320033487049514]"
tVHA,2.0,0.907388994182,2000,0.0,-8.874379250216,"[3.6083772906353566, 5.308822146919727, 2.7244412967033655, 2.9535404305896407, 3.186852603057922, 2.5101073849807127]"
tVHA,2.0,0.909027329133,1000,0.0,-8.874379077669,"[3.6054828985750644, 5.317848421940223, 2.7166742033709568, 2.9603643153200427, 3.1838245504087075, 2.515990281422874]"
tVHA,2.0,0.909027329133,2000,0.0,-8.874276426451,"[3.5178303261426147, 5.33846457352113, 2.7625137879408923, 2.880550164183978, 3.2110802813305903, 2.4245981300074546]"
tVHA,2.0,0.910665664083,1000,0.0,-8.874274869329,"[3.505472370902225, 5.37142240202984, 2.7339708616023364, 2.9216310401774224, 3.1959488566246996, 2.4595923558275223]"
tVHA,2.0,0.910665664083,2000,0.0,-8.874236649223,"[3.636675415790291, 5.249733152360526, 2.680414669483877, 2.9163594788269362, 3.1430419390741537, 2.4931126110473296]"
tVHA,2.0,0.912303999034,1000,0.0,-8.874068735523,"[3.605152289610902, 5.189715970592168, 2.384726484546867, 2.707862236730537, 2.840519765454174, 2.4020255703886857]"
tVHA,2.0,0.912303999034,2000,0.0,-8.874221185642,"[3.6290624776442133, 5.29004310496785, 2.699230978090863, 2.93910273445422, 3.16386779504177, 2.4960053762821683]"
tVHA,2.0,0.913942333985,1000,0.0,-8.874216455288,"[3.6170113089747145, 5.308798582409672, 2.641561698047128, 2.9585236182893464, 3.104196154401179, 2.52514370971187]"
tVHA,2.0,0.913942333985,2000,0.0,-8.874259466475,"[3.635583219833147, 5.276026657027393, 2.674561338084333, 2.9576603720964165, 3.135411643066566, 2.525174829260399]"
tVHA,2.0,0.915580668936,1000,0.0,-8.873924238548,"[3.5634021376578873, 5.210529451340479, 2.3256175178542287, 2.7057480836564833, 2.6927575918295474, 2.375534395792711]"
tVHA,2.0,0.915580668936,2000,0.0,-8.874161920549,"[3.6649835495510636, 5.222274228353909, 2.7002243443405325, 2.9226656675953855, 3.161666535555268, 2.4937675648983686]"
tVHA,2.0,0.917219003887,1000,0.0,-8.874161820691,"[3.6608953174156977, 5.232315900795955, 2.6971470412874474, 2.9299337041896303, 3.159832683145699, 2.4995920658095465]"
tVHA,2.0,0.917219003887,2000,0.0,-8.874202804448,"[3.685375862795896, 5.20502257656363, 2.6869853650814868, 2.942747326836786, 3.1495883667419173, 2.5212040430573213]"
tVHA,2.0,0.918857338837,1000,0.0,-8.874200672043,"[3.6798076648112588, 5.199982089531367, 2.631458647092261, 2.928860855480367, 3.0977141912070714, 2.5219405623096525]"
tVHA,2.0,0.918857338837,2000,0.0,-8.874099827003,"[3.6672251619350957, 5.227174549771382, 2.675621957814901, 2.9294252894633392, 3.135751067408277, 2.4991300920631128]"
tVHA,2.0,0.920495673788,1000,0.0,-8.874094936769,"[3.654587851202551, 5.246629468830567, 2.6147356337307084, 2.946295717057195, 3.0727902868346355, 2.52676845226656]"
tVHA,2.0,0.920495673788,2000,0.0,-8.874089637065,"[3.6805790150063564, 5.121911111068174, 2.675914107173947, 2.9276772847161143, 3.1144070850356984, 2.5257192859403257]"
tVHA,2.0,0.92212081917,1000,0.0,-8.874089636454,"[3.680695017007684, 5.121554000630323, 2.6761912895897377, 2.927007985519003, 3.114502277122866, 2.525196419862496]"
tVHA,2.0,0.92212081917,2000,0.0,-8.874055473483,"[3.654489267230403, 5.248331281236391, 2.6796776644368587, 2.9244883022984776, 3.1327105182826758, 2.493205641004763]"
tVHA,2.0,0.923745964552,1000,0.0,-8.874049101944,"[3.6388645486478723, 5.270422353719873, 2.611446448758569, 2.940385751898795, 3.0618701854872077, 2.5219011459409617]"
tVHA,2.0,0.923745964552,2000,0.0,-8.874054685719,"[3.6655092760253596, 5.212697269216443, 2.6410996186297693, 2.8776461900686803, 3.08280237009193, 2.491085313105195]"
tVHA,2.0,0.925235545136,1000,0.0,-8.873915141624,"[3.630781559111777, 5.166553932365309, 2.417859988049632, 2.685818144135391, 2.7874606016457846, 2.4137029230649567]"
tVHA,2.0,0.925235545136,2000,0.0,-8.874091870463,"[3.638592123776954, 5.261324248427831, 2.6698517005017157, 2.910578907329076, 3.1429476059643413, 2.4926780846537877]"
tVHA,2.0,0.926725125719,1000,0.0,-8.874091796333,"[3.6366035538900734, 5.263433861922398, 2.660854583471488, 2.9123039211836823, 3.1354643530182176, 2.4958352315246453]"
tVHA,2.0,0.926725125719,2000,0.0,-8.874079399465,"[3.639899750730639, 5.2622546588985495, 2.690421006765835, 2.901319753324528, 3.1503319641245606, 2.495219073322579]"
tVHA,2.0,0.92672512572,2000,0.0,-8.874078777836,"[3.632874530276523, 5.264146394545333, 2.661124693947989, 2.899959360807217, 3.1250302068783515, 2.4989104142567564]"
tVHA,2.0,0.928187202955,1000,0.0,-8.874023671018,"[3.5982679308637957, 5.325494352135482, 2.4612005920459707, 2.952933642615769, 2.9163736695843108, 2.5981995060273793]"
tVHA,2.0,0.928187202955,2000,0.0,-8.874201108033,"[3.6459039250900798, 5.248546529041101, 2.709822585584748, 2.920349253132195, 3.1750015967656733, 2.506974962543253]"
tVHA,2.0,0.929649280191,1000,0.0,-8.874201067541,"[3.647020109098662, 5.245139058463591, 2.7133168046917766, 2.9146103605620866, 3.176961926220822, 2.502054466792618]"
tVHA,2.0,0.929649280191,2000,0.0,-8.87422090402,"[3.6477592097071323, 5.2435559687119095, 2.7095919281737793, 2.92366788016684, 3.1787286899666656, 2.5063422034394147]"
tVHA,2.0,0.931111357427,1000,0.0,-8.87421572077,"[3.6532143388315816, 5.200249145728394, 2.7469872024020447, 2.8595122653475333, 3.2005909603432654, 2.4512058534540824]"
tVHA,2.0,0.931111357427,2000,0.0,-8.874212717145,"[3.64437504707238, 5.2579466836796005, 2.703458520424512, 2.9282247771433116, 3.173319845977094, 2.5112031464540667]"
tVHA,2.0,0.932573434663,1000,0.0,-8.87421253474,"[3.6480176244316955, 5.253770615994826, 2.715796271703142, 2.925627802134258, 3.1838598326185643, 2.5052588979762946]"
tVHA,2.0,0.932573434663,2000,0.0,-8.874174123715,"[3.6484382912671167, 5.220885264615499, 2.6910092584787497, 2.914392932310806, 3.166380502703894, 2.499054174214294]"
tVHA,2.0,0.933939940727,1000,0.0,-8.874167089696,"[3.67180995622584, 5.161793452527741, 2.73175908443282, 2.8434281914520865, 3.188882209427699, 2.4222249681159322]"
tVHA,2.0,0.933939940727,2000,0.0,-8.874231466261,"[3.65641318245563, 5.236312300016755, 2.6920529614610675, 2.928816652662549, 3.175397932982426, 2.516229145804278]"
tVHA,2.0,0.935306446792,1000,0.0,-8.874227927302,"[3.6431938734428706, 5.251582827854644, 2.63567574680661, 2.941108105827742, 3.129184912856483, 2.5403705408152177]"
tVHA,2.0,0.935306446792,2000,0.0,-8.874165851918,"[3.4902116034183974, 5.101172142293478, 2.766206601751552, 2.791914967383096, 3.1987719141700737, 2.3828046738206208]"
tVHA,2.0,0.936642410745,1000,0.0,-8.874164367021,"[3.4992595164094222, 5.082874635949163, 2.802960647968689, 2.7733780006506468, 3.235092624265497, 2.356926477094426]"
tVHA,2.0,0.936642410745,2000,0.0,-8.874315529684,"[3.6627544857814254, 5.242699436450152, 2.696983871453032, 2.9414356712198737, 3.1784606382954514, 2.5297760734016546]"
tVHA,2.0,0.937978374699,1000,0.0,-8.873941980181,"[3.532915317271149, 5.318343859626681, 2.44475062946573, 2.8941247851007548, 2.890295711437049, 2.5389977225233893]"
tVHA,2.0,0.937978374699,2000,0.0,-8.874181423281,"[3.6217222524582082, 5.0408297706752485, 2.7192492204537735, 2.888390176049157, 3.184671658210846, 2.466214625186936]"
tVHA,2.0,0.939314338652,1000,0.0,-8.874181258417,"[3.6255923171428863, 5.035461384630122, 2.730608303030071, 2.883756604517118, 3.196094158649567, 2.459526052079885]"
tVHA,2.0,0.939314338652,2000,0.0,-8.874237140641,"[3.655898242991999, 5.247071388819949, 2.6588037919972374, 2.936708802698315, 3.155438509272485, 2.524676722151577]"
tVHA,2.0,0.940650302606,1000,0.0,-8.874129821271,"[3.62654287388154, 5.186795763290596, 2.460531177321745, 2.7620294895925888, 2.876993074421475, 2.4599852809516225]"
tVHA,2.0,0.940650302606,2000,0.0,-8.874021561571,"[3.6135719141666716, 5.132903498890664, 2.7019712697334564, 2.839811921403867, 3.153468310208975, 2.424269398483655]"
tVHA,2.0,0.941986266559,1000,0.0,-8.874021561449,"[3.6135654644334396, 5.132904347620016, 2.701966086816678, 2.8398096988377244, 3.153465353929108, 2.424264885426033]"
tVHA,2.0,0.941986266559,2000,0.0,-8.874200036211,"[3.622279813575924, 5.033278308750106, 2.718649781177793, 2.890002310936484, 3.183184300808012, 2.4693391219446057]"
tVHA,2.0,0.943322230513,1000,0.0,-8.874200045344,"[3.6227408158239287, 5.0319999563589555, 2.7197239975311502, 2.888356872186164, 3.183881095001605, 2.4679291747292638]"
tVHA,2.0,0.943322230513,2000,0.0,-8.874148139762,"[3.5612971144903773, 5.2609798726334365, 2.729650963817475, 2.842798453866248, 3.166234368606049, 2.4500433896436187]"
tVHA,2.0,0.944658194466,1000,0.0,-8.874148139624,"[3.5612964553328346, 5.261029463925973, 2.72963324115643, 2.842909084207526, 3.166239664637571, 2.450119320455548]"
tVHA,2.0,0.944658194466,2000,0.0,-8.874348296099,"[3.4563906423904354, 5.31005283157376, 2.687820059071642, 2.8900815583439727, 3.2019477085472428, 2.4160589424924606]"
tVHA,2.0,0.94599415842,1000,0.0,-8.874229111366,"[3.4466426240290278, 5.385329678347574, 2.34020212886118, 2.961774179432555, 2.8251415081696885, 2.576396495859312]"
tVHA,2.0,0.94599415842,2000,0.0,-8.874362375826,"[3.6769836767367527, 5.166952982323851, 2.673251896896287, 2.9670828354880134, 3.1838439603035953, 2.5333141808215895]"
tVHA,2.0,0.947309643424,1000,0.0,-8.874362234387,"[3.6731313186134162, 5.17254071356566, 2.664687707956619, 2.970411395516562, 3.175038263801594, 2.5378963461369874]"
tVHA,2.0,0.947309643424,2000,0.0,-8.874258927412,"[3.439557420057189, 5.2716890737668844, 2.7868169174524215, 2.8137053948317385, 3.2634996605060316, 2.3447670744335856]"
tVHA,2.0,0.948625128428,2000,0.0,-8.874346770475,"[3.436157326434034, 5.326021119781532, 2.6608636998462076, 2.9200363682514006, 3.1901553017816227, 2.440551098801084]"
tVHA,2.0,0.948625128429,1000,0.0,-8.874258913723,"[3.4387316450187453, 5.27358360044828, 2.7820784611238762, 2.8165298384485205, 3.259660661834353, 2.3481199546921525]"
tVHA,2.0,0.948625128429,2000,0.0,-8.874346678824,"[3.436157326434034, 5.326021119781532, 2.6608636998462076, 2.9200363682514006, 3.1901553017816227, 2.440551098801084]"
tVHA,2.0,0.949876845955,1000,0.0,-8.87424010323,"[3.3731312299251734, 5.457189975346036, 2.3134986161928737, 3.0434778701545797, 2.895777578553332, 2.62268602114533]"
tVHA,2.0,0.949876845955,2000,0.0,-8.874401247958,"[3.4367237757842823, 5.36191616228939, 2.6602816767445256, 2.934052278284631, 3.1941461315302053, 2.4539605920003704]"
tVHA,2.0,0.951128563481,1000,0.0,-8.874173285789,"[3.3879863024750243, 5.319235845959725, 2.2827797505859433, 2.7219902600627544, 2.803688315649727, 2.3885810967109418]"
tVHA,2.0,0.951128563481,2000,0.0,-8.874362151175,"[3.449860181036649, 5.288970120218354, 2.8124078729490147, 2.8314380593682302, 3.28387606266839, 2.3595998395761364]"
tVHA,2.0,0.952380281008,1000,0.0,-8.874362068612,"[3.446711072012829, 5.297309131231816, 2.805181346236433, 2.8405281773496687, 3.278340040086876, 2.3696349492308957]"
tVHA,2.0,0.952380281008,2000,0.0,-8.874336336333,"[3.463265424422402, 5.259330186717713, 2.7897532432452987, 2.8415936536060076, 3.2883754496286426, 2.3574786836303985]"
tVHA,2.0,0.953631998534,1000,0.0,-8.874336244602,"[3.4610895498726375, 5.267938156524066, 2.7811540846853045, 2.8508027943669987, 3.281239272102159, 2.3679532452946286]"
tVHA,2.0,0.953631998534,2000,0.0,-8.874226492035,"[3.5697893316486047, 5.264530362167171, 2.6607125279593458, 2.9113177150705023, 3.1713229995759646, 2.4550103819214737]"
tVHA,2.0,0.954804488895,1000,0.0,-8.874079735964,"[3.5065843723781667, 5.280853159295303, 2.3379801628296164, 2.7962556892180994, 2.8083545593980968, 2.470058018134802]"
tVHA,2.0,0.954804488895,2000,0.0,-8.874306848448,"[3.4573901857294844, 5.287304457271877, 2.7591236279615554, 2.8600428787742596, 3.2653697741561007, 2.3712182371301465]"
tVHA,2.0,0.955976979256,1000,0.0,-8.874270699858,"[3.396119700936457, 5.440333343551883, 2.5996879682273697, 3.0628755730206945, 3.1578128736957547, 2.5897868355450866]"
tVHA,2.0,0.955976979256,2000,0.0,-8.87417069175,"[3.440426544356316, 5.316961298476667, 2.740373507556975, 2.8291703664484746, 3.246867476039956, 2.3379892664809456]"
tVHA,2.0,0.957064737724,2000,0.0,-8.874144531791,"[3.3986490445994013, 5.417585805022128, 2.6102830724784267, 2.906837079296046, 3.1211359094407367, 2.4414559211773135]"
tVHA,2.0,0.957064737725,1000,0.0,-8.874162486235,"[3.4132832156956594, 5.388038737610987, 2.627479587713643, 2.9201414796326475, 3.1456657012459797, 2.4509772983469897]"
tVHA,2.0,0.957064737725,2000,0.0,-8.874144534479,"[3.3986490445994013, 5.417585805022128, 2.6102830724784267, 2.906837079296046, 3.1211359094407367, 2.4414559211773135]"
tVHA,2.0,0.958152496193,1000,0.0,-8.87416177733,"[3.432342715019457, 5.359224345920103, 2.7122680849694722, 2.8579774563469167, 3.2206516171963053, 2.3790839506535626]"
tVHA,2.0,0.958152496193,2000,0.0,-8.874262105958,"[3.4121930261986324, 5.3983957539778435, 2.6471710725126334, 2.890760639951444, 3.1721089784771777, 2.4172344241748123]"
tVHA,2.0,0.959240254661,1000,0.0,-8.874032182541,"[3.353569244249724, 5.355825737274787, 2.269561524842931, 2.679314550018195, 2.7794661321204854, 2.3550965234044643]"
tVHA,2.0,0.959240254661,2000,0.0,-8.874144335043,"[3.4457364647610724, 5.329667398177767, 2.734913250444783, 2.8177915100963857, 3.2341741395025725, 2.339925939696645]"
tVHA,2.0,0.960328013129,1000,0.0,-8.874143762866,"[3.4388657421271747, 5.343081299938877, 2.7050591686160415, 2.8327103463592467, 3.2107524284491795, 2.3594182243686235]"
tVHA,2.0,0.960328013129,2000,0.0,-8.874167446217,"[3.4461625616808735, 5.319134556722184, 2.7634171047450184, 2.8156839140242758, 3.2533883780694883, 2.34102681337588]"
tVHA,2.0,0.961362727431,1000,0.0,-8.874167145422,"[3.4417599976599944, 5.327465629699562, 2.7553574366492724, 2.8291031421262267, 3.2500452119372025, 2.3512014228094538]"
tVHA,2.0,0.961362727431,2000,0.0,-8.874134633469,"[3.4351983230875747, 5.321565568121104, 2.729514904913662, 2.8197754849618812, 3.22806842944927, 2.3430823432091]"
tVHA,2.0,0.962397441732,1000,0.0,-8.873987715152,"[3.374194772146872, 5.349055645359387, 2.3479730512425157, 2.7140123546247543, 2.8294606733921572, 2.36021738286364]"
tVHA,2.0,0.962397441732,2000,0.0,-8.874155375797,"[3.401637420197887, 5.391491787992665, 2.659310180070445, 2.873615522796773, 3.1555378308711624, 2.41165737269025]"
tVHA,2.0,0.963432156033,1000,0.0,-8.874026462926,"[3.3343658727118854, 5.591535681670207, 2.293558753792131, 3.0387367060696775, 2.799479188475098, 2.658266622655635]"
tVHA,2.0,0.963432156033,2000,0.0,-8.87416424969,"[3.415232624036645, 5.318162330917073, 2.7412179624364, 2.824359487507719, 3.2452778066196037, 2.3342599549676835]"
tVHA,2.0,0.964466870334,1000,0.0,-8.873967660182,"[3.3539681908853187, 5.347210888557216, 2.3297037233846716, 2.7205367163896708, 2.7565630466042297, 2.3495061223873366]"
tVHA,2.0,0.964466870334,2000,0.0,-8.874290416671,"[3.413706910774498, 5.435180584071641, 2.752759024639822, 2.841234864693381, 3.2433746713317477, 2.3644940650602924]"
tVHA,2.0,0.965429054702,1000,0.0,-8.874044578517,"[3.347701909141213, 5.4355721671729, 2.3222746532586447, 2.701380022273896, 2.725650105997006, 2.348822208829702]"
tVHA,2.0,0.965429054702,2000,0.0,-8.874166257881,"[3.4178593872369345, 5.359979902059104, 2.6487955679856086, 2.8991526085789157, 3.1668914283003415, 2.432795286004746]"
tVHA,2.0,0.96639123907,1000,0.0,-8.874165139165,"[3.3935148635846817, 5.3752771220268265, 2.6335461122568278, 2.8969584865475513, 3.164844567494952, 2.4281977414995435]"
tVHA,2.0,0.96639123907,2000,0.0,-8.874347133683,"[3.4368677838288053, 5.3088510202993895, 2.794927710936231, 2.8573531681678186, 3.3003692549764736, 2.3592705555646862]"
tVHA,2.0,0.967353423438,1000,0.0,-8.87434701037,"[3.4354254329919263, 5.3133055998890875, 2.78513850938985, 2.8615037250263904, 3.290319560200139, 2.3659317365444466]"
tVHA,2.0,0.967353423438,2000,0.0,-8.874247958997,"[3.3993827754462105, 5.398123154594874, 2.605640186025309, 2.9425297260639773, 3.1362793323499356, 2.4689134755852353]"
tVHA,2.0,0.968315607806,1000,0.0,-8.874072676108,"[3.3344803163281727, 5.587163639721229, 2.179013366789117, 3.1427210710338622, 2.76472472525787, 2.764779149489503]"
tVHA,2.0,0.968315607806,2000,0.0,-8.874246857782,"[3.4225317635520347, 5.338938014347669, 2.6659516775458827, 2.885884826256316, 3.1839051550470896, 2.4106353764747146]"
tVHA,2.0,0.969270097025,1000,0.0,-8.87416919951,"[3.3733798461194064, 5.434685764216233, 2.3762337424183118, 2.9865930805585723, 2.9176169492270425, 2.568569704306397]"
tVHA,2.0,0.969270097025,2000,0.0,-8.874252098743,"[3.4257371689543374, 5.29835378974265, 2.7583885332252684, 2.848266186505584, 3.2651016302114524, 2.352893651049471]"
tVHA,2.0,0.970224586244,1000,0.0,-8.874254785872,"[3.4224561724613416, 5.342790192564732, 2.693969742801488, 2.9235949307583073, 3.215580335152528, 2.4300662898999454]"
tVHA,2.0,0.970224586244,2000,0.0,-8.874259920712,"[3.4316081442965545, 5.293648730390938, 2.761332764774927, 2.8468829763658254, 3.2673311127211, 2.3520407525852534]"
tVHA,2.0,0.971179075464,1000,0.0,-8.874254851491,"[3.4204558686862336, 5.346290390836071, 2.6805717414917165, 2.924669010737948, 3.1984412287945876, 2.438071463268373]"
tVHA,2.0,0.971179075464,2000,0.0,-8.874278594827,"[3.4231091864681127, 5.326568384635603, 2.6929374908648476, 2.915132044410294, 3.222414541645777, 2.40935559834638]"
tVHA,2.0,0.972133564683,1000,0.0,-8.874255038135,"[3.407530944318908, 5.411135044753759, 2.6042667630447305, 3.0576210516026228, 3.1675272123672022, 2.540430347167]"
tVHA,2.0,0.972133564683,2000,0.0,-8.874392016597,"[3.435288743904283, 5.283851717484511, 2.8159046733763318, 2.852473967511343, 3.3136288892262606, 2.3599147593950676]"
tVHA,2.0,0.973074562581,1000,0.0,-8.874390490537,"[3.42804889880407, 5.306174665802188, 2.7637773055506436, 2.878860793428646, 3.262028862176993, 2.396197730362103]"
tVHA,2.0,0.973074562581,2000,0.0,-8.874261417242,"[3.4339022504577947, 5.289756993219404, 2.766119207414529, 2.845233696155783, 3.271141406735293, 2.3491651975959584]"
tVHA,2.0,0.97401556048,1000,0.0,-8.874252618432,"[3.4177352622773047, 5.37484607807397, 2.695391321884726, 2.945026374599161, 3.218419449130404, 2.4579225136386844]"
tVHA,2.0,0.97401556048,2000,0.0,-8.87428113931,"[3.4362947835696174, 5.292344981840842, 2.7947987325720605, 2.83315821515347, 3.288731004535527, 2.347484147018433]"
tVHA,2.0,0.974956558378,1000,0.0,-8.874280609039,"[3.4289033806878786, 5.305681802491462, 2.772415120571385, 2.848118398044677, 3.2672248680803397, 2.3653778173745383]"
tVHA,2.0,0.974956558378,2000,0.0,-8.87426431873,"[3.3855427430515763, 5.366690798163534, 2.6367695261786315, 2.923934418549589, 3.179630998987063, 2.42294076028866]"
tVHA,2.0,0.975897556277,1000,0.0,-8.874267989423,"[3.4031382895203706, 5.368264552173043, 2.691785908961263, 2.9530963799588044, 3.2346678746381134, 2.4396283193677815]"
tVHA,2.0,0.975897556277,2000,0.0,-8.87427593744,"[3.4188563017986104, 5.303190895307521, 2.7827769208703574, 2.8509670163585854, 3.301038561874739, 2.3312446641603355]"
tVHA,2.0,0.976816254596,1000,0.0,-8.874267989421,"[3.4031382895203706, 5.368264552173043, 2.691785908961263, 2.9530963799588044, 3.2346678746381134, 2.4396283193677815]"
tVHA,2.0,0.976816254596,2000,0.0,-8.874268327877,"[3.3938115714570425, 5.360155943171444, 2.668967804320676, 2.9192198836247307, 3.2093830145895885, 2.4120986904120016]"
tVHA,2.0,0.977734952916,1000,0.0,-8.874164978136,"[3.3926877907725532, 5.4203721600183545, 2.654072312365538, 2.946214831948722, 3.1757771154112113, 2.4773336231880085]"
tVHA,2.0,0.977734952916,2000,0.0,-8.874180459533,"[3.4244022740652267, 5.312170667167615, 2.773842159517912, 2.809328960359424, 3.2685833227945382, 2.323769693752599]"
tVHA,2.0,0.978541410505,1000,0.0,-8.874164978136,"[3.3926877907725532, 5.4203721600183545, 2.654072312365538, 2.946214831948722, 3.1757771154112113, 2.4773336231880085]"
tVHA,2.0,0.978541410505,2000,0.0,-8.874279392294,"[3.4009062433546076, 5.353196452599741, 2.6839081454877745, 2.9092921113091297, 3.217331139554835, 2.41810619940997]"
tVHA,2.0,0.979347868094,1000,0.0,-8.874255701474,"[3.364906213819557, 5.456587850105047, 2.611265414355192, 3.0403194101486486, 3.1654782412195086, 2.543616979191554]"
tVHA,2.0,0.979347868094,2000,0.0,-8.874260345478,"[3.444536280105609, 5.298066285331858, 2.7848999167186275, 2.810302085766758, 3.2297316107717973, 2.378826930600551]"
tVHA,2.0,0.980154325684,1000,0.0,-8.874256273685,"[3.4338034727473628, 5.334668187305009, 2.7252141437174005, 2.8598319128003986, 3.1725960417112518, 2.4331018838754273]"
tVHA,2.0,0.980154325684,2000,0.0,-8.874380070068,"[3.4356270235204667, 5.3042452675189615, 2.7690674446908785, 2.8757750063639964, 3.246032612998113, 2.4112345511801867]"
tVHA,2.0,0.980960783273,1000,0.0,-8.87434762142,"[3.3854896936090806, 5.405519183878122, 2.5800666212583527, 2.9768327500532665, 3.060791460896345, 2.5368271186080773]"
tVHA,2.0,0.980960783273,2000,0.0,-8.874400795822,"[3.4308817252172785, 5.308493616230951, 2.7721221050532123, 2.8982415658164604, 3.252681437659419, 2.430249188005109]"
tVHA,2.0,0.981723272311,1000,0.0,-8.874375433249,"[3.3909253857036497, 5.42322103962129, 2.643652865629443, 3.041722107030055, 3.1504962079758805, 2.5643548671380967]"
tVHA,2.0,0.981723272311,2000,0.0,-8.874400795822,"[3.4308817252172785, 5.308493616230951, 2.7721221050532123, 2.8982415658164604, 3.252681437659419, 2.430249188005109]"
tVHA,2.0,0.98248576135,1000,0.0,-8.874401718104,"[3.4249410091898556, 5.318382872468171, 2.7773517595146844, 2.8954091969037163, 3.254212832517112, 2.4209837242778445]"
tVHA,2.0,0.98248576135,2000,0.0,-8.874403777661,"[3.4377880488924446, 5.27188189455933, 2.817653215449096, 2.847912333432883, 3.291590303881785, 2.370035186331844]"
tVHA,2.0,0.983248250389,1000,0.0,-8.874370612422,"[3.403730088959227, 5.344833334152895, 2.8052692764908786, 2.866239196751673, 3.3027509552320744, 2.3754215284223488]"
tVHA,2.0,0.983248250389,2000,0.0,-8.874371218717,"[3.4102860252817724, 5.321799240712501, 2.821567387942686, 2.8377648447295245, 3.3145623381800795, 2.3457877116403605]"
tVHA,2.0,0.984010739427,1000,0.0,-8.874309148918,"[3.3605644939161223, 5.430616408349777, 2.583469012958636, 2.985558488305333, 3.104599875461955, 2.5089702301760273]"
tVHA,2.0,0.984010739427,2000,0.0,-8.874325459018,"[3.3794886115264555, 5.389802267801665, 2.657868379481569, 2.9488786953323487, 3.1795102635568466, 2.4659182180579915]"
tVHA,2.0,0.984745619291,1000,0.0,-8.874406778371,"[3.3886750863073907, 5.365915607731066, 2.728355077143897, 2.899982451823349, 3.245325182431647, 2.411235592875873]"
tVHA,2.0,0.984745619291,2000,0.0,-8.874411149405,"[3.414504650898893, 5.320113011355445, 2.814579390008799, 2.8484719386254573, 3.314577397309116, 2.355623405532833]"
tVHA,2.0,0.985480499155,1000,0.0,-8.874411963916,"[3.3891141614434788, 5.400733677642425, 2.59415537203469, 2.9520097515394492, 3.125020026254215, 2.4957458251478126]"
tVHA,2.0,0.985480499155,2000,0.0,-8.874444731181,"[3.4159566889457125, 5.318567578690876, 2.8061662354856, 2.8760889273917822, 3.312536201929025, 2.3794326937173453]"
tVHA,2.0,0.986215379018,1000,0.0,-8.87421994677,"[3.4016764694800976, 5.405184577724181, 2.5895969162263945, 2.9151307545939176, 3.0967190763994266, 2.484888580893169]"
tVHA,2.0,0.986215379018,2000,0.0,-8.874240910747,"[3.4234716887837067, 5.332102699141567, 2.7365795160554747, 2.8416057315604544, 3.2250476595614557, 2.377324389140279]"
tVHA,2.0,0.986215379019,2000,0.0,-8.874300149515,"[3.4351858179454156, 5.284026372536019, 2.790002496941497, 2.8277152250416817, 3.2805020915627985, 2.350367048909553]"
tVHA,2.0,0.986950258882,1000,0.0,-8.874299731069,"[3.4298269653372495, 5.304175130198223, 2.770348229070774, 2.845741019995587, 3.268920158352606, 2.367429629043919]"
tVHA,2.0,0.986950258882,2000,0.0,-8.874300149672,"[3.43543678411238, 5.283944800711603, 2.790215095336694, 2.827755059685511, 3.280539656715148, 2.3504421596048735]"
tVHA,2.0,0.987673606365,1000,0.0,-8.874265651644,"[3.4302483533253167, 5.3223063579776895, 2.7170520599411176, 2.8607348423795282, 3.206906095123826, 2.406267258147774]"
tVHA,2.0,0.987673606365,2000,0.0,-8.874267754021,"[3.4378077316767115, 5.303188030649876, 2.7541790858640787, 2.839896364790492, 3.237984029228582, 2.3802291085700706]"
tVHA,2.0,0.988396953848,1000,0.0,-8.874313807002,"[3.447562826085888, 5.28856691479668, 2.764289166132646, 2.846726153454286, 3.2313322825563016, 2.4085528485439642]"
tVHA,2.0,0.988396953848,2000,0.0,-8.874314389318,"[3.451927301798344, 5.261549678293761, 2.7820166446680545, 2.8222610175736347, 3.245667991100958, 2.3818439748964995]"
tVHA,2.0,0.989092781712,1000,0.0,-8.874121101887,"[3.507919053184147, 5.278938812624936, 2.330476162773766, 2.7951391440268623, 2.721078571884933, 2.5247413798574545]"
tVHA,2.0,0.989092781712,2000,0.0,-8.87430576328,"[3.572238173439767, 5.249096932035935, 2.665602117682792, 2.9103662973714277, 3.1300439596309646, 2.5153699016412565]"
tVHA,2.0,0.989788609576,1000,0.0,-8.874403467906,"[3.4537873973802307, 5.259356876543899, 2.7935259542779676, 2.836341524101867, 3.2664507115629937, 2.375704952857655]"
tVHA,2.0,0.989788609576,2000,0.0,-8.874403478635,"[3.454158598224733, 5.2576461529222325, 2.7967350257436454, 2.8337659264459476, 3.2692069608154757, 2.3728173693115124]"
tVHA,2.0,0.990452577797,1000,0.0,-8.874301472128,"[3.4461669307633565, 5.268206605730088, 2.7733566755503776, 2.8388557206084286, 3.238633908654711, 2.385467356276925]"
tVHA,2.0,0.990452577797,2000,0.0,-8.874301794423,"[3.451236282314512, 5.2572011447299, 2.7944076116099574, 2.8279434475459233, 3.256797763020127, 2.3717052448469547]"
tVHA,2.0,0.991116546018,2000,0.0,-8.874395358233,"[3.436681974705989, 5.318025984053111, 2.714244009843875, 2.9032397280712177, 3.203171564788863, 2.450655792619152]"
tVHA,2.0,0.991116546019,1000,0.0,-8.874379814377,"[3.4219649585828935, 5.365819299168978, 2.6246811253811897, 2.969528151133971, 3.1290403447213837, 2.535894828000557]"
tVHA,2.0,0.991116546019,2000,0.0,-8.874363375171,"[3.4383809515550015, 5.335093214460092, 2.740215249642331, 2.8714031990792916, 3.2180298703842896, 2.413180050080353]"
tVHA,2.0,0.991623499478,1000,0.0,-8.874358050701,"[3.4322361191734982, 5.366913201800432, 2.6919319905431642, 2.9174403712834707, 3.1761511630613883, 2.462621508193732]"
tVHA,2.0,0.991623499478,2000,0.0,-8.874363525813,"[3.4382554600002875, 5.334557884078964, 2.740647193713465, 2.8699933225574785, 3.21793931534087, 2.4121386535037206]"
tVHA,2.0,0.992130452937,1000,0.0,-8.87419269653,"[3.313183035284517, 5.596975704469756, 2.240373186459725, 3.0868079799013772, 2.79324434972673, 2.6920692127213295]"
tVHA,2.0,0.992130452937,2000,0.0,-8.874340475964,"[3.4044126371552705, 5.392098540765829, 2.650419246389607, 2.9021254259610516, 3.142709776096911, 2.458903052282351]"
tVHA,2.0,0.992637406396,2000,0.0,-8.874385587138,"[3.4489385092184985, 5.267647863099059, 2.8058354236438596, 2.8422137486936254, 3.279679762611244, 2.374985346643877]"
tVHA,2.0,0.992637406397,1000,0.0,-8.874385265224,"[3.446315997896491, 5.278184593407611, 2.7887497490446513, 2.859096452245142, 3.2657415845866913, 2.3921831081195832]"
tVHA,2.0,0.992637406397,2000,0.0,-8.874345452601,"[3.422676401235826, 5.308918359987731, 2.723717569511192, 2.8613690740886986, 3.1941880490673333, 2.417020534630298]"
tVHA,2.0,0.993144359856,1000,0.0,-8.874304228358,"[3.3865650542385133, 5.437079576999794, 2.5245266159596245, 2.9950998502058077, 3.014543562848269, 2.5854738201848537]"
tVHA,2.0,0.993144359856,2000,0.0,-8.874345452603,"[3.422676401235826, 5.308918359987731, 2.723717569511192, 2.8613690740886986, 3.1941880490673333, 2.417020534630298]"
tVHA,2.0,0.99362617802,1000,0.0,-8.874295998822,"[3.4196791096324306, 5.3450398006242645, 2.7655035607892486, 2.845121763628086, 3.220782781882931, 2.4002932925184846]"
tVHA,2.0,0.99362617802,2000,0.0,-8.874297050829,"[3.4254129577768513, 5.322932249292575, 2.792724038040091, 2.8104082264581063, 3.2429993559718424, 2.3666350026929335]"
tVHA,2.0,0.994107996183,1000,0.0,-8.874368581546,"[3.4223340368068293, 5.305760595474575, 2.72319378563245, 2.865621870581968, 3.2049023781674264, 2.410898508674879]"
tVHA,2.0,0.994107996183,2000,0.0,-8.874371210591,"[3.4325147966180305, 5.286374532788658, 2.7786453059452048, 2.842343836253919, 3.2495146956995464, 2.381339665077058]"
tVHA,2.0,0.994589814347,1000,0.0,-8.87425272003,"[3.4185858327186187, 5.3254313584213175, 2.7063049658431924, 2.853260093193501, 3.17249391613142, 2.406333273171974]"
tVHA,2.0,0.994589814347,2000,0.0,-8.874255331714,"[3.4255133436905414, 5.30356229712701, 2.7559882305195345, 2.8282062498200355, 3.221679210741863, 2.3731207493594537]"
tVHA,2.0,0.995071632511,1000,0.0,-8.874274630563,"[3.426167693182896, 5.317862495121419, 2.739526879723364, 2.859409319946943, 3.2126165112512117, 2.4055136316793266]"
tVHA,2.0,0.995071632511,2000,0.0,-8.874275711549,"[3.426753333040181, 5.30210137347702, 2.7587173588471163, 2.8335885462490005, 3.22816236435032, 2.3768403631082604]"
tVHA,2.0,0.995539550902,1000,0.0,-8.874303536256,"[3.4230352683233454, 5.297389986868639, 2.7690580552276405, 2.839797711093879, 3.2434861860978668, 2.373272784430668]"
tVHA,2.0,0.995539550902,2000,0.0,-8.874303715806,"[3.429300112900912, 5.285752487887212, 2.7860598233960108, 2.829456534309316, 3.2571037547894353, 2.361753871129233]"
tVHA,2.0,0.996007469294,1000,0.0,-8.874481614384,"[3.4250644921870195, 5.284358928191326, 2.779354474343225, 2.884765500726722, 3.264274440364761, 2.4059655045281714]"
tVHA,2.0,0.996007469294,2000,0.0,-8.874483057211,"[3.4286197035334363, 5.26930430000101, 2.81557181649577, 2.8669998730603683, 3.3008098660260687, 2.38148858610407]"
tVHA,2.0,0.996407997771,1000,0.0,-8.874253340053,"[3.4332470242548943, 5.310810502658622, 2.740881547546561, 2.8376530569481733, 3.1902913794538357, 2.4070053540553324]"
tVHA,2.0,0.996407997771,2000,0.0,-8.874254821444,"[3.4368041176324864, 5.292354107035058, 2.780638281922805, 2.8175309203580623, 3.226893378130016, 2.378547251379376]"
tVHA,2.0,0.996808526247,1000,0.0,-8.874437808573,"[3.3924250617403033, 5.415581083379155, 2.5768347561142138, 3.0690108149629096, 3.089738860347375, 2.604189924811733]"
tVHA,2.0,0.996808526247,2000,0.0,-8.874476367641,"[3.4161778773982587, 5.302252473096884, 2.728036487408306, 2.899477643791565, 3.2228825975347606, 2.4313661159586593]"
tVHA,2.0,0.997174559019,1000,0.0,-8.874357525869,"[3.430030604088137, 5.301350525233798, 2.791165213339702, 2.851759263712794, 3.257925423820812, 2.3945123461633786]"
tVHA,2.0,0.997174559019,2000,0.0,-8.874357971207,"[3.434264938132797, 5.284673890440237, 2.8034987474194732, 2.8309946792915066, 3.2658252396200402, 2.374483067523669]"
tVHA,2.0,0.997540591791,1000,0.0,-8.874270458307,"[3.427512242603984, 5.310169362516509, 2.741181940509189, 2.872283627690802, 3.2399537813396995, 2.3910945823943903]"
tVHA,2.0,0.997540591791,2000,0.0,-8.874271206846,"[3.4341523830783904, 5.288698577853696, 2.7558049174489474, 2.845057039644939, 3.249231704173163, 2.3625010366725983]"
tVHA,2.0,0.997906624563,1000,0.0,-8.874202934102,"[3.3946146206051, 5.398567911081961, 2.6455598623200185, 2.9374888982475893, 3.1081856091655244, 2.504219034694912]"
tVHA,2.0,0.997906624563,2000,0.0,-8.874217469878,"[3.422125740338869, 5.329074177951088, 2.7352416779444804, 2.8437668433708576, 3.1859676236652916, 2.418404328880233]"
tVHA,2.0,0.998272657335,1000,0.0,-8.87434434598,"[3.416689269282356, 5.3263861595852635, 2.66683815687151, 2.8908430431396326, 3.1552614563930543, 2.446626105451098]"
tVHA,2.0,0.998272657335,2000,0.0,-8.874352420367,"[3.433581976733092, 5.28868613409064, 2.762592621597019, 2.8489817905745918, 3.2343916448221623, 2.3905704762772273]"
tVHA,2.0,0.998526449376,1000,0.0,-8.874354719826,"[3.43475049581172, 5.285104651392475, 2.7821761589621965, 2.846543323289164, 3.256464309691343, 2.3802281635624225]"
tVHA,2.0,0.998526449376,2000,0.0,-8.874354904922,"[3.4376781873163047, 5.27358634753386, 2.793425643166452, 2.8296980324498344, 3.2643452292218567, 2.3640045482913146]"
tVHA,2.0,0.998780241418,1000,0.0,-8.874342087985,"[3.4284510991807142, 5.294519243871383, 2.7734858269310285, 2.8406192892671323, 3.2463889458058826, 2.379765509752617]"
tVHA,2.0,0.998780241418,2000,0.0,-8.87434253284,"[3.4360938693055365, 5.280918572562435, 2.7946517505858446, 2.829823281194406, 3.2638614260460805, 2.3667576224938385]"
tVHA,2.0,0.9989063547,1000,0.0,-8.874050075962,"[3.4945355824253985, 5.376940704949476, 2.3515541459473654, 2.9873398125064865, 2.872224553653987, 2.6093486670530677]"
tVHA,2.0,0.9989063547,2000,0.0,-8.874140533604,"[3.580733131958805, 5.253455302855485, 2.6715537985075937, 2.8660710632195863, 3.1367443840900506, 2.452748840668467]"
tVHA,2.0,0.999032467982,1000,0.0,-8.874072817414,"[3.4424865959062894, 5.2954162269811835, 2.7162096401762703, 2.8001894980375432, 3.1945214725827125, 2.3437554351379264]"
tVHA,2.0,0.999032467982,2000,0.0,-8.874353374412,"[3.4370212956274044, 5.275063936238555, 2.8088901845768124, 2.8250130723895546, 3.2712747521989627, 2.3652961528979484]"
tVHA,2.0,0.999158581265,1000,0.0,-8.874076555033,"[3.4365557720278765, 5.308673208259895, 2.70659093084416, 2.807529742988735, 3.1883826329011145, 2.3528930462626367]"
tVHA,2.0,0.999158581265,2000,0.0,-8.874076862156,"[3.443672226759148, 5.289760169878445, 2.7233684446157103, 2.7909924668428303, 3.1992356377211566, 2.335688533330649]"
tVHA,2.0,0.999284694547,1000,0.0,-8.874159918983,"[3.3585712945040376, 5.576053584285522, 2.2272365990244323, 3.1320573941772496, 2.770858938353683, 2.7474140784163925]"
tVHA,2.0,0.999284694547,2000,0.0,-8.874324633806,"[3.414820064880548, 5.378461775107921, 2.636410673196725, 2.938400372051099, 3.1222061282029054, 2.5154838717130463]"
tVHA,2.0,0.999396935277,2000,0.0,-8.874366502017,"[3.4492973571489296, 5.271268135180007, 2.824834906785656, 2.818597864566704, 3.2879668545092633, 2.356639843915773]"
tVHA,2.0,0.999396935278,1000,0.0,-8.874366347227,"[3.4478068932802657, 5.279336120322717, 2.8114214056513904, 2.8313139923089183, 3.275645503901757, 2.371287498472399]"
tVHA,2.0,0.999396935278,2000,0.0,-8.874377295594,"[3.4412284524610586, 5.2796386730079625, 2.8148773745419007, 2.8299454098413968, 3.2789960695310825, 2.369421528632248]"
tVHA,2.0,0.999509176008,1000,0.0,-8.874375989954,"[3.4341158920999932, 5.296545522584683, 2.7769802342097494, 2.8491678206449773, 3.246870200216783, 2.3953794034401232]"
tVHA,2.0,0.999509176008,2000,0.0,-8.874377290111,"[3.440801799974565, 5.280850044203458, 2.814941320398745, 2.8297452320908394, 3.278182116227118, 2.3694394119227242]"
tVHA,2.0,0.999621416738,1000,0.0,-8.874137235036,"[3.3523336029668327, 5.340735217948902, 2.3168586075047903, 2.777140113332707, 2.709349271527727, 2.443511404529157]"
tVHA,2.0,0.999621416738,2000,0.0,-8.874373034902,"[3.427687075221682, 5.320089631023695, 2.703063625111386, 2.8716811035590806, 3.180551606205991, 2.4369984324024836]"
tVHA,2.0,0.999733657469,1000,0.0,-8.874367805269,"[3.4382776447256527, 5.299246705558114, 2.788124687858097, 2.8573990316725704, 3.252163826376767, 2.404430941200853]"
tVHA,2.0,0.999733657469,2000,0.0,-8.874368987376,"[3.4459857771313853, 5.271280720253333, 2.82179399860291, 2.8186225742321893, 3.281013390037729, 2.362232424602972]"
tVHA,2.0,0.999772723482,1000,0.0,-8.874335802565,"[3.444213984745833, 5.289425740059441, 2.7425233175776276, 2.8454549380029945, 3.2060220303218685, 2.409473836946475]"
tVHA,2.0,0.999772723482,2000,0.0,-8.874337840966,"[3.4571345884485876, 5.26851031500168, 2.791859077400561, 2.827738741074365, 3.249295084747101, 2.3815767715627247]"
tVHA,2.0,0.999811789496,1000,0.0,-8.874333296068,"[3.430604806594204, 5.327756066844859, 2.7357781561318437, 2.888957086534923, 3.202533899038185, 2.4438952662298647]"
tVHA,2.0,0.999811789496,2000,0.0,-8.874337474057,"[3.455820700664763, 5.270816528379385, 2.8054834582585313, 2.817780792003446, 3.25980633632655, 2.372279463080627]"
tVHA,2.0,0.99985085551,1000,0.0,-8.874380605409,"[3.4368929041869265, 5.286016414337761, 2.8021405776143222, 2.8456810626596534, 3.276611901210695, 2.3788693905362313]"
tVHA,2.0,0.99985085551,2000,0.0,-8.874380853715,"[3.4452376759606405, 5.265698997280874, 2.8210459126798355, 2.8305014193285007, 3.2912520995712313, 2.3627641112189677]"
tVHA,2.0,0.999889921523,1000,0.0,-8.874340957374,"[3.426180825893324, 5.303512471958744, 2.7966817917552405, 2.8464355751823054, 3.2662152681901673, 2.3810621821539173]"
tVHA,2.0,0.999889921523,2000,0.0,-8.87434156439,"[3.439566107443497, 5.276274991396004, 2.8202369721417813, 2.817939611334009, 3.2848413964343317, 2.3541452166826766]"
tVHA,2.0,0.999917441142,1000,0.0,-8.874375000956,"[3.4255338561921667, 5.340651429352787, 2.68795285303339, 2.9138330420477336, 3.1603902842555542, 2.4803469264347227]"
tVHA,2.0,0.999917441142,2000,0.0,-8.874387358114,"[3.446551950035782, 5.283319591485321, 2.790695460833848, 2.854763190593804, 3.2641793325292983, 2.394360649667909]"
tVHA,2.0,0.999944960762,1000,0.0,-8.874300561714,"[3.4136904161474844, 5.367941256095593, 2.603774331185978, 2.940824303926406, 3.065617171339869, 2.5217070184685664]"
tVHA,2.0,0.999944960762,2000,0.0,-8.87432578247,"[3.4478706983537126, 5.28403486569956, 2.752590164821819, 2.8403004955235716, 3.213468678914672, 2.40561156058751]"
tVHA,2.0,0.999972480381,1000,0.0,-8.874345870579,"[3.4129598765725317, 5.362861393285621, 2.7444370348503746, 2.956071997042061, 3.2332693406007067, 2.484682839564412]"
tVHA,2.0,0.999972480381,2000,0.0,-8.874349843129,"[3.4559999564986734, 5.260464717437062, 2.808098335997683, 2.8164869451115577, 3.261573313952563, 2.372657307810827]"
tVHA,2.0,1.0,1000,0.0,-8.874345870586,"[3.4129598765725317, 5.362861393285621, 2.7444370348503746, 2.956071997042061, 3.2332693406007067, 2.484682839564412]"
tVHA,2.0,1.0,2000,0.0,-8.874358621772,"[3.4482866539409165, 5.259669998038835, 2.8027094420639855, 2.821216592456218, 3.2620042611785163, 2.372103087949861]"
tVHA,3.0,0.0,1000,0.0,-8.856683667984,"[8.82335252430328, 9.42477796076938, -8.317435535288542, 0.07572462656187931, 0.14870911464195016, 0.09624292008988201, 1.4103164140041402, 1.8702942639685243, 5.761428173735067]"
tVHA,3.0,0.030296928567,1000,0.0,-8.856696214351,"[8.873003128035123, 9.42477796076938, -4.260953418577856, 0.07290778774560538, 0.20986461244127644, 0.1531013768179652, 4.978958357484723, 9.42477796076938, 6.291052844159873]"
tVHA,3.0,0.060593857135,1000,0.0,-8.856699943346,"[1.6617748047460716, 5.8897644245535865, 9.424234887222305, 0.32938986337005194, -0.2362783914319942, 0.022502792740488206, 2.6496044418870315, -2.237230772282252, 1.0051502898054077]"
tVHA,3.0,0.089999340527,1000,0.0,-8.85668700026,"[3.5304588919570663, 9.42477796076938, 6.514835193399117, 0.019130187472867183, 0.034108416827645864, 0.015072184428859905, 0.19503560100819256, 0.20103436348071566, 0.3110375260200289]"
tVHA,3.0,0.119404823918,1000,0.0,-8.856688934523,"[2.7208247719232848, 9.42477796076938, 7.0633528412845035, 0.042270532689873755, 0.11485960258842272, 0.07677437877746401, 0.4697568459335303, 0.3037828196116711, 0.6453379604571239]"
tVHA,3.0,0.119404823919,1000,0.0,-8.856688934523,"[2.7208247719232848, 9.42477796076938, 7.0633528412845035, 0.042270532689873755, 0.11485960258842272, 0.07677437877746401, 0.4697568459335303, 0.3037828196116711, 0.6453379604571239]"
tVHA,3.0,0.147178153292,1000,0.0,-8.856677402996,"[2.4284529225210036, 7.902690267488248, 3.619909546018462, 0.26882501421040006, 0.1724071824254525, 0.3739327159363292, -0.10296958756273952, 0.4047661618939338, 0.15256574471139167]"
tVHA,3.0,0.174951482665,1000,0.0,-8.856679874036,"[4.671787942399565, 6.9415602111460295, -9.42477796076938, 0.6603181529334105, 0.6045885671357436, 0.8290790708473967, -0.053150380213426135, 0.6963800758060299, 0.1286247622532569]"
tVHA,3.0,0.202043039414,1000,0.0,-8.86762423011,"[-2.7890973317180916, 9.42477796076938, 7.219702008009441, 1.719662889252436, 2.7220080473474475, 4.760488482368688, 5.737701666595516, -1.9216320862580965, 1.6012545033217749]"
tVHA,3.0,0.229134596164,1000,0.0,-8.868475525576,"[-2.1941575988285495, 9.42477796076938, 7.585826553776485, 3.1350445881063322, 1.1174758553382245, 4.608480503017894, 7.635197792156438, -4.326433195494558, 1.4005460395384908]"
tVHA,3.0,0.253604448914,1000,0.0,-8.86857880231,"[-2.3142283497103335, 9.42477796076938, 7.932974448341764, 3.24160691253251, 0.8612657347578672, 4.73691609585958, 7.820600403318599, -4.629002534695651, 1.4297957712166132]"
tVHA,3.0,0.278074301665,1000,0.0,-8.869132694286,"[-1.7910860382796625, 9.064638404725365, 8.42897553634943, 2.2535413497089634, 1.3828986894299355, 4.533004596677766, 8.132987814953399, -5.318125607533643, 1.4342130813987704]"
tVHA,3.0,0.289603474328,1000,0.0,-8.867359063899,"[-1.8619217992721877, 9.42477796076938, 7.179417642686104, 1.2624286409783045, 3.1553036004154382, 4.758642315895551, 5.51713627197323, -1.9346866709672028, 2.1847338048115725]"
tVHA,3.0,0.301132646992,1000,0.0,-8.866161741006,"[-0.7875902374604802, 6.798869037972512, 6.401282494176003, -1.5252996196381146, 4.732885169763454, 3.095039873978642, 4.575429764346878, -0.9328820391356718, 1.6919794323936348]"
tVHA,3.0,0.312361313283,1000,0.0,-8.867312014191,"[-2.4127026779155387, 9.42477796076938, 8.216164021461486, 3.7903767280144898, -1.8956537726187974, 3.3715882930717047, 5.006329104511147, -3.5813271050072224, 2.223878703509449]"
tVHA,3.0,0.323589979574,1000,0.0,-8.868027785091,"[7.128042569177149, 7.261213516179648, 3.6228330101331876, 8.419803894528691, 4.8529001368491995, 6.307173152607804, 4.784167744393706, 2.4424186037274187, 1.9620160305181977]"
tVHA,3.0,0.334198865599,1000,0.0,-8.86755513065,"[4.021777648067971, 6.9062410043045634, 4.431441736722771, 6.490692043350464, 0.4480238187023919, 5.2791330212710825, 3.46898324182166, 1.4711558936911153, 2.1861695758489157]"
tVHA,3.0,0.344807751624,1000,0.0,-8.867470397932,"[-1.2338539025877173, 9.269271661316205, 6.423371221944008, 2.7342761199786856, 1.7227681994121835, 4.146841282773704, 7.121396630259594, -3.56284991502448, 1.7777579988954417]"
tVHA,3.0,0.354442462248,1000,0.0,-8.867759775153,"[-3.2279275718761653, 9.42477796076938, 8.551167621702513, 4.15912098529208, -3.190082097383092, 2.7202760315164713, 4.625589073141818, -4.091835428633908, 1.8545213790650066]"
tVHA,3.0,0.364077172871,1000,0.0,-8.866703065833,"[1.3912274333351324, 6.931228885365263, 7.1242903704928295, 7.6199668228148365, -4.254625193683021, 5.637053408122024, 4.269561563166809, -1.4388076507660892, 3.350902412992377]"
tVHA,3.0,0.373547603716,1000,0.0,-8.86785967906,"[-3.3983755317740925, 9.42477796076938, 8.633905728662523, 4.329115718017709, -3.1190920999803953, 2.8205329596253996, 5.048605938043488, -4.281757477368274, 1.8143369118658677]"
tVHA,3.0,0.383018034561,1000,0.0,-8.867612106408,"[-3.5164764600988336, 9.42477796076938, 8.606003418725312, 4.547311148685466, -3.445163699659161, 2.528910552567929, 4.999812030356219, -4.3045189700968365, 1.6086656317789232]"
tVHA,3.0,0.392044879126,1000,0.0,-8.8671467165,"[-2.9439722407859543, 9.42477796076938, 8.526608386398568, 4.126602217934828, -2.9024141942370436, 3.01810630571379, 4.746611072303393, -3.9035412601641886, 2.1182386772397415]"
tVHA,3.0,0.40107172369,1000,0.0,-8.867101646602,"[-2.9030973597784424, 9.42477796076938, 8.435400300170283, 4.244655756705587, -2.6584276691847273, 3.1599728303186163, 4.973018195416067, -3.831823913434747, 2.086946567064778]"
tVHA,3.0,0.410098568254,1000,0.0,-8.867099259644,"[-2.9030973597784433, 9.42477796076938, 8.435400300170283, 4.194544262360703, -2.6333719220122855, 3.1599728303186163, 4.973018195416067, -3.831823913434747, 2.086946567064778]"
tVHA,3.0,0.419125412818,1000,0.0,-8.867101646602,"[-2.9030973597784424, 9.42477796076938, 8.435400300170283, 4.244655756705587, -2.6584276691847273, 3.1599728303186163, 4.973018195416067, -3.831823913434747, 2.086946567064778]"
tVHA,3.0,0.428098370621,1000,0.0,-8.868347382788,"[-1.5663849090426343, 9.058156692587874, 7.010110414453743, 3.00132482569041, 1.041838508934422, 4.45246960485192, 7.175207531757164, -3.5854445777086936, 2.309585804805354]"
tVHA,3.0,0.437071328423,1000,0.0,-8.868994972747,"[-1.285288798442463, 9.42477796076938, 6.131270188013163, 2.9336148005310774, 1.5683705898564428, 4.206320134181297, 5.498511048179917, -0.941332941566657, 3.239626476965442]"
tVHA,3.0,0.444939982017,1000,0.0,-8.869217505427,"[-1.1134931129746715, 9.38561907545392, 6.3677308129781345, 1.4887995550299404, 3.114865734172814, 4.803366966563258, 5.434160220709231, -0.9059767904218073, 3.627058392646057]"
tVHA,3.0,0.45280863561,1000,0.0,-8.868980243347,"[-1.379336687717116, 9.42477796076938, 6.154039233222436, 3.3206218263995613, 1.4256672238514156, 4.112883104662945, 5.720230506452222, -1.0609917689394122, 2.984835534970248]"
tVHA,3.0,0.460364883803,1000,0.0,-8.870061244384,"[-1.9898035662786482, 9.42477796076938, 7.3549891320935, 5.026122305411703, -2.287798671896831, 3.7145633749161386, 5.422753315788748, -2.2955191426983137, 3.581719537186454]"
tVHA,3.0,0.467921131996,1000,0.0,-8.871421421155,"[-0.7254297059861196, 8.478825061870996, 6.564302490739367, 3.4240111677854532, 0.45736343221661113, 3.8192797269956227, 5.39778592066304, -0.9155963940118579, 3.736457720077768]"
tVHA,3.0,0.475477380188,1000,0.0,-8.871619102956,"[-1.9592003027649998, 9.42477796076938, 6.158590578444503, 2.2836240789028173, 2.1220779260357054, 4.091941722813623, 3.6944456983750706, 1.2360981148536019, 3.878716897479984]"
tVHA,3.0,0.483033628381,1000,0.0,-8.871554289796,"[0.3540678563778084, 7.468469307173871, 7.192096973204579, 6.830143646147459, -3.18886163147853, 4.861565946677771, 4.6841260612663, -0.5640599350632058, 4.287555138654017]"
tVHA,3.0,0.490063751497,1000,0.0,-8.87215096464,"[-0.7064279855897022, 8.525309640852237, 6.4253822011287784, 2.0843670923678435, 1.8090202145046597, 3.9475728994915364, 3.6201721875638313, 1.1454040024709362, 4.28645644792358]"
tVHA,3.0,0.497093874614,1000,0.0,-8.872894862335,"[1.9619550894409792, 5.118831908469657, 8.004302527146717, 4.148562024949822, -1.3693292686900784, 4.599691654848398, 6.290084053699913, -2.4123959375813584, 5.316873839835068]"
tVHA,3.0,0.504062606173,1000,0.0,-8.873129766994,"[0.8131438027004043, 7.360311591670987, 6.993546895196698, 1.3308900725286292, 2.02420123435546, 3.94800425438995, 4.673122898247499, 0.0834346523250103, 5.357142630088537]"
tVHA,3.0,0.511031337733,1000,0.0,-8.873181669991,"[0.25507155106480467, 8.08684912132335, 6.366488401832976, -0.024661746739041285, 3.9919891030258206, 3.8053982458713267, 6.178735213527503, -1.007789774378022, 4.601352893961149]"
tVHA,3.0,0.518000069293,1000,0.0,-8.873165814306,"[2.833559788297533, 4.698904176274575, 7.3403421195597565, 3.7332553356821876, -0.4432547664886762, 4.152141082673403, 5.941096303542997, -1.5658495980602862, 5.227684404366251]"
tVHA,3.0,0.524968800852,1000,0.0,-8.873236365683,"[0.7583664385360015, 8.215227086470758, 5.927796140156171, 2.9886452304982947, 1.4725321643319504, 3.9730302024453676, 4.142986070125572, 1.4716565650962283, 4.719831981532716]"
tVHA,3.0,0.536532482736,1000,0.0,-8.873113341457,"[0.45827625408003236, 7.774472856039304, 6.8233479651300994, 0.0043487883977560565, 3.391958545547461, 4.04415923025775, 4.13701100084949, 0.5493074409186924, 5.181679144118052]"
tVHA,3.0,0.541659503706,1000,0.0,-8.873842663964,"[6.287310990701986, 2.910236711498447, 6.133006346116259, 3.210576606082311, 1.5949893284216432, 3.034355079364624, 4.679307288657963, 1.0526584839867268, 4.512638176920561]"
tVHA,3.0,0.551913545648,1000,0.0,-8.874411867388,"[7.891289156443647, 1.974226134917616, 5.711253358598032, 3.735395985042996, 2.5589528564450514, 2.120803515514828, 4.850632702974314, 2.1030954489802713, 3.28315914798968]"
tVHA,3.0,0.557040566618,1000,0.0,-8.874411867358,"[7.891289156443647, 1.974226134917616, 5.711253358598032, 3.735395985042996, 2.5589528564450514, 2.120803515514828, 4.850632702974314, 2.1030954489802713, 3.28315914798968]"
tVHA,3.0,0.566522078415,1000,0.0,-8.873986626909,"[5.125288314447224, 3.2520495297160656, 6.880873913699391, 2.2379918726974077, 1.3113341979311564, 3.4453763305578313, 4.115421756579369, 0.3181699576244511, 5.525950495501705]"
tVHA,3.0,0.571258166226,1000,0.0,-8.873780779569,"[-3.887654247661435, 8.951929733888004, 5.703601574218152, 3.2039122205620374, 1.6604802627948017, 2.4000656929313116, 3.1722272864889867, 3.099893997083491, 3.4780589931921932]"
tVHA,3.0,0.580360998383,1000,0.0,-8.873911201689,"[-4.406411118904292, 9.42477796076938, 5.630587534957957, 3.374392507595944, 1.9640877321126893, 2.3278120243881197, 3.6903522266501394, 3.128298430325082, 3.055800139473477]"
tVHA,3.0,0.589039200222,1000,0.0,-8.873554893429,"[-2.350665269058425, 8.598444718987114, 7.2751140007160195, 4.544123506465473, -1.2385553188694627, 3.465138164743073, 4.522667961340718, 0.11431814889093374, 4.35077720765632]"
tVHA,3.0,0.597662115209,1000,0.0,-8.873707955009,"[-1.5810208061579103, 8.573728002642838, 7.7818162307019545, 6.626870326641175, -4.516550687935056, 3.6803965907197647, 4.937126718646966, -1.735853223967231, 4.551662160670314]"
tVHA,3.0,0.601973572702,1000,0.0,-8.873630523976,"[0.8300026477579125, 5.716859132568564, 7.067767334715229, 0.1237350231455888, 3.637153079741784, 3.1880977968398776, 3.848650778550867, 0.9605210560709879, 4.031488931383417]"
tVHA,3.0,0.610535039921,1000,0.0,-8.873524210861,"[0.5545316319485086, 5.856970811309038, 6.9364274349149815, 0.021725083799604576, 3.7418282636698565, 3.094083853435289, 4.6847075193588275, 0.06849739933412713, 3.8121927779946274]"
tVHA,3.0,0.619096507139,1000,0.0,-8.873572104868,"[-0.4166010216789733, 7.2482798122547045, 7.243818407480417, 7.257744480221899, -3.6429942425159547, 4.028059297559176, 4.897087582781305, -0.22342640020617965, 4.12708476938486]"
tVHA,3.0,0.627657974357,1000,0.0,-8.87393262512,"[-3.9498009209829386, 9.42477796076938, 5.919337128744197, 3.6255433144654945, 1.295811318759006, 2.5453974798091843, 3.9797654402116365, 2.4764875726648516, 3.364488094623201]"
tVHA,3.0,0.636219441576,1000,0.0,-8.873277338531,"[-0.8856543911365782, 7.080279030429925, 7.905601657828866, 4.118478216540524, -0.7263333118241091, 3.978809068802903, 5.17599469570154, -0.8219381164376394, 3.915549495229772]"
tVHA,3.0,0.644649130847,1000,0.0,-8.873767219306,"[-1.314453947085107, 8.068319721951985, 7.320098367448413, 7.043005458289494, -4.038721221478534, 3.5016712054755295, 4.843558940632342, -0.4627413031854427, 4.404084429972869]"
tVHA,3.0,0.648863975483,1000,0.0,-8.873679461219,"[-1.4129571638943312, 8.208002136988561, 7.955284845048892, 6.883730365871257, -4.6236941391505235, 3.820621810357568, 4.795643893897923, -1.2907823092402397, 4.715109719160495]"
tVHA,3.0,0.657293664754,1000,0.0,-8.873653600163,"[-1.9951563794126876, 8.682531382294858, 6.616178515764663, 5.918069601640612, -2.681267481734155, 2.8386479193918217, 4.821260565533059, -0.07519318047483367, 4.113474350147076]"
tVHA,3.0,0.665723354026,1000,0.0,-8.873657050182,"[-2.439819266544008, 8.876796391732942, 6.396475873324366, 5.031476706972626, -1.3999961646809513, 2.7408613535552293, 4.595078084370257, 0.5960757595172834, 3.9756128881035746]"
tVHA,3.0,0.669938198662,1000,0.0,-8.873701702202,"[-1.520431054403657, 8.389267029836486, 7.006170314711699, 6.97907556774626, -3.9641966496712966, 3.2941961080589115, 4.942847632878791, -0.5301007780310191, 4.372313046423544]"
tVHA,3.0,0.673797989548,1000,0.0,-8.873615368181,"[2.1799549298689365, 4.429558747720502, 6.935435780613689, 2.2342284162723822, 1.8309253690958796, 2.782827701262444, 4.758787916482862, 0.06943786258018791, 4.0365292975660365]"
tVHA,3.0,0.681346832573,1000,0.0,-8.873495234155,"[0.7968304063421152, 5.582054222811829, 7.116530355141293, 2.2887433719525934, 1.5074939629482198, 3.233025297208012, 4.794633615596294, -0.015498768128397039, 3.770568200126467]"
tVHA,3.0,0.68870830281,1000,0.0,-8.8737414979,"[-3.3549132380062536, 9.42477796076938, 6.220188911141107, 4.2121487029882765, -0.09439732136657517, 2.5296103233706253, 4.321653335077808, 1.4921804220940076, 3.733245948311043]"
tVHA,3.0,0.695898965478,1000,0.0,-8.873764968132,"[-1.979690047678632, 8.606609518073752, 6.844300540430246, 6.0153588809606156, -2.787265053244798, 2.8068284316271375, 4.888612658780643, -0.1365297688730555, 4.041029049847504]"
tVHA,3.0,0.70645369919,1000,0.0,-8.873744281296,"[-2.115637957689316, 8.406672777052714, 6.504891224265096, 5.6069386430613575, -2.075768043499206, 2.524412311183754, 4.42835272359014, 0.7360253589679457, 3.983434493765839]"
tVHA,3.0,0.713422598069,1000,0.0,-8.873492878651,"[0.2679869850470239, 6.264443180198922, 6.9762632665611815, 0.8484955728262675, 2.978195590074094, 3.1879056677029434, 5.781740461042215, -0.9643546769315686, 3.6084917093654774]"
tVHA,3.0,0.720391496947,1000,0.0,-8.873300914313,"[-0.4009066911891266, 7.193048209705691, 5.329486616152524, 6.915788422066267, -2.3418966076824264, 2.533502414916124, 2.9849852183671937, 2.779458292923705, 3.2684890920114045]"
tVHA,3.0,0.727351911769,1000,0.0,-8.874061280339,"[4.289696317238704, 5.642402666588162, 5.996776309044658, 0.44502648356085994, 4.213419675777885, 2.3927902540000607, 2.3246831751460846, 3.6994901377740526, 3.6002430013407283]"
tVHA,3.0,0.737523319073,1000,0.0,-8.873880624749,"[2.6671227464475624, 4.292471032544275, 7.102450510349498, 1.153651604921206, 3.360954508936052, 2.6308909649136196, 3.678335473013794, 1.2039032014291429, 4.019446180572897]"
tVHA,3.0,0.744184988249,1000,0.0,-8.87383912675,"[-1.9379103702916003, 6.388041258548638, 6.931132443698966, 3.506933345436602, 1.238839183117177, 2.687127752166358, 1.6062666119444753, 3.5676162410859797, 3.8410468477250084]"
tVHA,3.0,0.750518454113,1000,0.0,-8.873927836106,"[-3.7307059049758653, 6.125693014948041, 7.198184722724205, 2.248440919800199, 2.74897506416798, 2.605060718552538, 0.33950150382916056, 4.211114094530828, 4.28550082162565]"
tVHA,3.0,0.75952634794,1000,0.0,-8.874216194139,"[5.084347761628175, 6.110982650023195, 6.195501520739711, 0.6170426939448, 4.139019612297243, 2.9798821524559607, 1.777019424678083, 4.375540725577281, 3.7062506393440966]"
tVHA,3.0,0.768534241768,1000,0.0,-8.874050042103,"[-3.117313696280611, 7.128115927522526, 6.198871930541912, 4.471581139491216, 0.8273665021989429, 1.6653255647810354, 2.1373207346105656, 3.544184208811261, 3.81197660374718]"
tVHA,3.0,0.774500000153,1000,0.0,-8.87406405454,"[-3.021422668507814, 9.345831591931805, 7.055661032539565, 5.379780788778924, -1.8185221994920575, 3.023715615719297, 4.707177950896409, 0.349316613775619, 4.190932512093336]"
tVHA,3.0,0.783389381481,1000,0.0,-8.87397175389,"[3.1399555494940663, 5.328178770957114, 6.825830915750722, -0.46688191028599013, 4.583105411598254, 2.686932229293716, 2.0960116023006803, 3.047222027670416, 4.115367046996581]"
tVHA,3.0,0.789243580854,1000,0.0,-8.873972623353,"[-2.902702486972264, 6.5030531684965265, 6.445204638724443, 4.431842397324648, 0.8323157899064049, 1.6262360767187771, 1.5882497450811752, 3.6862000329867026, 3.9395764835268396]"
tVHA,3.0,0.797938150499,1000,0.0,-8.874144724857,"[-2.9349300645145324, 6.037808718490355, 7.051113013899493, 2.0772337923906123, 2.7763977585444533, 2.85783428922306, 0.28504445255147853, 4.512822663191448, 4.1750257607731704]"
tVHA,3.0,0.806276964626,1000,0.0,-8.87449855731,"[-3.229302444834185, 7.399029240791583, 6.695475943664878, 4.0629115716520126, 1.2951257249567543, 2.629803107149741, 2.4140011453323957, 3.3049909557964874, 3.9177452551867575]"
tVHA,3.0,0.814254140714,1000,0.0,-8.87450150339,"[-1.1837136703462456, 5.814821188189975, 5.919669796615537, 5.616161559610811, 0.20646245341207836, 1.9957482511330606, 0.5993469328051437, 5.057028896013747, 3.7079406241499973]"
tVHA,3.0,0.822032613224,1000,0.0,-8.874349044432,"[-2.1885479768135836, 5.692882400450355, 6.779286135572395, 4.868295064037461, 0.708083865965582, 1.9706171607401377, 0.7799853700116615, 4.100918687170063, 4.283882075040738]"
tVHA,3.0,0.824556908109,1000,0.0,-8.874734532869,"[2.6856240928749444, 4.959614031808018, 6.8717541557022805, 0.8597906991612378, 4.1642776763329055, 3.0081930036893265, 3.1107193357809564, 2.294377085034532, 3.8727087329077774]"
tVHA,3.0,0.829582902279,1000,0.0,-8.874933757109,"[-2.793409142344313, 6.257535206443981, 7.131871277873252, 3.0710477551470956, 2.5878348010263403, 2.949385168026929, 1.5724799717316162, 4.036455489995813, 3.7182062689838595]"
tVHA,3.0,0.834563890024,1000,0.0,-8.874844124342,"[1.4541153794652861, 5.0053190873759235, 7.4396103590997384, 0.7767815601472301, 4.006928555853638, 3.5523007835492644, 3.7252558410346444, 1.396566184577904, 3.9930715807262573]"
tVHA,3.0,0.837043178484,1000,0.0,-8.874848944915,"[-2.100145206420228, 6.1751323591314575, 7.484847499911622, 2.482072767007229, 2.7628832770622638, 3.786545422911038, 1.9277442041507926, 3.675777386940407, 3.729256288797855]"
tVHA,3.0,0.844413398226,1000,0.0,-8.874899503159,"[-2.7352738253960673, 6.775050904420642, 6.626085522399507, 4.425012915011573, 1.4188145129101672, 2.358353119339518, 2.6336450298877856, 3.3391185117512077, 3.4239614818940813]"
tVHA,3.0,0.851779258967,1000,0.0,-8.874962076642,"[-3.786680509095545, 6.132557128341544, 7.24360408353585, 3.4337757887785516, 2.8905657769841104, 2.365678827664536, 1.3545623673188671, 4.15453464331639, 3.8646348064919236]"
tVHA,3.0,0.861171398512,1000,0.0,-8.874904277958,"[-4.071089984619494, 6.5760609276186415, 7.173405168546825, 2.9543701565413354, 3.635964581970285, 2.681169617338145, 2.0409607032280785, 4.361635666627778, 3.1162462264963002]"
tVHA,3.0,0.867900626872,1000,0.0,-8.874793597997,"[3.8738912931730325, 4.190476136281543, 5.94972149890507, 3.365805872502276, 3.363329942820642, 2.3535830021654904, 3.7778153338097473, 3.0996514119802674, 2.092661354137163]"
tVHA,3.0,0.876872931351,1000,0.0,-8.874891751809,"[-4.382317567064306, 6.066606392683482, 7.390329723258052, 3.780831786389138, 2.849697405455525, 2.197238286121207, 1.5177998794345047, 3.881030798972196, 4.037563789697935]"
tVHA,3.0,0.883410103579,1000,0.0,-8.874774788414,"[4.040366577737431, 3.6157461990377486, 6.448168156243901, 3.2362573031519397, 3.2246081715052215, 2.4525381551387566, 3.8955074364341313, 2.7521313820510507, 2.3578459505551965]"
tVHA,3.0,0.891801359566,1000,0.0,-8.87482202511,"[3.5833210478488797, 4.900774945675609, 6.4253158118374065, 1.5312022050881269, 4.199602402347019, 2.6964634148749034, 2.773318272616054, 3.4434620444255852, 3.040650645417191]"
tVHA,3.0,0.899784188816,1000,0.0,-8.874745685735,"[-0.5418162162029294, 5.794159024222555, 7.589129162576432, 4.558265558531472, 0.28727831458722697, 3.997985602095179, 3.729014774550285, 1.6972681612181555, 3.666703308097228]"
tVHA,3.0,0.907388994182,1000,0.0,-8.874887491359,"[-3.251703456026452, 6.397742369879154, 7.217352627623937, 3.6057102693887293, 2.487926714939226, 2.6242077294329427, 2.3900605306689995, 3.693383884966055, 3.2650400894300446]"
tVHA,3.0,0.915580668936,1000,0.0,-8.874631673186,"[-3.3107604665162427, 6.526679231229617, 7.280798363780727, 2.89159362524257, 2.7972256394585586, 3.169399632170522, 2.214292853455251, 3.669321002434884, 3.3772182236563824]"
tVHA,3.0,0.92212081917,1000,0.0,-8.874415041366,"[3.559541695613064, 3.9104372522206865, 6.550691996894454, 1.5813461541102503, 3.9752867921329726, 2.2857188755968147, 3.4167613639651178, 2.225218683034244, 3.3666822691082836]"
tVHA,3.0,0.931111357427,1000,0.0,-8.874479176565,"[2.566775901301193, 3.784586160380905, 7.237117820876662, 2.950743004549653, 2.1928949168746126, 3.492332984584741, 3.4326850583553634, 2.1472943999993914, 3.1289396748959923]"
tVHA,3.0,0.937978374699,1000,0.0,-8.874597345389,"[-3.9562492401183906, 6.90027590812086, 6.840559591217124, 3.6681613981309447, 2.6521354211686865, 2.232689326011574, 2.5000383057954982, 3.7898631407705725, 3.0850348727393113]"
tVHA,3.0,0.94599415842,1000,0.0,-8.874713587305,"[-2.608474719840989, 5.313603460222568, 7.368092660149003, 2.091581930145152, 3.2266237969760634, 3.068946644493846, -0.02899146228991078, 4.8885068273866885, 4.1406522603841065]"
tVHA,3.0,0.953631998534,1000,0.0,-8.874650803058,"[-2.974665719156437, 5.323360523537521, 7.460191637571065, 2.013551835540399, 3.2574992544799457, 3.095663616055493, -0.0073516153937628545, 4.62300582246321, 4.243012478204726]"
tVHA,3.0,0.961362727431,1000,0.0,-8.874665503126,"[-2.4832411024425713, 5.638893166407303, 7.139107084530954, 4.132210633262613, 1.5392105990855196, 2.3603363616624176, 1.1276903982575868, 3.954318360689475, 4.17344454569559]"
tVHA,3.0,0.969270097025,1000,0.0,-8.874789684387,"[-1.3126085414218347, 5.069099662408493, 7.170056392766872, 4.6398324053105515, 0.46635652105559344, 2.892781534040267, 0.6272061517843261, 4.21524224451495, 4.358514682731922]"
tVHA,3.0,0.976816254596,1000,0.0,-8.874745044085,"[-3.992386059726356, 8.428327735122908, 6.111569626146293, 5.462943865995234, 1.1122092665961993, 1.733943094672182, 4.515606328231405, 2.9487131184897493, 2.621506409976739]"
tVHA,3.0,0.984745619291,1000,0.0,-8.874726945622,"[-0.80822806297178, 5.005531200110716, 7.565894105066988, 2.2448317735972436, 2.622824226026996, 3.5207060593538966, -0.18388186432641457, 5.201182633270003, 3.8222381817513575]"
tVHA,3.0,0.992637406397,1000,0.0,-8.874845666524,"[-3.4456071770886387, 5.774065632643226, 7.180027103384049, 4.166247454688356, 1.8666742682625823, 2.116865733007888, 0.8454492886552942, 3.8024674379038106, 4.735462974834558]"
tVHA,3.0,1.0,1000,0.0,-8.874875364968,"[-1.3289975904230737, 5.040495529177646, 7.288108163369712, 4.013167490603606, 1.0374784706646731, 3.0723761928922717, 0.49208564253623066, 4.254780645648211, 4.396601089247509]"
tVHA,4.0,0.0,1000,0.0,-8.856667406935,"[1.1326026742222877, 4.943273676299267, 9.42477796076938, -8.441141251463813, -0.13151466984769222, 0.5937996142294348, -0.07319164486467075, 0.4794362426012483, 1.396368025109374, 0.41870799701578243, 1.6355160608230914, 1.8870452681247416]"
tVHA,4.0,0.030296928567,1000,0.0,-8.856684723768,"[9.42477796076938, 9.400537625619291, 9.23694178183391, -6.039821957633895, 0.12089064455949512, 0.03999128870510867, 0.07002602072326237, -0.08225238376172614, 0.0058697591737973, 0.9679728143384021, 0.699990956008784, 0.9142024456794913]"
tVHA,4.0,0.060593857135,1000,0.0,-8.856682575478,"[0.5614233466096442, 8.440458114571, 9.42477796076938, -8.025189087199788, -0.22797756274468947, 0.31310250559366737, 0.22718262681772494, 0.2873004653904697, -0.31896305426571825, 1.233019454989173, 0.7608407320490487, 1.2116793647786017]"
tVHA,4.0,0.089999340527,1000,0.0,-8.856705419071,"[9.42477796076938, 9.241535169998405, 9.144740312705046, 4.29850455375284, 0.40666122769694546, 0.2993106336174795, -0.17989758175520026, -0.25937003968473826, 0.41210080221888423, 1.982060291953181, 0.8763565492703622, 1.3766523977269536]"
tVHA,4.0,0.119404823918,1000,0.0,-8.856692645049,"[8.4224386528839, 5.593596589038806, 9.42477796076938, 9.42477796076938, 0.2532616006838788, 0.13791513798026336, 0.2177028447514342, 0.02908706151478771, 0.6021667809031002, 0.7084038501575285, 0.5862243487678601, 0.6538433887056831]"
tVHA,4.0,0.119404823919,1000,0.0,-8.856694729934,"[8.676657736288561, 5.674484241917964, 9.42477796076938, 9.42477796076938, 0.21322049946437266, 0.01401707395489701, 0.2373154546927819, 0.03955308733513472, 0.5440509830764492, 0.7614475152866044, 0.6091412648137535, 0.8519993980636766]"
tVHA,4.0,0.147178153292,1000,0.0,-8.856660932154,"[6.495245872033594, 6.949920589947821, 9.42477796076938, 8.176206200704794, -0.16347531007652652, 0.4565721344557857, 0.45547883786751575, 0.754914740441073, -0.28265996163733054, 0.16419136459911804, 0.36186364753463485, 0.46732625541003553]"
tVHA,4.0,0.174951482665,1000,0.0,-8.856680984197,"[0.9228413286524229, 6.068788841831462, 9.42477796076938, -9.42477796076938, 0.15002587737820633, 0.45822326284762066, 0.5192135715800363, 0.8102670019840204, 0.17054604708706592, -0.2041226092459706, 0.5709390026567798, 0.20801095044726775]"
tVHA,4.0,0.202043039414,1000,0.0,-8.868407251473,"[6.245049700657237, 9.42477796076938, -3.052564981394447, 9.325423334538154, 6.348500740846386, 1.6202471966311456, 3.927791666609743, 4.657888191907768, 0.9630422817631176, 4.34961950846761, 0.0619402887650637, 3.1704446743496435]"
tVHA,4.0,0.229134596164,1000,0.0,-8.869049831094,"[5.733748040402533, 9.42477796076938, -2.605852222859772, 9.42477796076938, 7.428097838244797, 1.7570799345811807, 6.109348712151604, 3.554887067031817, 1.061299549095574, 3.792580242079385, 0.01123507183971378, 3.984247638245299]"
tVHA,4.0,0.253604448914,1000,0.0,-8.869760032434,"[7.563165015901631, 6.301561228801614, -1.5062807443823782, 8.971413659871192, 9.42477796076938, 0.1417431209453474, 9.405507237873312, 0.8908561717002499, 2.6383374558919277, 3.3698329638103335, -0.7375063768921629, 4.066376323161001]"
tVHA,4.0,0.278074301665,1000,0.0,-8.868626791435,"[7.9943876819897595, 9.42477796076938, 5.172745163468577, 8.257455296957533, -0.7590896678009211, 5.534215707142731, 3.317567444529816, 3.727440089921985, -3.1618320774691533, 4.426391268467922, 2.1119600027742345, 2.2726870694222763]"
tVHA,4.0,0.289603474328,1000,0.0,-8.867363933087,"[5.597542815104405, 8.990414773721302, -4.957004395022822, 8.349124980659479, 6.886869909415517, 0.1937596440545702, 2.2522452606683228, 4.265433851210801, 2.0275858263675555, 5.047434822323313, -0.8068708934871618, 0.9929826982089697]"
tVHA,4.0,0.301132646992,1000,0.0,-8.866017187634,"[3.5884852569747965, 7.273821479871158, 2.7250225576095697, 7.050894670913771, 1.139044890401061, 3.0798968581603408, 2.0484141713337656, 2.038649984703052, -0.1318888764663879, 4.10236597448454, 2.2506445075539045, 1.157540512003623]"
tVHA,4.0,0.312361313283,1000,0.0,-8.868023838619,"[9.42477796076938, 9.42477796076938, 3.0635209051266026, 9.42477796076938, -2.3106165695457723, 3.3994963583416293, 2.2222138620158045, 2.1605265301543373, -3.810508511232647, 2.774457768984852, 1.6149088653872368, 2.121798881961012]"
tVHA,4.0,0.323589979574,1000,0.0,-8.865810813039,"[0.9564126306591045, 5.8486165457100014, -1.4121275905706576, 9.42477796076938, 6.21275849301521, -3.1178381115957685, 2.0717731478104318, 2.4916273704896366, 0.523772173598936, 2.714643535837104, -0.7842042110861713, 4.582673577338351]"
tVHA,4.0,0.334198865599,1000,0.0,-8.867019292237,"[8.019936939036977, 9.42477796076938, -1.7024706161955314, 8.189234716122101, 2.6725599691907806, 4.660040235033245, 4.090899721076285, 1.3783072675817822, 0.854263636951679, 3.8586616746549103, 0.18712120755227962, 3.230813227645676]"
tVHA,4.0,0.344807751624,1000,0.0,-8.866645442097,"[0.710559346530108, 9.42477796076938, -3.033137766643361, 7.930904403338868, 2.30078291021629, 4.053343895557521, 3.3544419664585456, 0.05379074891644045, -1.530496692055761, 5.2251758351447375, -1.7010724812286464, 4.8642494763533595]"
tVHA,4.0,0.354442462248,1000,0.0,-8.868003042957,"[4.354936577573636, 8.812330325333734, 5.0892067477138285, 7.512368344706747, 4.4298793151203295, 4.101661295828967, 3.8327196899103915, 6.1415901332282825, -0.8233130337415207, 5.619912060045884, 2.115254565087608, 3.2674087604011506]"
tVHA,4.0,0.364077172871,1000,0.0,-8.867956980818,"[7.407341471538155, 9.42477796076938, 3.384881627380559, 9.09342551876771, 0.9731046025588204, 5.69750232581419, 3.4490782880672803, 4.412598868141261, -2.16664466331218, 5.167851998045526, 1.3732170514163036, 3.238312893747528]"
tVHA,4.0,0.373547603716,1000,0.0,-8.866709905687,"[-2.390623263694742, 6.514976927761654, 4.399282286302551, 9.42477796076938, -5.188307526602777, 7.510559052070038, 2.0484180871534705, 6.0967564940094965, -1.7336387514369211, 3.5848467895214293, 3.250536352665057, 2.466960971002681]"
tVHA,4.0,0.383018034561,1000,0.0,-8.868171391692,"[9.42477796076938, 9.421456349920415, 3.1275930877499345, 9.42477796076938, 1.3271656282634, 4.675833305725038, 3.9752482925174757, 3.6799154526833044, -1.7196288502846917, 3.6513907236693113, 1.453385534710951, 3.7952719408022277]"
tVHA,4.0,0.392044879126,1000,0.0,-8.867721087826,"[4.825316413781937, 9.42477796076938, 3.664868835085622, 9.42477796076938, 3.610280334793146, 2.3475584782631898, 4.440718045840371, 5.030895768420665, -2.178292340876748, 5.2196994030537684, 0.54664708449274, 5.2730221641404444]"
tVHA,4.0,0.40107172369,1000,0.0,-8.86818972695,"[9.42477796076938, 9.42477796076938, 2.6037593273883215, 9.42477796076938, 2.278263140247495, 4.963272087509429, 4.6133050971884675, 3.515882381995117, -1.2307989547286127, 3.9849976133948966, 1.2981381467238173, 4.010777761495781]"
tVHA,4.0,0.410098568254,1000,0.0,-8.868332247225,"[9.42477796076938, 9.378935133451137, 2.373902378108552, 8.897585446609607, 4.488831733791623, 5.4476722016728125, 5.66680083476397, 3.7077792022240583, 0.04379438898380325, 4.085048977189315, 1.5217747405924378, 3.914419813599325]"
tVHA,4.0,0.419125412818,1000,0.0,-8.868332247225,"[9.42477796076938, 9.378935133451137, 2.3739023781085486, 8.897585446609607, 4.488831733791607, 5.447672201672737, 5.6668008347639995, 3.707779202224053, 0.043794388983939614, 4.085048977189317, 1.5217747405924378, 3.9144198135993244]"
tVHA,4.0,0.428098370621,1000,0.0,-8.867621715274,"[5.546066568565738, 8.862343760109285, -1.05437004582418, 9.42477796076938, 2.174267963506578, 2.654547464056205, 4.485196638464034, 1.7933102229493874, 0.3798391324030279, 3.8091831490045394, 2.63558589619731, 2.35827357874214]"
tVHA,4.0,0.437071328423,1000,0.0,-8.869496515077,"[7.193329639000694, 9.42477796076938, 3.3147682302817, 8.72248474378403, 1.1884959240547608, 3.2101975621137964, 6.182602578493496, 1.8746185821340657, -1.7133146555131649, 4.8785928487068, 2.3393030065391116, 4.1687573599723375]"
tVHA,4.0,0.444939982017,1000,0.0,-8.869240151449,"[-9.42477796076938, 8.770051716383978, 2.269318614025334, 6.741915844307173, 2.1547324671590395, 5.698591288583204, 1.807539943382002, 1.6355987469287134, -0.8780887860442761, 5.039228884994106, 4.4952997010537725, 1.5626412013579871]"
tVHA,4.0,0.45280863561,1000,0.0,-8.869037161151,"[-9.42477796076938, 8.942035326593013, 0.281362003279262, 8.371776815515606, 2.207814170924059, 5.4493500046845895, 1.4590000422712928, 1.8033107685838825, -0.5140977365869548, 5.018996335512494, 5.089586061457119, 0.5426801884532496]"
tVHA,4.0,0.460364883803,1000,0.0,-8.870438901851,"[-3.6060453853661096, 9.42477796076938, 1.6311755764407603, 9.09724095074515, -2.1694676504715282, 6.311487698469152, 2.102688531500716, 5.1428155142619545, -0.26350928614877756, 5.308458244257697, 1.4502525941533908, 4.415847581764947]"
tVHA,4.0,0.467921131996,1000,0.0,-8.870853201845,"[-1.82788314898898, 9.42477796076938, -1.4714474170855243, 9.423874385969985, 4.2571596165205765, 0.8121141543394336, 2.7479905651589926, 0.9974075923330616, 2.4215031295416782, 3.2772443437128453, 3.0313860402712076, 1.9312432795115484]"
tVHA,4.0,0.475477380188,1000,0.0,-8.87117032155,"[-4.666998070067302, 6.924218105826389, 0.7316664711784429, 8.878417765779462, 2.546502895903826, 3.4891294091128517, 0.04542296424468139, 2.7344544372539517, -0.906968471672982, 4.671510856397479, 8.200787579344418, -1.930483228503334]"
tVHA,4.0,0.483033628381,1000,0.0,-8.871873254839,"[-9.42477796076938, 9.187082443463428, 3.969277422908667, 5.859750572819841, 1.8080393025725574, 5.428766282669261, 2.512803950141431, 2.1970422369713125, -2.617420881788602, 4.424380488598626, 7.054821294457758, 1.6431226286079141]"
tVHA,4.0,0.490063751497,1000,0.0,-8.872834468493,"[7.99043528837805, 9.42477796076938, -1.0631823876194089, 8.609203602042026, 3.4124323337264757, 4.322125795769605, 3.4325435315203006, 2.795125450169563, 2.979022045435836, 4.853491013453804, 3.070882216086755, 2.757295544615179]"
tVHA,4.0,0.497093874614,1000,0.0,-8.8735826968,"[2.5112019142396984, 9.42477796076938, 3.6312760611183688, 5.802511857480127, 4.918529648206476, 2.461196229007914, 3.2773503429980106, 3.3499059371117363, 4.168671119864437, 3.5981318312198027, 3.645353997326364, 2.7866974529769486]"
tVHA,4.0,0.504062606173,1000,0.0,-8.873060453746,"[-5.406533696673428, 9.42477796076938, -0.5165023088186274, 9.323832247267994, 3.3733409135822603, 2.428846846709831, 1.3426547551907508, 1.5833716395736226, -0.0043211619145733515, 5.8046531860609925, 6.525343444038388, 0.6309698724744648]"
tVHA,4.0,0.511031337733,1000,0.0,-8.872989921644,"[-6.212987065800991, 9.42477796076938, -1.2364082989418654, 9.42477796076938, 4.977830183918146, 2.336740841849708, 0.2895678951534917, 0.9943662525989805, 2.076220770357398, 5.473209460420242, 5.592707811505431, -0.48473048624278425]"
tVHA,4.0,0.518000069293,1000,0.0,-8.873101664604,"[-5.199923057018856, 9.42477796076938, -0.5802586186887215, 9.397532313854349, 3.750838008262763, 2.095054343868831, 1.547419145179512, 1.2485237043923105, 0.4002626639847926, 5.646566444474477, 6.389742024463352, 0.494516963380816]"
tVHA,4.0,0.524968800852,1000,0.0,-8.873489198874,"[0.41756929240782137, 9.42477796076938, 4.442141353138463, 5.018167597547388, 6.167016817883983, 0.7088052599021096, 3.0647846344659975, 2.898951713254313, 4.007645112858075, 3.6397107694299438, 3.5166544354628546, 2.693059304238802]"
tVHA,4.0,0.536532482736,1000,0.0,-8.873212672404,"[0.626482009823804, 9.42477796076938, 1.5989204174548683, 6.762220540591876, 4.644560755109675, 1.4844408239272844, 3.2882408769307094, 1.9189701027416617, 3.5631367999526438, 3.5878078643684685, 3.944459948299733, 1.6574934185588033]"
tVHA,4.0,0.541659503706,1000,0.0,-8.873579743325,"[-7.140307315251068, 9.42477796076938, -0.48958010780780925, 9.42477796076938, 1.9613006295357196, 4.098514875792503, 0.7253180055213482, 2.9935528514912186, -0.34205368623046617, 6.115758993324977, 6.163598064761535, 0.5140185844322271]"
tVHA,4.0,0.551913545648,1000,0.0,-8.873996454624,"[-5.75309904196207, 9.42477796076938, -0.5002135621180362, 9.424777960769378, 2.0468106158507977, 3.7676561738896757, 1.615723318607807, 2.0693933611201962, -0.0031894408739808915, 6.1823764148244855, 5.844847354615418, 0.49724918052861083]"
tVHA,4.0,0.557040566618,1000,0.0,-8.873984858901,"[-5.635850941837964, 9.42477796076938, -0.636816174099826, 9.42477796076938, 2.1767862208984825, 3.734864588018102, 1.335241405429655, 2.1996220039782264, 0.19024047990855897, 6.303318859113142, 6.071676914311919, 0.06443466029112296]"
tVHA,4.0,0.566522078415,1000,0.0,-8.874467751873,"[4.980576431617184, 9.39150800251106, -1.6279956832734377, 8.778452037640166, 4.300418420047188, 2.001103392024027, 4.484034949135433, 1.3324935528907664, 5.532001957141788, 1.6652425734838365, 4.131032685600642, 2.8933355559508964]"
tVHA,4.0,0.571258166226,1000,0.0,-8.874138911712,"[-9.42477796076938, 9.200712578601843, 1.9116794150193954, 7.184383728653668, 3.9199447253108777, 3.6224494332729575, 3.80627624306952, -1.3280894002679686, -0.6482364910441313, 5.1020912176664925, 4.101991439146001, 3.8962935306685593]"
tVHA,4.0,0.580360998383,1000,0.0,-8.873866983167,"[-7.2826241138367, 9.42477796076938, -0.14639886834319402, 8.855153454693038, 4.171668423043214, 3.1830057591957814, 3.7878747524343033, -1.412358697007277, 0.30281872815917177, 4.826325951724812, 3.3936124077202674, 3.7143468238215984]"
tVHA,4.0,0.589039200222,1000,0.0,-8.873634196624,"[-1.1556272706212103, 9.42477796076938, -0.5080275300384907, 9.073021054025304, 5.0792512059248365, 0.3827312292506662, 2.762842502407649, 1.5702233106320622, 4.124864803038136, 2.405946780736996, 2.3731858488135202, 2.8019731662605656]"
tVHA,4.0,0.597662115209,1000,0.0,-8.873636260878,"[-1.3595969728775763, 9.42477796076938, -0.28242492902716276, 9.193600884402164, 5.122780428039993, 0.2947884204369051, 2.5189572579944786, 1.8385650980748844, 4.698760415537999, 1.968720372864396, 3.2459290395716422, 1.8471215461302923]"
tVHA,4.0,0.601973572702,1000,0.0,-8.873665788979,"[-1.5936089573235028, 9.42477796076938, -1.0724969724484015, 9.42477796076938, 5.636086757964903, -0.6049769427231844, 0.5577207797595152, 3.1766076501507254, 4.308470765547263, 2.84437227927676, 4.581280854792308, 0.46173271680424655]"
tVHA,4.0,0.610535039921,1000,0.0,-8.873894360421,"[-7.1331899891585655, 9.42477796076938, -0.2103634188385566, 8.932400595684143, 3.6229236348924325, 3.4383022872355955, 2.7091013460774422, -0.04365178461177293, 0.1572659007613817, 4.981937875168919, 2.1869436104314044, 4.688219715515785]"
tVHA,4.0,0.619096507139,1000,0.0,-8.873642765133,"[-0.9043014332899971, 9.42477796076938, -1.1770056206201824, 9.42477796076938, 5.943169316268817, -0.42346988172792155, 2.021373622867781, 2.1853751772850076, 4.086950474932836, 2.6818520590150805, 2.6467912944016203, 2.4697975108093044]"
tVHA,4.0,0.627657974357,1000,0.0,-8.873850296338,"[-6.293873762066248, 9.42477796076938, -0.3182717066929749, 8.767812990524298, 3.9476792080400926, 2.5144302314740696, 4.179866726069112, -1.61670542572065, 0.2100918493461637, 4.683221324250463, 2.869561869847729, 4.238654266580899]"
tVHA,4.0,0.636219441576,1000,0.0,-8.873767201836,"[-1.6968526402581512, 9.42477796076938, 0.4361210263121502, 8.30826323800542, 5.590925581808037, 0.1330528056737229, 1.774484984180688, 2.109421261986042, 4.3594100445664985, 2.7310099981539158, -1.0453024049498025, 6.039463799021572]"
tVHA,4.0,0.644649130847,1000,0.0,-8.87361286277,"[-3.9885528844099327, 9.42477796076938, -1.7193562133397653, 9.313840636790419, 5.235959684749406, 1.0714482637316192, 2.786774488690956, -0.6527758956481398, -0.21951109446880895, 4.866312645188048, 2.431736467095683, 4.795201619202877]"
tVHA,4.0,0.648863975483,1000,0.0,-8.873613954908,"[-4.409339111393907, 9.42477796076938, -1.5485102021198496, 9.126807902830988, 5.240052771427937, 1.3175214785431095, 2.6784542308656216, -0.6861086333039539, -0.1763334654799061, 4.886396642649439, 2.38671033272366, 4.9501933439166175]"
tVHA,4.0,0.657293664754,1000,0.0,-8.873686033007,"[-4.724855283360405, 9.42477796076938, -1.1978561124159492, 9.145259344824616, 3.351616821419265, 2.9110513075318485, 2.951973861057165, -0.05594494007701321, 0.22463398978920698, 5.283425661484868, 2.7804259016272868, 3.5378049196623045]"
tVHA,4.0,0.665723354026,1000,0.0,-8.873723363153,"[-4.469590099820056, 9.42477796076938, -0.9359903570425816, 8.777332497863343, 2.944780591247768, 3.268842915466918, 4.350384291511869, -1.1340523718044608, -0.26576216987436263, 5.410372175483705, 2.2690477812243843, 4.268304946869372]"
tVHA,4.0,0.673797989548,1000,0.0,-8.873707614208,"[-0.9735283802910215, 9.42477796076938, -1.0525283657814533, 9.410602381286292, 7.367626433150367, -1.8689422821444712, 2.249130532510681, 1.834454098299784, 4.472566212607685, 2.482195964990436, 3.2475917056970838, 1.905274955556545]"
tVHA,4.0,0.681346832573,1000,0.0,-8.873648403284,"[-3.51051780176551, 9.42477796076938, -1.1226398596655698, 9.37028497420481, 4.300158499014783, 1.2838569813487823, 0.45230395430617615, 2.3291935990525596, 2.3071841290438426, 4.841212705404458, 4.173557201394448, 0.9830535011468222]"
tVHA,4.0,0.68870830281,1000,0.0,-8.873735242278,"[-1.5496400180349574, 9.42477796076938, 0.49937335272259364, 8.182364537385777, 5.273718996637876, 0.1701406305063753, 3.154126311721746, 0.8931579736408983, 3.78843359168438, 3.0430257138005032, 2.5631534456146543, 2.6537800121996256]"
tVHA,4.0,0.695898965478,1000,0.0,-8.873623216728,"[-2.7552091706099677, 9.42477796076938, -0.6757309103375404, 9.280513051577666, 3.62887658327985, 1.853400717699715, 1.4452957612414985, 2.2718185566606253, 2.615654758968862, 4.182787049787661, 3.1952806801470386, 1.9051860404446788]"
tVHA,4.0,0.70645369919,1000,0.0,-8.873847578262,"[-2.299996261252943, 9.42477796076938, 2.870232635706518, 6.890019425662675, 5.117159634849929, -0.31313493766983785, 3.063363737764985, 1.0865288192372509, 4.655294359364733, 2.216938265372212, 2.846301840860704, 2.8079521187314436]"
tVHA,4.0,0.713422598069,1000,0.0,-8.873704023938,"[-1.2942704694670462, 9.42477796076938, 0.0004416493534867734, 8.81627355342619, 5.066005983758849, 0.3095479505467754, 2.9818101610352175, 1.4204755018024229, 4.008671788492595, 2.5289370857296336, 2.403739892425349, 2.9393381424109988]"
tVHA,4.0,0.720391496947,1000,0.0,-8.873818196964,"[-7.5271001696068325, 9.374041218620075, -0.4776010816681425, 9.131118206254744, 3.355662605251685, 4.02495235443852, 2.041758647834733, 0.5508776669052696, 0.48822661635515774, 5.286918614444686, 3.4900090209855907, 2.60589179447671]"
tVHA,4.0,0.727351911769,1000,0.0,-8.874060290069,"[-6.223683316754013, 9.42477796076938, -0.44901125509446743, 9.331262903626996, 4.852546632677296, 3.214998967414548, 1.7908063256375972, 0.46801823528657144, 2.270799510676042, 5.059014105715605, 3.4584626875419966, 1.5552885211493694]"
tVHA,4.0,0.737523319073,1000,0.0,-8.874090940335,"[-3.5432575990372297, 9.42477796076938, 0.6372119215295695, 8.10268127663478, 5.336118147948675, 1.0763033973343976, 2.612280057880518, 0.539792810903422, 2.831275292341843, 4.380980917551167, 1.8663086459175722, 3.387931796452887]"
tVHA,4.0,0.744184988249,1000,0.0,-8.874096549211,"[-3.078860010616766, 9.246175316496196, -0.2190366184997991, 8.515156605435275, 5.423451975267679, 0.9878194094522839, 2.3946138213999966, 0.7667412809016019, 1.6974598159455396, 4.873289217009498, 1.4158802301710187, 4.315782191894586]"
tVHA,4.0,0.750518454113,1000,0.0,-8.874110777747,"[-6.931607417449011, 9.42477796076938, -0.44440370183566075, 9.42477796076938, 3.7727988918117603, 4.4480008153001656, 0.43362388801063523, 2.509173895654442, 2.0526522950896537, 5.7083728962786076, 2.5966038784994088, 2.0541316126694324]"
tVHA,4.0,0.75952634794,1000,0.0,-8.874148799526,"[-5.907260489398867, 9.42477796076938, 0.08873476214282293, 8.50817849270948, 5.3110581549805875, 2.569035031539721, 1.780156270582379, 0.1256081872690637, 2.090468627950965, 5.159891357981477, 2.3453940243467595, 2.9883855897050866]"
tVHA,4.0,0.768534241768,1000,0.0,-8.874122296403,"[-7.33634238890885, 9.300086397665309, -1.0187436019811469, 9.42477796076938, 3.8974999986383594, 3.805556817450327, -0.5603205664513676, 3.016202612315881, 0.785925457397555, 5.6322296613533815, 4.670993232960667, 1.215284162041953]"
tVHA,4.0,0.774500000153,1000,0.0,-8.873993165468,"[-2.6326842855494728, 8.939095241465367, -1.0172188694495437, 9.42477796076938, 1.9316803483551968, 4.089770865512582, 1.4026159510572818, 2.555249400453362, -0.42625497906327614, 6.652882793630767, 1.988500964984784, 3.2290468889633512]"
tVHA,4.0,0.783389381481,1000,0.0,-8.874106387241,"[-5.517238513955552, 9.29403618558758, 0.19914343836329246, 8.518713028653092, 5.540466864998921, 1.97213865886524, 1.3683473992519741, 0.7064692503420431, 1.9682616352161995, 4.992151627423217, 2.414267685597496, 3.41893711218813]"
tVHA,4.0,0.789243580854,1000,0.0,-8.874193622509,"[-5.1069747956729525, 7.82978121585789, 7.751038329789964, 3.7380307066882814, 1.6949467041442823, 3.4183450322468083, 4.423649851299343, 1.027676086808829, 0.6186521750238501, 5.387925508046845, 5.266472656802937, 1.9117184030480678]"
tVHA,4.0,0.797938150499,1000,0.0,-8.874235844096,"[-4.469906227863527, 9.101762305613978, -1.2419082707311722, 9.42477796076938, 2.9932871307649327, 2.7507729031660615, -0.01386937078170606, 3.3773180689740774, 0.6428217680867735, 5.901323712108944, 4.547225637059748, 1.0490676786800806]"
tVHA,4.0,0.806276964626,1000,0.0,-8.874422037494,"[-3.3695263538182054, 8.535182614216534, -0.5415020811456814, 9.42477796076938, 3.6148823636644365, 3.218978666245265, 1.6800119158794682, 2.3796818006315954, 0.512179549049895, 6.167665415139027, 4.4854925937555254, 1.3350939698449387]"
tVHA,4.0,0.814254140714,1000,0.0,-8.874739218276,"[-3.0530807095463346, 7.903444383821941, -0.09832387792430408, 9.42477796076938, 1.5966498992870455, 4.388349219812945, 2.8394763150833215, 2.2729317586795394, -1.7483629882001641, 6.822044939272322, 0.23391044518726234, 6.304462733685771]"
tVHA,4.0,0.822032613224,1000,0.0,-8.874400610065,"[-3.9142694603452095, 8.199629863887345, -0.04583459032819681, 9.42477796076938, 2.561409931164866, 4.110399829318192, 1.7644836656064984, 2.540161482481369, -0.19002344483526784, 6.054743048954637, 2.1980185680623032, 3.620101745623599]"
tVHA,4.0,0.824556908109,1000,0.0,-8.874605930719,"[-2.8744429105073253, 6.788451247473116, 1.039488029386006, 9.42477796076938, 4.642842425401953, 2.487977089185954, 1.7438835828543857, 2.423617477685931, 0.7031435937910744, 5.0427659853985976, 5.306857951505534, 0.9768016329353575]"
tVHA,4.0,0.829582902279,1000,0.0,-8.874941780277,"[-3.4358692810309077, 7.5857047349200695, 0.3364857585510185, 9.42477796076938, 2.7168643926209537, 4.005909727062349, 3.5353762253276146, 0.9599312714098795, -0.16934619312309163, 6.206384271172521, 4.2258304797253805, 1.7594088815141653]"
tVHA,4.0,0.837043178484,1000,0.0,-8.875000304242,"[-4.114103293974026, 8.05669346197628, 0.2335733784659592, 9.292903876263026, 5.098376228666388, 2.190603976079983, 3.589533439024096, 0.09385006570089888, 1.1093267655897394, 4.948165280147634, 2.7788306180105846, 3.7881798502536626]"
tVHA,4.0,0.844413398226,1000,0.0,-8.874970176016,"[-4.127422759235689, 9.42477796076938, -1.126016040695343, 9.30073287673093, 6.925557582075703, 1.4685077301297826, 1.470582957342276, 1.1045325127715704, 2.9190019131253946, 4.564328812016234, 1.3433567245940359, 4.042136768301564]"
tVHA,4.0,0.851779258967,1000,0.0,-8.874862832961,"[-2.5804178826619215, 7.328028488576113, 1.4202676656939741, 9.241838375843532, 3.259046504410687, 2.145832229976498, 4.740137949033716, 0.6924266067428899, 1.6775519033856061, 4.379271519561358, 2.5520379899701227, 3.357784641248375]"
tVHA,4.0,0.861171398512,1000,0.0,-8.874990328211,"[-3.1007066092158633, 7.338122013057566, 0.5160138309338174, 9.42477796076938, 5.467052345818313, 1.762951838841988, 1.3645885742013568, 2.304560772463692, 1.3993056591006003, 4.922213490479333, 3.5499747624634583, 2.5132744991987765]"
tVHA,4.0,0.867900626872,1000,0.0,-8.875094723832,"[-4.132817498567451, 9.30268431360963, -1.6783045104873806, 9.41953820503726, 5.782143931357291, 2.2678731701249877, 2.847847202233698, 0.26388702233994465, -0.12533311601661534, 4.956295559169323, 1.690570575421125, 5.987475182714693]"
tVHA,4.0,0.876872931351,1000,0.0,-8.874884318002,"[-4.073959583218917, 2.5465854029250243, 6.457472771058323, 9.408888552635453, 3.34649598196808, 1.6154472205249166, 2.3949967647094974, 4.073820832613503, 1.4636905554909267, 3.0240366049292273, 2.936135473469865, 5.026795559059638]"
tVHA,4.0,0.883410103579,1000,0.0,-8.874839378001,"[-4.672520370382625, 8.314234340074183, -0.40517255974231536, 9.42477796076938, 3.5238852642056333, 4.088590921696096, 0.986085582546492, 2.6954760426947306, 0.7167949708778354, 6.033724012302573, 3.434235558340707, 2.161882779363471]"
tVHA,4.0,0.891801359566,1000,0.0,-8.874870722968,"[-4.599171167546126, 7.869556042660179, 0.30746232419420483, 9.42477796076938, 3.590416117649214, 4.476247483293919, 0.8200128246576637, 2.8960687866314494, 1.4774924772370361, 5.740993311814878, 5.887933973048119, -0.9641106928309497]"
tVHA,4.0,0.899784188816,1000,0.0,-8.874947710745,"[-3.34399168885984, 8.675181551469727, 0.043483106023480426, 9.42477796076938, 5.175410565483851, 2.0872871727376863, 2.1236007883050796, 1.9522545309839532, 3.1968845463247053, 4.304401686915302, 5.245742909064474, -0.19227755599941337]"
tVHA,4.0,0.907388994182,1000,0.0,-8.874895480393,"[-1.6080818899527771, 6.991734268729104, -0.030604804353855944, 9.42477796076938, 5.355302963011613, 1.9045640367517174, 1.9234552440913273, 1.8857221351831972, 0.8949993538673384, 6.05407482523203, 4.460638714747352, 0.7406908579741514]"
tVHA,4.0,0.915580668936,1000,0.0,-8.874735245179,"[-1.1493575223091435, 7.011202409721999, -0.8075524848321788, 9.401252954612367, 6.299997431715396, 0.6874041098469506, 0.8098199779252204, 2.7512714447585407, -0.2875227571327833, 7.296287266071875, 4.47454263938793, 0.8019840471538358]"
tVHA,4.0,0.92212081917,1000,0.0,-8.874579854076,"[-2.879655036992296, 8.201452333955617, 0.2757704652849021, 9.181561085622645, 3.921557155183544, 2.4829116743228052, 2.73958442140636, 1.9779330200936887, 2.2494601783948003, 4.1491697795958755, 0.3395494844752256, 5.056502358077473]"
tVHA,4.0,0.931111357427,1000,0.0,-8.874687988065,"[-3.7654720264124357, 8.987009258522553, -0.3436235312890104, 9.42477796076938, 5.236192590045985, 2.0818115807207445, 2.0611771156481646, 1.5539271455395376, 3.147671492164853, 4.316917242004085, 3.680277579911326, 1.2240563234205828]"
tVHA,4.0,0.937978374699,1000,0.0,-8.874514942525,"[-4.517695819841524, 8.5604214106685, -0.1907829667281299, 9.224108998945939, 3.89681638636429, 3.4229161853272148, 0.04934374124548289, 3.416940287594039, 2.062006166358482, 5.21352177917125, 4.207607191227336, 0.4931413109300683]"
tVHA,4.0,0.94599415842,1000,0.0,-8.874908962625,"[-4.7040555175456475, 9.150791795575959, 1.6944665676088366, 7.327278888932934, 6.586747974970619, 2.2658566523480017, 1.2682079611648631, 1.1661816302794787, 3.9343635054495376, 4.5752196007916694, 4.09498565330882, 0.21370673663932283]"
tVHA,4.0,0.953631998534,1000,0.0,-8.874553763178,"[-3.4825057724543207, 8.243670958764788, -0.9714618155751793, 9.140335402294308, 5.50442823245746, 0.8973535355315743, -3.0214933218105453, 5.440939614740694, 1.7229926579383559, 5.636763098891656, 4.072486507812046, 0.9500774801900689]"
tVHA,4.0,0.961362727431,1000,0.0,-8.874594179661,"[-3.7703047844510262, 6.943719894803122, 0.9860196327822512, 9.340138261115904, 4.245448317918123, 3.3953131826211687, -0.1754718454257776, 3.8449848215412, 0.43876654376625734, 5.210371336548514, 5.369090624495684, 0.9095553357955557]"
tVHA,4.0,0.969270097025,1000,0.0,-8.874794807137,"[-4.5060116512346395, 9.265715276196811, 0.2058251948701762, 8.497509124981349, 6.489610528597662, 1.8115977901884164, 0.4222805736623948, 1.9566781062494387, 3.65450503759356, 4.609464220023654, 5.180651910292685, -0.6891494531400553]"
tVHA,4.0,0.976816254596,1000,0.0,-8.874589083598,"[-3.8000575127352123, 8.010020893518146, -0.17039778024855562, 9.42477796076938, 3.496546129297471, 4.154549611819446, 1.0612674328916385, 2.7388640619862814, 1.755786478105135, 5.752128375736559, 2.7503770660121414, 1.7956640912551933]"
tVHA,4.0,0.984745619291,1000,0.0,-8.874605234319,"[-2.736791033568627, 7.578586130910707, -0.017929471665999442, 9.42477796076938, 2.342850869347848, 4.509726652858879, 1.8087845630637076, 2.4111988414143233, 0.6143403525739475, 6.226785955826651, 4.235099200248536, 0.46631079573523787]"
tVHA,4.0,0.992637406397,1000,0.0,-8.874866511737,"[-1.1687164416843385, 6.642003952750182, -0.035548444575691646, 9.42477796076938, 5.195660185597022, 1.6482571326537545, 3.3904570397313614, 0.7102662404542559, 0.3007560008766226, 6.436531862157416, 5.679194887542543, -0.31230358885704995]"
tVHA,4.0,1.0,1000,0.0,-8.874964174923,"[-2.0399709828509867, 6.671430062979427, 0.5581253617197157, 9.344668594869814, 5.798950689766196, 1.2844605838917929, 1.306347784298575, 2.6087951129435556, 0.34965866707333815, 5.5621560885332855, 6.860611650947098, -0.49214675850826567]"
tVHA,5.0,0.0,1000,0.0,-8.856634214839,"[8.531149797046213, 7.334531094169636, 9.42477796076938, 9.42477796076938, -4.2116721370750705, -0.4849013309650731, 0.2924047641680289, 0.45528607476593586, 0.0831372806500486, 0.9627574944207972, -1.9066812924030505, 1.3974108132722407, 2.189155468659374, 3.1549791268223406, 2.1063265003950966]"
tVHA,5.0,0.0,5000,0.0,-8.856686689681,"[2.477316181963201, 9.04270486384791, 0.32925427513749317, 2.5470166820017623, 7.313129224826863, -0.0785705654924106, 0.10717599131767497, -0.0473490166544943, -0.056192815354265846, 0.07982949262431874, 9.119633570125298, 2.0610107235674553, -0.05577660583773393, 2.5875581618755916, 2.539748510676369]"
tVHA,5.0,0.030296928567,1000,0.0,-8.856690373561,"[9.42477796076938, 9.42477796076938, 9.421136140979275, 5.287390182223187, -7.253583571489164, -0.22795288013513532, 0.07570880944881703, 0.189123735214525, -0.21714137316771798, 0.4947975735525903, -9.37227633859004, 2.552366858595181, -8.598126257590472, 2.150375449360026, 0.9215667357282188]"
tVHA,5.0,0.030296928567,5000,0.0,-8.856720747519,"[9.412601683326276, 9.42477796076938, 8.599873463967374, -0.12549839033806545, -1.7637262994449852, -0.5499104792100686, 0.7037004398148735, -0.668549781994735, -0.4974568764756686, 1.207598411536364, -9.42477796076938, -4.020003225447096, -8.967664816656978, -3.402496951143483, -0.49806291553198095]"
tVHA,5.0,0.060593857135,1000,0.0,-8.856709483611,"[9.42477796076938, 5.3065288175790295, 9.42477796076938, 7.921861084739023, -9.42477796076938, 0.45949427292745115, -1.385262161298751, 1.5831821500777061, -0.850330805079744, 0.6731727607324924, 0.6798850736002722, 0.7913300639633429, 0.9582813062771174, 0.842711223313919, 1.3737836873244342]"
tVHA,5.0,0.060593857135,5000,0.0,-8.856775325294,"[7.28169754301107, 5.165336102846806, 9.10553522374184, 7.986909023028344, -9.42477796076938, 0.6575193457840524, -1.8051961984244742, 1.8151089929352042, -0.9739227237775059, 0.5814220129051114, 1.9907051620687102, 0.9290132341645043, 8.222888732553024, -0.06606790398745883, 8.453775488675387]"
tVHA,5.0,0.089999340526,5000,0.0,-8.857310577934,"[9.42477796076938, 9.42477796076938, 9.42477796076938, 9.42477796076938, 3.970597793082932, -3.133214617420653, -0.45037700700075456, -0.7055633247613227, 1.6649262873981565, 0.1842443781065519, -2.083437923144206, -9.42477796076938, -9.42477796076938, -7.096065987356894, -9.42477796076938]"
tVHA,5.0,0.089999340527,1000,0.0,-8.856682320375,"[9.42477796076938, 9.42477796076938, 5.021529186350377, 8.571287743629131, 9.42477796076938, -0.051591360656741095, 0.08703241190105565, 0.03363970966830737, 0.30929368303077015, -0.062175900497221055, -3.201979271957912, 0.5710744950183402, -3.1463572236380664, 0.7135595338045237, 0.20878176963703987]"
tVHA,5.0,0.089999340527,5000,0.0,-8.858466864771,"[9.42477796076938, 9.42477796076938, 9.42477796076938, 9.42477796076938, 3.4302860881408614, 5.2547188384667365, 1.286281101183714, 0.56128584845785, -1.5526706356840843, -1.1202247832412902, 4.386482824307567, 9.42477796076938, 9.42477796076938, 7.329666636311076, 9.42477796076938]"
tVHA,5.0,0.119404823918,1000,0.0,-8.857840037179,"[9.42477796076938, 9.42477796076938, 9.42477796076938, 9.42477796076938, 3.0432126446091616, 1.8854993377653928, 1.237627933876594, 0.218287327969208, -1.0136811094846305, -0.757973792713766, -0.3581689717228945, 9.42477796076938, 8.015864414909366, 7.397751275924449, 9.42477796076938]"
tVHA,5.0,0.119404823918,5000,0.0,-8.858466866526,"[9.42477796076938, 9.42477796076938, 9.42477796076938, 9.42477796076938, 3.4322629724303253, 5.251870624518147, 1.2827845992233256, 0.5617184356920786, -1.5539540894626995, -1.1115329870988113, 4.392470005802594, 9.42477796076938, 9.42477796076938, 7.33112770947149, 9.42477796076938]"
tVHA,5.0,0.119404823919,1000,0.0,-8.857840071866,"[9.42477796076938, 9.42477796076938, 9.42477796076938, 9.42477796076938, 3.0432126446091616, 1.8854993377653928, 1.237627933876594, 0.218287327969208, -1.0136811094846305, -0.757973792713766, -0.3581689717228945, 9.42477796076938, 8.029699046569984, 7.407537418824393, 9.42477796076938]"
tVHA,5.0,0.119404823919,5000,0.0,-8.856734422581,"[6.90648295008881, 9.053643908191798, 9.42477796076938, -0.3315668106461571, 9.42477796076938, -0.5833344621353581, 0.05828703830732902, 0.10722046946566535, 1.8118907602944718, -1.4745780521658847, 0.5664189815562476, -1.7249907502278115, 1.5433752453174194, 0.41739376679978824, -1.2235735883211898]"
tVHA,5.0,0.147178153292,1000,0.0,-8.8566833529,"[1.177807040094352, 6.268537876815627, 4.025204744071305, 9.42477796076938, 9.42477796076938, -0.2075750492830532, 0.4037682099860451, 0.380731142427497, -0.214381531090329, 0.5504675429357978, 0.019262744019275996, -0.16545003735535171, 0.6492229454567919, -0.42187365283523154, 0.3633832943930838]"
tVHA,5.0,0.147178153292,5000,0.0,-8.856701390903,"[5.932274311775943, 8.903717134957107, 9.42477796076938, 9.42477796076938, 2.2465305656823733, -0.4307500644333729, 0.37388842831016705, -0.2555756805463496, 0.42540557408496127, -0.05354506731340504, 0.4834907526688075, -0.9376359135469652, 0.7224223711844486, -0.2447831374802878, 0.06694851814560054]"
tVHA,5.0,0.174951482665,1000,0.0,-8.856679346011,"[9.423592983668597, 9.373175228230583, 9.331698579393874, 9.42477796076938, -7.822058125954959, -0.039030071330583976, 0.3480020021571304, 0.6551989762466692, 0.6547787161262035, 0.8198593498692204, 0.22349733731282134, -0.20074832756701555, 0.5582274088076393, 0.19776615376579545, 0.474163773043801]"
tVHA,5.0,0.174951482665,5000,0.0,-8.856687028424,"[9.42477796076938, 9.42477796076938, 8.821530554611142, 9.42477796076938, -8.125334177239683, 0.15221183566711965, -0.08478082848592416, 0.5844481092809723, 0.03861589000332051, 0.5442880221431158, 0.23205175700281375, -0.2932734724001547, 0.4601971193504708, -0.11968055522212684, 0.34749969501521694]"
tVHA,5.0,0.202043039414,1000,0.0,-8.867788352304,"[9.42477796076938, 9.42477796076938, 3.8956134815294305, 9.183045266714057, 9.42477796076938, -0.7751229028607443, 2.8881837987189463, 5.258672359968768, 0.9701115455341756, 5.2743407483476545, -3.2695316983862934, 1.133231688841776, 2.8743450185290813, 1.8193837121921028, 2.907757541881725]"
tVHA,5.0,0.202043039414,5000,0.0,-8.869565068126,"[9.42477796076938, 9.42477796076938, 9.42477796076938, 8.119511058919766, 8.863358784247183, -5.815620365351723, 2.076263781815439, 6.299438298144976, 3.340975608615067, 8.775697667782863, -2.4484244316604595, -1.362207374886408, 4.358432480431984, 5.194942250413272, 0.8017498511971024]"
tVHA,5.0,0.229134596163,1000,0.0,-8.868502325917,"[9.42477796076938, 9.42477796076938, 1.9673858251474872, 9.42477796076938, 9.42477796076938, -2.4364705883963955, 7.099218297578711, 1.345858821614109, 3.047809304333847, 7.585742033171838, -2.2656009585461616, 1.543072045980514, 7.397948150517902, -1.5258708243097847, 3.4722300420647496]"
tVHA,5.0,0.229134596163,5000,0.0,-8.869503748197,"[9.42477796076938, 9.42477796076938, 7.2592878833725845, 9.31387136501239, 9.42477796076938, -6.850595811134245, 5.471713635676029, 2.763479252108616, 4.886450237986965, 8.64391346101231, -2.7962623244937754, -0.8471568396422775, 3.936340228930808, 4.517411509494719, 1.9544423994626638]"
tVHA,5.0,0.229134596164,1000,0.0,-8.867401810509,"[9.378194082471598, 9.42477796076938, 1.5906936441105304, 9.42477796076938, 9.42477796076938, -1.325837555269553, 2.6706967761805966, 2.2341215277116975, 3.2211097986572206, 2.7813174023137375, -3.9010899437272544, 1.7851373769066252, 2.1019651386100806, 2.388925687481901, 1.92230028833187]"
tVHA,5.0,0.229134596164,5000,0.0,-8.869499338257,"[9.42477796076938, 9.42477796076938, 6.513594399438995, 9.42477796076938, 9.42477796076938, -6.676044370963682, 6.259070666457283, 2.79509094572653, 4.943988484335022, 9.12950994704956, -2.1810489466457614, -1.7406647846622967, 5.921001476485259, 3.448296618443263, 2.2348440863586445]"
tVHA,5.0,0.253604448914,1000,0.0,-8.8685236265,"[9.42477796076938, 9.42477796076938, 1.9814910998255209, 9.42477796076938, 9.42477796076938, -2.6429893300394713, 7.60499220427724, 1.3599296506656608, 2.9024536638580236, 7.802459270347858, -2.5757868650429785, 1.7109380293483392, 7.534467615785722, -1.9178415972609621, 3.6297648514155085]"
tVHA,5.0,0.253604448914,5000,0.0,-8.869553540903,"[9.42477796076938, 9.42477796076938, 6.827365567307368, 9.42477796076938, 9.42477796076938, -6.020128424106611, 5.200196999946513, 4.065047969329058, 4.112365786620237, 9.290445832833846, -2.3557996226523876, -1.2105300228291256, 4.670574684208241, 4.2783244190698735, 2.077989654781256]"
tVHA,5.0,0.278074301664,1000,0.0,-8.868239435085,"[9.42477796076938, 9.42477796076938, 3.8566228085953917, 9.42477796076938, 9.266678430643658, -0.9593411755565537, 3.296376108566083, 2.8307554347520782, 4.194813205925246, 4.3125499245050705, -3.5492435755125937, 2.351113266968158, -0.5048359712820012, 5.721022064192403, 2.2979146024817503]"
tVHA,5.0,0.278074301664,5000,0.0,-8.869499613909,"[9.42477796076938, 9.42477796076938, 7.131078908240849, 7.6252095017804145, 8.979768038351267, -4.024697714502469, 7.875446850968892, 5.6697990761693635, 2.9297883419306547, 9.21318234273306, -2.3831686070085367, 1.7825610612478744, 4.5445193318371855, 4.214459677689765, 1.3217772808473436]"
tVHA,5.0,0.278074301665,1000,0.0,-8.868902968003,"[9.42477796076938, 9.42477796076938, 2.7936071077538687, 9.42477796076938, 9.42477796076938, -2.003156804216941, 7.581131061237874, 3.232768624877002, 2.3909079004549927, 7.714143092292092, -2.632168426516926, 2.7809295740115667, 5.252408669474789, 0.3934014298583445, 3.431280230630275]"
tVHA,5.0,0.278074301665,5000,0.0,-8.86903903821,"[9.42477796076938, 9.42477796076938, 9.42477796076938, 7.557124086301253, 8.279699067271714, -4.8074533957861325, 4.597385886456809, 5.62257406500853, 3.2574987532337145, 7.354489601203749, -3.753733523595961, 1.4861125406137006, 3.4748731415849097, 3.87071610585421, 1.966103585117063]"
tVHA,5.0,0.289603474328,1000,0.0,-8.868239435085,"[9.42477796076938, 9.42477796076938, 3.8566228085953913, 9.42477796076938, 9.266678430643658, -0.9593411755565537, 3.296376108566083, 2.8307554347520782, 4.194813205925251, 4.312549924505067, -3.5492435755125937, 2.351113266968158, -0.5048359712820001, 5.721022064192406, 2.2979146024817503]"
tVHA,5.0,0.289603474328,5000,0.0,-8.868970029777,"[9.42477796076938, 9.42477796076938, 9.232053076519058, 6.496559609794389, 8.43133515903623, -4.512271257252394, 6.997899041770733, 4.586339612011662, 3.8890969452373434, 6.75460987044543, -3.5800527920633005, 2.5776418676613964, 3.487063220384394, 3.4961527544639055, 1.9176371063786708]"
tVHA,5.0,0.289603474329,1000,0.0,-8.867609530671,"[9.42477796076938, 9.42477796076938, 5.468071871084362, 9.42477796076938, 9.424777960769378, -3.3636942465517485, 1.493423333839612, 2.4801284747994816, 3.4170589553225765, 3.088892253086307, -2.71331915920435, -3.2545551562441077, 8.598804465508636, -2.4922732660778175, 3.3422953066362124]"
tVHA,5.0,0.301132646992,1000,0.0,-8.867941892759,"[9.42477796076938, 9.42477796076938, 3.567092426066334, 9.42477796076938, 9.42477796076938, -2.743364618073967, 4.654310086379737, 2.121521449879771, 3.931308402378108, 4.588522460663884, -3.8067672409251188, 2.1502896278594616, 2.841946744759855, 2.8069046695130924, 2.755495644690419]"
tVHA,5.0,0.301132646992,5000,0.0,-8.86906280784,"[9.42477796076938, 9.42477796076938, 8.599206648861575, 9.42477796076938, 6.886159346403633, -5.731360646425285, 6.391680309241474, 4.02468202868959, 4.211721823290601, 7.174320858436596, -4.4032422689424235, 3.3309183260908686, 1.6129536819503612, 4.019263288543627, 2.090540531766397]"
tVHA,5.0,0.312361313283,1000,0.0,-8.86791426768,"[9.42477796076938, 9.42477796076938, 1.7423402008216822, 9.42477796076938, 9.14002770103718, -1.0855512851758975, 7.22175867778938, 3.872450317675087, 1.6838671178293754, 5.813472191009099, -3.0779610154560624, 4.62704567246195, 5.589312741475846, -1.4541106676138504, 3.234145023493963]"
tVHA,5.0,0.312361313283,5000,0.0,-8.868501276753,"[9.42477796076938, 9.42477796076938, 4.590400811307912, 9.42477796076938, 8.345066012486859, -6.676642174003701, 9.42477796076938, 2.137875495414905, 0.9338115519654462, 7.823937170824395, -4.983340436097871, 4.680272383961983, 1.8155502609903258, 1.094947909890669, 3.3186442943424685]"
tVHA,5.0,0.323589979574,1000,0.0,-8.867241168472,"[9.42477796076938, 9.42477796076938, 0.9685637549035745, 9.42477796076938, 9.42477796076938, -1.9528614897781535, 3.1820369093199883, 7.603415406526422, -3.6068214506502265, 4.500571372100296, -3.801568642933929, 3.4174996051972486, 4.347261837443487, -1.2343921679724612, 3.5489974883472097]"
tVHA,5.0,0.323589979574,5000,0.0,-8.870671061723,"[9.42477796076938, 9.42477796076938, 9.42477796076938, 9.42477796076938, 0.7872478576416644, -6.445353550307944, 2.3921053704562443, 9.310671354055888, -1.3684803154499274, 6.488803556102628, -7.99414096087387, 6.602185826628745, -0.43150304407416373, 4.031295121236898, -2.300272559502731]"
tVHA,5.0,0.334198865599,1000,0.0,-8.867399167105,"[9.42477796076938, 9.42477796076938, 0.614659928818387, 9.42477796076938, 9.42477796076938, 1.5148842027472063, 3.02615725909766, 9.019421438429735, -2.03598413275213, 5.255088315351966, -1.7363732361572248, 2.4984129213749005, 2.948728461122564, 1.9047106081991794, 3.7385313983739934]"
tVHA,5.0,0.334198865599,5000,0.0,-8.871058644654,"[9.42477796076938, 9.42477796076938, 9.42477796076938, 9.42477796076938, -1.0408331893807552, -7.860862228167352, 0.769396421432864, 8.618314530083685, -3.3746368663146544, 5.794475431348861, -9.42477796076938, 6.115840123875014, -1.1220405152444053, 3.2092509012690877, -3.398429907450396]"
tVHA,5.0,0.344807751624,1000,0.0,-8.868019636461,"[9.42477796076938, 9.345368003907264, 3.604759658920999, 9.42477796076938, 9.42477796076938, -1.120555803639598, 6.7040187696796645, 0.8679842428009672, 5.645359339990568, 5.989360776335177, -2.660806256247805, 2.6929596932793283, 3.914021290587565, 1.0370396620127946, 4.133900464681454]"
tVHA,5.0,0.344807751624,5000,0.0,-8.870254326147,"[5.313032606801311, 9.13152802789881, 7.973113443735295, 9.42477796076938, 3.479315777839581, 5.014512845738756, 9.42477796076938, 6.900214359138195, 6.676404117624472, 8.681597122106941, 3.357957346015982, 5.3990513838675875, 2.564110557069446, 3.8087313447880793, 2.2023966578482055]"
tVHA,5.0,0.354442462248,1000,0.0,-8.8673888124,"[9.42477796076938, 9.42477796076938, 0.9727053332566327, 9.42477796076938, 9.42477796076938, -0.7119647824523766, 2.046684482910144, 2.5657798509064014, 3.137590479571826, 2.5594517891818884, -3.4539039011380464, 2.2256234357074853, 4.344740612987938, -0.4533480050553257, 2.9313082316219488]"
tVHA,5.0,0.354442462248,5000,0.0,-8.870342944027,"[9.42477796076938, 9.42477796076938, 9.42477796076938, 9.42477796076938, 2.303910479165252, -3.512098889972789, 6.001173257649675, 9.1029085978115, 2.9871358241827135, 6.2553547006935, -4.796390635321455, 7.057324222512822, 1.2023958635866094, 4.947456201738806, -1.0310525203831427]"
tVHA,5.0,0.364077172871,1000,0.0,-8.867259377547,"[9.42477796076938, 9.42477796076938, -0.8655371483837886, 9.42477796076938, 9.42477796076938, -1.303067867572563, 2.636984905844511, -0.12180128319799521, 5.0556759148129, 3.2031424538704556, -3.5653243645687227, 3.47712988543915, 7.0686390494547275, -3.3797023860991944, 2.376781854001535]"
tVHA,5.0,0.364077172871,5000,0.0,-8.870564194972,"[7.076866662196686, 9.42477796076938, 3.3513688493325104, 9.42477796076938, 2.725377670867285, 9.42477796076938, 9.42477796076938, 2.2429936848716876, 6.839823670637869, 8.45870057968369, 7.538372876082296, 3.205242846478002, -1.2648445115346258, 6.229567939888829, 0.5006771924160491]"
tVHA,5.0,0.373547603716,1000,0.0,-8.868363985505,"[9.42477796076938, 9.42477796076938, 0.26426202481178784, 9.42477796076938, 8.23774470244486, 2.3316831471863875, 7.109028662799606, 6.2167732308053605, 0.12224608678064983, 6.704497575987187, -1.0042486632899137, 5.234733978419197, 3.1697912310211036, 1.1397614117398502, 3.258208266039819]"
tVHA,5.0,0.373547603716,5000,0.0,-8.870741639258,"[7.7475597482102785, 9.42477796076938, 5.593455445332245, 9.42477796076938, 2.4542651682844827, 9.42477796076938, 8.703894091260779, 7.642044405499105, 5.466279741127655, 8.493851907189484, 6.106173559636163, 4.352134585162332, 1.3334363572754655, 4.4934104404714015, 1.107894407512829]"
tVHA,5.0,0.383018034561,1000,0.0,-8.867866297252,"[9.42477796076938, 9.42477796076938, 2.290681402905731, 9.049677784295579, 9.42477796076938, -0.9938441372296778, 3.605408721644415, 2.4410931578145942, 3.9727559144713833, 3.3623696197635904, -3.804402270456316, 2.747925919811087, 3.095145084898827, 1.4458997858333844, 3.024757577889538]"
tVHA,5.0,0.383018034561,5000,0.0,-8.870875051343,"[9.42477796076938, 9.424777960769378, 9.42477796076938, 9.42477796076938, 2.1665723797021665, -5.982715174625259, 2.152202169620325, 9.264287042538983, -0.3573809235633725, 6.576608764730784, -7.2369550616025355, 5.3749774368881935, 0.5735044801706709, 4.394299294078042, -1.6657575763921955]"
tVHA,5.0,0.392044879126,1000,0.0,-8.86809593457,"[9.42477796076938, 9.42477796076938, 0.7845187334869246, 8.85460753763083, 9.42477796076938, -2.015549517640906, 1.7839544128596228, 4.596474636686692, 1.3248966752306535, 2.1895621631836955, -4.712116212062709, 2.143695523825916, -3.270384536788834, 7.7040527834509325, 2.2936949368231785]"
tVHA,5.0,0.392044879126,5000,0.0,-8.870876627388,"[9.42477796076938, 9.42477796076938, 9.42477796076938, 9.42477796076938, 0.5470380551953828, -5.582909672461412, 3.953340220670415, 8.817332067410007, 0.21200866005863978, 5.468357225058709, -7.046073396799067, 7.152070638607837, 0.009172416121719287, 4.344909284996609, -2.4153032602204902]"
tVHA,5.0,0.40107172369,1000,0.0,-8.867860534987,"[9.42477796076938, 9.42477796076938, 3.6529834335777607, 9.42477796076938, 9.42477796076938, -3.728250970232665, 2.3186890611776336, 3.84218657419222, 0.38978121260664844, 4.534578504639365, -4.255321589978291, 0.21716855295294046, 5.663658588730085, -1.394680916102015, 3.65300798389981]"
tVHA,5.0,0.40107172369,5000,0.0,-8.870552565457,"[9.42477796076938, 9.42477796076938, 9.42477796076938, 9.42477796076938, 2.0819626061386414, -5.738608276861994, 3.396667146691142, 6.909304712843587, 1.9629762066426029, 4.742264514619068, -6.465631633147957, 4.895071765348236, 0.7419788325303782, 4.927598475376843, -1.8455410378081427]"
tVHA,5.0,0.410098568254,1000,0.0,-8.868166536568,"[9.42477796076938, 9.42477796076938, 4.19015026246249, 9.42477796076938, 9.42477796076938, -3.5132854391341723, 0.3874826148812667, 4.433590147727607, 0.5607465617635582, 3.611397628340657, -4.400320003009748, -0.4633971792574389, 3.146919731596305, 1.62615822291378, 2.440927642474294]"
tVHA,5.0,0.410098568254,5000,0.0,-8.871125104529,"[9.42477796076938, 9.42477796076938, 9.42477796076938, 9.42477796076938, 0.6267404913369208, -6.4726097705003, 2.5053379348975993, 8.766739711765062, -0.8843775160869378, 5.806565082110409, -8.048201708367507, 6.636793428490023, -1.0330682160544684, 4.842093509998083, -2.9387992453129206]"
tVHA,5.0,0.419125412818,1000,0.0,-8.867860534987,"[9.42477796076938, 9.42477796076938, 3.6529834335777607, 9.42477796076938, 9.42477796076938, -3.728250970232665, 2.3186890611776336, 3.84218657419222, 0.38978121260664844, 4.534578504639365, -4.255321589978291, 0.21716855295294046, 5.663658588730085, -1.394680916102015, 3.65300798389981]"
tVHA,5.0,0.419125412818,5000,0.0,-8.870542508625,"[9.42477796076938, 9.202821983467558, 7.856974681264453, 9.051914895468592, 3.850721104066651, -1.5114228710438176, 9.100776468965332, 9.42477796076938, 1.0687074209280891, 9.42477796076938, -2.0237910172097076, 8.976396684796391, 0.9206311414846684, 4.3920422749649815, 1.3867429769804829]"
tVHA,5.0,0.42809837062,5000,0.0,-8.870340087488,"[9.42477796076938, 9.42477796076938, 6.3511203913693475, 8.233655499829197, 7.5481675649373265, -0.6439660182919009, 7.336609855903772, 4.800760092380329, 3.11595228996977, 7.0978162322078155, -1.742219569935867, 5.451333630695838, 3.5660228483108867, 2.7062532595114464, 5.055919759831665]"
tVHA,5.0,0.428098370621,1000,0.0,-8.869010164282,"[9.42477796076938, 9.42477796076938, 3.4589399760959934, 9.42477796076938, 9.42477796076938, -0.19821828568407973, 3.9194522353112595, 5.372824909383015, 1.6054908066388438, 6.3054824708170845, -2.659381940932684, 2.8578021543677226, 2.5297288928020083, 2.716412229342445, 4.488557438165531]"
tVHA,5.0,0.428098370621,5000,0.0,-8.870612716049,"[9.42477796076938, 9.42477796076938, 8.271465474277152, 8.79878950334449, 6.9667892619030525, -2.7531912370012366, 6.200663875777943, 5.330908801346958, 3.501361108141361, 7.0249828388341875, -3.401692496081492, 5.333274477673225, 2.2622866061586935, 4.668359752704971, 3.831546396080631]"
tVHA,5.0,0.437071328423,1000,0.0,-8.869446135558,"[9.42477796076938, 9.42477796076938, -0.8317233364727183, 9.42477796076938, 9.42477796076938, -1.080570571697662, 3.5096349926991217, 0.5302357005605365, 4.440321017340301, 4.046132235336283, -3.494449886492511, 5.036684698622918, 5.747325934145475, -2.2077963373273737, 4.04284291899932]"
tVHA,5.0,0.437071328423,5000,0.0,-8.871071395227,"[7.87723152455664, 9.42477796076938, 6.244174753716656, 7.462373878974988, 5.169585011251867, 5.652290327864704, 8.213666211854877, 6.0657729546235615, 4.043505539209212, 7.795311417387343, 4.000183627073227, 5.132454916704573, 4.225443671329068, 2.8961356502396765, 4.079615272426106]"
tVHA,5.0,0.444939982016,5000,0.0,-8.870847514897,"[9.42477796076938, 9.42477796076938, 9.42477796076938, 9.20014337862748, 5.938600684126699, -3.899357676441777, 4.544971260839624, 6.539107391785689, 3.3635585742044256, 6.663042871288774, -4.773858026839678, 4.944967611497306, 2.156218529563279, 5.278918811187086, 2.41987744051398]"
tVHA,5.0,0.444939982017,1000,0.0,-8.869906118647,"[9.42477796076938, 9.42477796076938, 1.0387138306669543, 9.285492858755164, 9.42477796076938, 1.2942280389284697, 3.364383366889875, 4.080187977796767, 2.2925832786524882, 5.411429821518485, -1.4365086581773152, 3.720603035468028, 2.0219755699816835, 2.9072796966848324, 5.259417885384654]"
tVHA,5.0,0.444939982017,5000,0.0,-8.870672444635,"[9.42477796076938, 9.42477796076938, 7.483027623900826, 9.42477796076938, 5.568539521470144, -3.9837332727243444, 3.3021144961180067, 5.573260557618665, 2.4371161765515117, 4.949425110360618, -6.0560682521296, 5.079281858169802, -0.5561513783439285, 6.87741175282666, 1.1589743506267225]"
tVHA,5.0,0.45280863561,1000,0.0,-8.869393806933,"[9.421283745136767, 9.42477796076938, 1.2024433337118912, 9.42477796076938, 9.42477796076938, -1.0597455755018965, -0.5527128396025647, 2.8579572243822833, 3.088507197520859, 2.1223264830432136, -4.2889720425139215, 1.7633472506451258, -2.0028433631228517, 6.170244151811552, 4.596541299420153]"
tVHA,5.0,0.45280863561,5000,0.0,-8.872358008826,"[8.474073678444189, 9.42477796076938, 0.6771826794589113, 9.42477796076938, 5.268747942687039, 8.453118734007234, 6.497494650757574, 3.289543776526626, 3.84412516138634, 7.877784054145868, 6.101091991604989, 3.7285124456067225, -1.448381470213617, 7.098309347552868, 4.10714698842718]"
tVHA,5.0,0.460364883803,1000,0.0,-8.870689191294,"[9.42477796076938, 9.42477796076938, -0.6180594318525765, 9.42477796076938, 9.42477796076938, 0.8547900986144628, 3.428951814857842, -1.9131061287980478, 8.150019143749988, 4.918273653464082, -1.4651100737826976, 5.065359343067602, 6.686729656830009, -1.7039558105482873, 4.416261181013654]"
tVHA,5.0,0.460364883803,5000,0.0,-8.873565346048,"[9.42477796076938, 9.42477796076938, 0.7062531584181563, 8.198360656233755, 6.51463968858301, 8.120576911646912, 7.735251717736986, 1.7435493045227983, 3.883433951768631, 8.129597971759004, 5.974666769897176, 4.677725846387539, 7.13554797235623, -2.366081675867098, 4.77404829059965]"
tVHA,5.0,0.467921131996,1000,0.0,-8.872803337205,"[9.42477796076938, 9.42477796076938, -0.919652617208852, 9.152395990684678, 9.356450866574537, 4.99415919319931, 3.9173581565827638, 2.1297867243258093, 5.161183995974333, 6.103302470172069, 1.1611239597850451, 5.870889115034888, 7.130498781893499, -2.6650920070384876, 5.369536574310258]"
tVHA,5.0,0.467921131996,5000,0.0,-8.873528281159,"[9.017803295556085, 9.42477796076938, 8.929034579194983, 9.05687040034665, 4.979888659481954, 0.8179241148717447, 4.607603256186387, 9.42477796076938, 3.68391338035683, 7.132290582140692, -0.6729823277202714, 5.857344463889162, 3.8666820299355513, 6.014306529103827, 2.392283068192329]"
tVHA,5.0,0.475477380188,1000,0.0,-8.871843109023,"[9.42477796076938, 9.42477796076938, 3.2721982416675233, 9.011773511348762, 9.42477796076938, -0.5609251397777899, 0.13199475361635382, 6.418436296903772, 0.8856156152848667, 3.519848399364097, -2.804426294827586, 1.5084484095165904, 4.503222609792717, 2.179794669342541, 4.277934776249781]"
tVHA,5.0,0.475477380188,5000,0.0,-8.873524786428,"[8.535155664585066, 9.42477796076938, 3.5765359025964067, 9.365111883463767, 4.271474858451338, 6.038465716549706, 8.574697668543624, 4.0358606037958635, 4.541467000477202, 7.446875453523349, 5.281292947554559, 5.089291036149568, 2.6155865249158916, 4.112154493850171, 3.3260911878607575]"
tVHA,5.0,0.483033628381,1000,0.0,-8.872338491772,"[9.42477796076938, 9.42477796076938, 2.138430975294001, 8.630834367997311, 8.98331117011114, 1.9324566226241364, 5.251324891891375, 2.8127719151617336, 4.9259789960137805, 5.052547296562231, -0.8144348446377802, 4.455159654741925, 5.567958832636608, 0.37257520876670913, 4.847482086192461]"
tVHA,5.0,0.483033628381,5000,0.0,-8.873209227286,"[8.941321385154474, 9.42477796076938, 8.412476356918615, 5.248925222095853, 8.43770013409484, 0.7516646543439321, 5.154588118192978, 5.316638576916203, 3.614528783683621, 5.388343300567785, -0.8255963108966871, 5.06140917615113, 4.304243900583671, 3.8291309701283858, 4.7705509189808915]"
tVHA,5.0,0.490063751497,1000,0.0,-8.872369716922,"[9.42477796076938, 9.42477796076938, 0.4672963483154401, 9.42477796076938, 9.42477796076938, -2.2581401142795117, 3.568116721068063, 3.0101209974444405, 1.2399795665261526, 3.9259623456458366, -3.427706058070876, 5.073935992005177, 2.6824989000698354, 1.4418480299972432, 5.477639785073634]"
tVHA,5.0,0.490063751497,5000,0.0,-8.873627822962,"[-9.42477796076938, 9.42477796076938, 1.1484788137575361, 9.42477796076938, 8.279836963292597, 1.9156622487951596, 5.491913395145718, 5.51335022672459, -2.3071456537618227, 6.08097997875481, 1.7112423547545959, 6.525914256511208, 5.6519216073089895, -1.361256891725105, 6.490966999512237]"
tVHA,5.0,0.497093874614,1000,0.0,-8.873260995808,"[-3.6082242265702433, 9.33564004666039, -1.1273843067362734, 9.42477796076938, 9.42477796076938, 0.41675493321015883, 4.420892266655143, 8.808437922750493, -5.220333460057729, 4.8536164631532746, 0.06468014752327161, 6.90691886590565, 5.9413139723112405, -1.8505954650161112, 6.419729771840385]"
tVHA,5.0,0.497093874614,5000,0.0,-8.873936878799,"[8.529718705973785, 9.42477796076938, -1.2900113400399729, 8.875713668553821, 8.068168558605027, 4.833827650611223, 3.319724967179829, 5.076532330306735, 1.4241645856693723, 5.384650306024863, 3.4146673394710874, 4.255079302833144, 0.3252775938992265, 5.351748571459259, 6.842017552008151]"
tVHA,5.0,0.504062606173,1000,0.0,-8.873425376319,"[9.42477796076938, 9.42477796076938, -0.8674737492213418, 9.42477796076938, 9.42477796076938, 1.1310518206267464, 2.381546901361001, 7.526595894070945, -0.9093564932062408, 3.742016008817927, -0.1741027915561037, 5.02284766983016, 5.0621134072217835, 0.8216144217475969, 6.036760982344072]"
tVHA,5.0,0.504062606173,5000,0.0,-8.873979656857,"[8.035631751801539, 9.42477796076938, 3.775599518628831, 7.9502838326425085, 7.3270206862574625, 3.6522177143004972, 3.7239501486694673, 6.023814446308451, 2.1278470941887853, 6.016734949785262, 2.094138180002433, 5.2967211236385605, 3.5812675855271756, 4.339871537815801, 5.726406709887906]"
tVHA,5.0,0.511031337733,1000,0.0,-8.873297687192,"[9.42477796076938, 9.42477796076938, 2.078818675154911, 9.27521348088364, 8.051777143729545, 0.37740286340820706, 1.4151245203344338, 8.131862737304315, -0.16802227372615924, 3.7050221383571564, -1.2617097391876175, 3.4988007757150656, 2.8672298242767997, 4.987569562065509, 4.024834728168514]"
tVHA,5.0,0.511031337733,5000,0.0,-8.873877795635,"[-2.173631074250733, 9.42477796076938, 5.4252902537636185, 8.697734748675161, 8.290820628972309, 0.044997408684082155, 5.953920793830017, 3.684859772391036, 3.099881668186852, 7.040604209264194, -0.952392816651837, 6.191548843135201, 5.750933454827073, 2.286627688334557, 7.59785176338271]"
tVHA,5.0,0.518000069292,5000,0.0,-8.873941494471,"[8.605358165998183, 9.42477796076938, -0.4073816660189289, 9.389383870678298, 7.737966170864313, 4.531775460624473, 4.497764609932388, 5.5648990294209755, 0.11030220802360863, 6.534550232216815, 3.652665757179615, 5.408764119396493, 4.367658781125739, 1.268639954321087, 6.947293851526809]"
tVHA,5.0,0.518000069293,1000,0.0,-8.873252007396,"[9.42477796076938, 9.42477796076938, 2.277144257469678, 9.42477796076938, 9.42477796076938, -2.7956905209320664, 3.6744989561464294, 2.5739460247005077, 1.9359612605280327, 4.864239517339246, -3.0536154105194564, 4.347168879337108, 6.238309336690963, -0.5755245873103471, 6.741162961085893]"
tVHA,5.0,0.518000069293,5000,0.0,-8.87398525249,"[8.907414857110467, 9.42477796076938, -1.4764048459536254, 9.415941721954482, 7.567568607989616, 5.097500768617824, 4.301346140271948, 6.4065558025037035, -0.7129350877023525, 5.941525886740117, 4.144052936332946, 4.838540671871457, 2.8085776830442226, 2.607729201563334, 6.899892022231937]"
tVHA,5.0,0.524968800852,1000,0.0,-8.873515670294,"[7.096254311422374, 9.42477796076938, -1.7565559202623913, 9.107163024433417, 9.27718987048793, 4.477276726232784, 1.705084968224777, 9.215211458385244, -2.877927036939906, 4.866775528064437, 2.629820590992141, 5.269421864775751, 5.0872996534066175, -0.5253210816964713, 7.385588027114454]"
tVHA,5.0,0.524968800852,5000,0.0,-8.873944673678,"[9.024734443629786, 9.42477796076938, 2.933530973962866, 6.480443031880059, 8.126903459552697, 3.649050703380877, 4.840304719295041, 2.8794091862407756, 3.6395374674482386, 5.256897140701515, 2.1493727802259275, 6.233237786651912, 2.705944332999039, 2.860435572597309, 6.454950089646653]"
tVHA,5.0,0.530750641794,1000,0.0,-8.873361404567,"[9.42477796076938, 9.42477796076938, 0.02973488556646317, 9.42477796076938, 9.42477796076938, -1.1652121961141853, 3.650640245809964, -1.4324543276524588, 5.868787360562956, 4.725798000628879, -2.1912235407322895, 5.931627104698479, 6.363646033306502, -2.052395353925695, 6.814300912232145]"
tVHA,5.0,0.530750641794,5000,0.0,-8.873988959881,"[8.845120817308946, 9.42477796076938, 6.074901721088722, 3.4669432716410524, 8.885414687068584, 3.616339795396582, 4.272707051203957, 4.573337658240086, 2.9086515553257755, 5.010799672664133, 1.6230903416220168, 6.108735550803769, 3.3463859498415793, 2.7979898248472295, 6.302114184930787]"
tVHA,5.0,0.536532482736,1000,0.0,-8.873205293669,"[9.42477796076938, 9.42477796076938, 0.39184568404488873, 9.42477796076938, 9.42477796076938, -2.3793762127850626, 5.029071318051308, 4.223975608596689, -0.7513354583714535, 4.9519274538720985, -2.697062126571903, 6.047293704810773, 7.108053473255646, -3.033711704639948, 5.695024383551136]"
tVHA,5.0,0.536532482736,5000,0.0,-8.874382062972,"[8.032278675764907, 9.42477796076938, 5.423690811602166, 4.393379304261667, 8.10666022276112, 3.746687175006027, 4.141702927365332, 4.209891739534961, 3.474149496979629, 4.436912421711792, 2.023545307029102, 6.02844902227643, 2.9388952061993363, 3.943321251102332, 5.13697485445573]"
tVHA,5.0,0.541659503706,1000,0.0,-8.873667441974,"[9.42477796076938, 9.42477796076938, 1.3962902530136432, 9.358332857906712, 9.42477796076938, -1.9327585801225113, 2.750796180021077, 4.205410988919546, 0.8010462818603153, 3.9430414368527535, -3.475554350656757, 4.839592687452163, 2.122405833834943, 2.68742519380424, 5.924787178860473]"
tVHA,5.0,0.541659503706,5000,0.0,-8.874382918062,"[9.052058474458187, 9.42477796076938, 5.872825150583261, 6.285902814599959, 7.648194450691789, 2.5761531316301447, 4.782814791867885, 4.912295499276759, 2.9884730416564227, 5.47525371753564, 1.4090654028654015, 5.747758887911095, 4.4416730955168795, 3.3820079859907515, 5.8932194893798755]"
tVHA,5.0,0.546786524677,1000,0.0,-8.873701684179,"[8.766919660644831, 9.42477796076938, 2.58371866094668, 9.42477796076938, 9.42477796076938, -2.7261143726294628, 3.6657422634668677, 3.0500004732130153, 1.3062683250515188, 4.9031230156069245, -4.039280533282129, 4.979457109954808, 2.688962509823718, 2.11246899513088, 6.403688114746394]"
tVHA,5.0,0.546786524677,5000,0.0,-8.874760783175,"[9.344709561650305, 9.42477796076938, 3.3152840102484493, 7.097309420058512, 7.706988315746236, 3.2996007309783257, 4.451878082944885, 3.6687129116210686, 3.6395880870600448, 4.756061917200758, 1.9176631504383634, 6.053029295198678, 2.2117769109920524, 4.6185300113376675, 5.4972267724138275]"
tVHA,5.0,0.551913545648,1000,0.0,-8.874325794865,"[9.42477796076938, 9.42477796076938, 0.10658186756959989, 9.40777188023785, 9.14630339206558, 0.09480310822694307, 3.46977386070485, 4.760892612159412, 0.8693093719906151, 4.457274729574799, -1.366602185165596, 5.502572281368003, 0.22237794503209263, 4.922364451097569, 6.538942433755378]"
tVHA,5.0,0.551913545648,5000,0.0,-8.874750570811,"[9.125630962001868, 9.42477796076938, 3.121465835086346, 7.292922770063599, 7.876984026657997, 3.141593109907017, 4.102629484837337, 3.575139680718411, 3.8214745217924544, 4.659783172277053, 1.583787572554936, 5.962955428147554, 1.9164494721900747, 4.890094352580497, 5.591660351151381]"
tVHA,5.0,0.557040566618,1000,0.0,-8.874330040132,"[9.42477796076938, 9.42477796076938, 0.10658186756959992, 9.40777188023785, 9.14630339206558, 0.09480310822694311, 3.46977386070485, 4.684571024665939, 0.9501204646307622, 4.457274729574799, -1.366602185165596, 5.502572281368003, 0.22237794503209266, 4.922364451097569, 6.538942433755379]"
tVHA,5.0,0.557040566618,5000,0.0,-8.874749081074,"[8.163421569262656, 9.42477796076938, 1.6899811616890443, 7.485012277088614, 8.208961616509072, 4.551561159456448, 2.983268950032392, 4.65364661745245, 2.503813390814156, 5.329156391649995, 2.707869772528327, 5.105381706433086, 1.301611909090003, 4.913256432011268, 6.210091125929779]"
tVHA,5.0,0.561781322516,1000,0.0,-8.874292757845,"[9.42477796076938, 9.42477796076938, 0.27829587329081446, 9.424777960769378, 9.42477796076938, 0.45362264283366927, 2.1460982276260037, 4.645324143564623, 1.5724193390823904, 3.6996620129497426, -1.3597972688215092, 4.818297179653317, 0.8013559362898618, 4.567381126535426, 6.357390934751136]"
tVHA,5.0,0.561781322516,5000,0.0,-8.874650818091,"[8.400389700598822, 9.42477796076938, 3.0175075660556145, 8.634193921007947, 7.701549950670675, 2.782179192854918, 3.356778059020343, 5.414889858683875, 2.433163700397839, 5.491916862772976, 1.407909638900564, 5.058105116403415, 3.436406784646892, 4.2977276349629605, 6.021051932036923]"
tVHA,5.0,0.566522078414,5000,0.0,-8.874716660649,"[9.043272564452387, 8.977176178724315, 3.9643964136497707, 8.407222243917474, 7.453500022804448, 3.4137079776121855, 3.2818189480127486, 4.7350559735385245, 3.574361593545664, 5.230394898969332, 1.9091045786554863, 4.738886067010574, 4.043144825053755, 4.007334889499452, 6.140695701642294]"
tVHA,5.0,0.566522078415,1000,0.0,-8.874066583728,"[9.42477796076938, 9.42477796076938, 0.44992967403765427, 9.42477796076938, 9.42477796076938, 0.4188015142468896, 1.2401526670689171, 7.1391198546244645, -0.270255053557104, 3.8509736393713045, -0.9219469844542101, 3.3318084298810127, 4.800117816935574, 1.9181176631386663, 5.606515751195035]"
tVHA,5.0,0.566522078415,5000,0.0,-8.874691197516,"[9.20824190196775, 9.246620527736141, 3.281421386767618, 9.267375481351309, 7.545182835560727, 2.816104487606868, 4.062815987454572, 2.7609507301273206, 5.122512615173555, 5.345759481663511, 1.7693485989250757, 4.643046929301469, 4.258379774921806, 3.8216964430480225, 6.463544959817398]"
tVHA,5.0,0.571258166226,1000,0.0,-8.874206782736,"[9.062638478358195, 9.0971877665484, 1.5027398672554697, 9.42477796076938, 9.42477796076938, 0.8878326945979895, 1.1971902516555961, 1.7238103082104437, 5.761834410214247, 3.889490195511267, -0.5471850520486805, 2.922213589269223, 6.660393349699008, 0.8225013901377144, 6.222278509541653]"
tVHA,5.0,0.571258166226,5000,0.0,-8.874710094466,"[6.444895584902964, 8.972430633733694, 6.551588367642397, 8.805954965036673, 7.839283014363426, 2.3072275508769535, 2.3361856836878028, 4.654252094095774, 4.7232453754134704, 5.470690695033021, 0.44778779328570495, 4.10503293684682, 4.16951392712348, 5.44115407863589, 6.181400823175713]"
tVHA,5.0,0.575994254037,1000,0.0,-8.874137155115,"[9.42477796076938, 9.354296582850022, 5.326697125108207, 9.42477796076938, 9.42477796076938, -1.1385451426539603, 1.0767455163713342, 2.361939058873803, 3.9274716469113398, 3.935338269404406, -2.313838598877115, 1.6199705060677456, 4.079196362425918, 3.633859166555929, 6.202593570902819]"
tVHA,5.0,0.575994254037,5000,0.0,-8.874680081929,"[5.08778120711, 8.306684474369877, 7.288572977777063, 8.879094590372262, 7.96097913418602, 2.5550957191133943, 2.4999360913472346, 3.3619001227038057, 5.875906758268951, 5.489990420666097, 1.1274530568653487, 3.2587332182971718, 4.465382343226787, 5.453961039122372, 6.531797690628343]"
tVHA,5.0,0.580360998383,1000,0.0,-8.874250604339,"[9.372557189353909, 6.912172986590868, 5.842642155122762, 9.42477796076938, 9.209202133978227, 0.8748157378168702, 0.6261784487595238, 1.7312729891305576, 6.2122961698628965, 3.3249356168151065, -0.9849028609715474, 1.6897251618561828, 3.3794344623936885, 5.064770673615136, 5.875654041511006]"
tVHA,5.0,0.580360998383,5000,0.0,-8.87472223757,"[7.0194671072369115, 8.656779282366308, 5.673794583228776, 7.823705889122227, 7.847924633220733, 3.425744312338002, 2.543860064783656, 4.414232721417185, 4.271965328348109, 5.301957027195259, 1.8073608130829009, 3.9999276530416266, 4.420215248562444, 4.199359004317427, 6.252473531808873]"
tVHA,5.0,0.584727742728,1000,0.0,-8.87446045435,"[9.42477796076938, 9.031515457145472, 2.4017820536417593, 9.113360034388517, 9.17590298111741, 1.841387308569355, 0.9633940068441094, 3.892996273574074, 3.9444945747913165, 3.954150526678748, -0.35070290075688193, 3.478937914104911, 3.690862284131687, 3.5308115238105673, 6.537123717611674]"
tVHA,5.0,0.584727742728,5000,0.0,-8.874804501221,"[9.151522078345913, 9.189728656140435, 2.63996236451614, 8.809316748185523, 7.581542617479327, 4.009194996086866, 3.6975222404134076, 3.9157380195524247, 3.9295579772782614, 5.35147965537272, 2.5520455716585104, 4.963299584824302, 3.607548551639488, 3.793907182525321, 6.389912541091837]"
tVHA,5.0,0.589039200222,1000,0.0,-8.874029087881,"[9.147222035492796, 7.934829123471811, 0.042825537213512746, 9.42477796076938, 9.42477796076938, 1.5932084820039452, 0.6129631141355837, 2.760493409113767, 4.4053632557768605, 3.252773779627221, 0.19440629308206275, 4.877774153257036, 8.819874587006325, -3.335393538765595, 6.311106982788221]"
tVHA,5.0,0.589039200222,5000,0.0,-8.874705319301,"[7.801856145965808, 7.048166083489295, 5.630299708672112, 9.064028137773544, 7.551137064555384, 3.5195082764503214, 1.6584576460731304, 4.576262140821763, 4.623788607911702, 5.220467155456962, 1.683970039277377, 4.193409769741158, 2.856228563471155, 5.871223589592926, 5.8450557542110015]"
tVHA,5.0,0.593350657715,1000,0.0,-8.874178242112,"[9.269615057847854, 7.759055982269473, 2.5540192948546503, 9.42477796076938, 9.42477796076938, 1.1839154554191793, 0.664566244596827, 3.432375985237592, 5.31684498139797, 3.4470412842630376, -1.021877419887011, 3.4825028895751164, 1.783417537401043, 6.1397071789421975, 5.263093661227727]"
tVHA,5.0,0.593350657715,5000,0.0,-8.874802762086,"[8.40878980320634, 9.42477796076938, 0.4080234378692287, 9.287379713813564, 7.622883545095711, 4.740085313278033, 2.639028454301023, 6.091000266838028, 1.440520664510424, 5.3056423133281605, 2.969615410548255, 4.553163560846578, 1.7095489014239114, 4.854962050441742, 6.653059753139634]"
tVHA,5.0,0.597662115209,1000,0.0,-8.874135923837,"[8.000980905334519, 8.758610803170926, 0.14752170405786008, 9.42477796076938, 8.184152031474309, 2.2638404249218036, 0.8523661987577089, 7.293037537707543, 0.840578284141034, 2.6555794587700254, 0.15518540154515706, 4.836060092510989, 5.3264096664866685, 1.1845101761492285, 5.013500612827858]"
tVHA,5.0,0.597662115209,5000,0.0,-8.874734493949,"[9.42477796076938, 9.305744820960644, 2.606548823860922, 8.774421626913124, 7.405745266893934, 3.204966018595951, 4.238392887452276, 3.191303681985982, 4.318883852090457, 5.03786281992175, 2.3793069030705714, 4.90680123516228, 5.092004611040229, 2.5195598267361534, 6.192807595254033]"
tVHA,5.0,0.601973572702,1000,0.0,-8.873921054408,"[9.243401738908181, 8.297484518344426, 1.0770065439889522, 9.402378222999449, 8.529882001636253, 0.6464776180925202, 0.7069195605871825, 2.429467476659175, 5.466713829046973, 1.8994192753365322, -0.985282426009966, 4.266527975428665, 7.25279000969026, -0.49020036210613493, 5.383863120787071]"
tVHA,5.0,0.601973572702,5000,0.0,-8.874806678089,"[9.072552072635492, 9.234886714648828, 1.8306206694490683, 9.079577856487937, 7.796125782361629, 3.7779163501457487, 4.042939243168628, 1.9029081183148902, 5.292365439265211, 5.478557621652299, 2.7534308002003947, 4.823491429069016, 4.922314031591361, 2.15253058888681, 6.7541303738871905]"
tVHA,5.0,0.606254306312,1000,0.0,-8.874168373919,"[9.42477796076938, 9.42477796076938, 2.980010965486448, 9.142739954592034, 9.42477796076938, -0.31131733325813304, 1.521542402574254, 4.200708707131085, 3.0954219112564347, 3.703457637754412, -1.822433224926609, 2.4422190581229697, 7.365008471113651, 0.2216517922610981, 6.031062256479839]"
tVHA,5.0,0.606254306312,5000,0.0,-8.87455043952,"[-3.0480502139387093, 8.627574365647657, 5.301195970482572, 9.42477796076938, 7.631834828557186, -0.6489813178336252, 4.5834169673000655, 2.465928785313709, 4.940335392984624, 4.900268437220776, -0.7013775638496282, 4.700118366039835, 4.448282004957122, 4.37030438320536, 6.0316810134956205]"
tVHA,5.0,0.610535039921,1000,0.0,-8.874184859459,"[9.414439160288044, 8.014455379657594, 1.2280677633572783, 8.359030572336726, 7.7898903169052405, 1.0566356226339748, 2.4792444312046467, 2.459800511244886, 4.663038581310909, 2.126738443646172, -0.29276701517524306, 6.204090985929668, 0.057687556246956186, 5.557646399061486, 4.718327127821648]"
tVHA,5.0,0.610535039921,5000,0.0,-8.874768955379,"[9.354578689201286, 9.204490236668228, 3.6639705418150754, 8.179903452095811, 7.646496890874888, 3.3014972435423577, 3.116218031512823, 5.433624920307855, 2.9483654918358333, 5.001197574413293, 1.7002486671117971, 4.7839183296657595, 4.035703282285643, 4.026604348284203, 5.84522730964499]"
tVHA,5.0,0.61481577353,1000,0.0,-8.874379844824,"[9.42477796076938, 9.42477796076938, -0.6224760066597204, 9.42477796076938, 8.768010624919816, 1.9071755886734931, 0.9521571444313057, 9.340176784220743, -1.4978541386588788, 3.0863849278448847, 0.326766428006409, 4.172793514663029, 4.057514599111293, 2.735635153967045, 6.329729532107585]"
tVHA,5.0,0.61481577353,5000,0.0,-8.874746639739,"[7.737718786627264, 9.284301334916899, 1.8787112259276129, 9.42477796076938, 8.354971938843681, 4.062485152075432, 2.288055584414006, 4.219464443886986, 3.7295908199971404, 5.660373173210756, 2.0424781481279024, 4.354608459444309, 3.5348527467515263, 3.7630850211336693, 7.007785449598352]"
tVHA,5.0,0.619096507139,1000,0.0,-8.874030049194,"[5.064324528291531, 8.24345825552716, 0.5888965044831225, 9.42477796076938, 9.42477796076938, 2.2438752124906323, 0.3490122881872578, 2.620015508332878, 4.8664304869182615, 3.6361488908112243, -0.6573002225576144, 5.336535961492745, 9.42477796076938, -3.4752225041875415, 6.269847395879966]"
tVHA,5.0,0.619096507139,5000,0.0,-8.874807977285,"[9.171143718606746, 9.42477796076938, 2.260152535059189, 9.263134388438457, 7.655133425873017, 3.0831662399146764, 4.395817324335193, 1.3858431015467874, 5.940316520942908, 5.237216119263596, 2.194286002596299, 4.844689803600243, 5.4188726460236865, 2.0111806660971974, 6.743614598966418]"
tVHA,5.0,0.623377240748,1000,0.0,-8.874120684941,"[9.35125290998155, 9.42477796076938, 1.515058939530895, 9.42477796076938, 9.386931285833015, 0.3406597798771026, 1.7068447981979302, -0.06090482761291183, 6.91135420916971, 2.9723794700468282, -1.2538833694792588, 3.206349068341325, 9.339125885208514, -2.714184755967531, 6.421005353506828]"
tVHA,5.0,0.623377240748,5000,0.0,-8.874765807518,"[9.24091870059604, 9.38920363482222, 2.8111690634775313, 8.911394068542604, 7.453777034793156, 3.434863726898263, 2.7348799886719926, 6.21799241244696, 2.3937378046718933, 5.02242054466522, 1.543162446315907, 4.852525190870913, 2.633540769397257, 5.412292346441669, 5.675935838328347]"
tVHA,5.0,0.627657974357,1000,0.0,-8.874307186048,"[9.42477796076938, 9.42477796076938, 1.0114675205236439, 9.42477796076938, 8.807868671877106, 0.8255217166086278, 1.9121144027604635, 5.767898309994567, 1.650784636134576, 3.4336313613648204, -1.211127789596823, 4.752029028096725, 4.260183665612646, 2.3430284132814223, 5.75231336563379]"
tVHA,5.0,0.627657974357,5000,0.0,-8.874790447012,"[9.041757680164295, 8.244771681556074, 4.35355622450197, 8.701792708033988, 7.064966483256636, 3.831134073180114, 3.006157525657046, 4.763986728334318, 3.956427997447669, 5.060094092995463, 2.1340892522167847, 5.018646245263296, 2.732617356930798, 5.407971962816285, 5.65282558777057]"
tVHA,5.0,0.631938707966,1000,0.0,-8.873895672025,"[4.282324789298709, 5.317405871487544, 0.0958671083889398, 9.42477796076938, 9.06684568664848, 1.2016107328110954, 1.8552943652757325, 2.501900643846904, 3.058503351169458, 3.318029512578074, 2.366139972288078, 3.574962748887292, 9.42477796076938, -4.0880821256439095, 5.3709531022305725]"
tVHA,5.0,0.631938707966,5000,0.0,-8.874769613702,"[7.009320456523696, 8.965742691640902, 3.7335145531468554, 9.386313518077248, 7.82060244191787, 3.715408605067731, 2.081411944409756, 5.40878720059131, 3.2875791176973546, 5.824037699656866, 1.2515669813372503, 4.941914579647351, 2.384087812666831, 5.5696492340735855, 6.438768880247208]"
tVHA,5.0,0.636219441576,1000,0.0,-8.874029485479,"[6.060480694813579, 7.935541602841042, 0.8343207948487761, 9.42477796076938, 9.27158809242275, 2.3665649328857694, 0.5536463801726641, 2.490249663511065, 5.2021404865609, 3.447326578053112, -0.5934551314719778, 5.325080989766947, 9.365635688743566, -3.6548722789890387, 6.333053586472085]"
tVHA,5.0,0.636219441576,5000,0.0,-8.874766554098,"[9.42477796076938, 9.42477796076938, -0.7805849795880521, 8.472292502496671, 7.482601282982063, 4.579555774399633, 3.6728101561157174, 4.546182314649469, 1.9462217611736579, 4.463972288428399, 3.424679698427024, 5.268338401447566, 1.460996284156534, 3.935433745933903, 5.990946263419525]"
tVHA,5.0,0.640434286211,1000,0.0,-8.873749066198,"[4.045210702820972, 9.42477796076938, 1.274654905877028, 9.392528056507636, 9.096513988394845, -1.5264495435047563, 2.1290182355256717, 1.8812516285591347, 4.3396703121972795, 2.769322937483091, -2.1010620652130596, 4.1470132152049555, 9.06135664342593, -1.9794442469939375, 5.497059278343425]"
tVHA,5.0,0.640434286211,5000,0.0,-8.874527293801,"[-5.027908317128295, 9.42477796076938, 4.029390116131285, 9.377661897770468, 8.105548712843571, -0.43906341131862353, 5.4476330360469944, 2.7934765670961315, 4.042037039169951, 5.687809963173909, -1.9986574024427655, 5.535304016391513, 7.84743849371125, 1.0930306919747472, 6.992883014753295]"
tVHA,5.0,0.644649130847,1000,0.0,-8.873560201583,"[8.68101511094986, 3.5081633915664736, 5.473616450078493, 9.42477796076938, 9.42477796076938, -0.6016193463185149, -0.49317149344447175, 0.7762889228675194, 6.931666252763, 2.1761529531032204, -2.0997136719740457, 3.295187950673763, 0.6921772355202807, 6.151623740153471, 5.068648767614878]"
tVHA,5.0,0.644649130847,5000,0.0,-8.874795060673,"[7.9852256829914765, 8.996889834797196, 3.6402644938683473, 8.28674494017016, 7.909927362221797, 3.958569871059627, 3.524768919408321, 3.131126604077834, 4.683007443292246, 5.437365105376218, 2.4983336011517263, 4.511707866814014, 4.329267575457651, 3.163215516882948, 6.750184875388371]"
tVHA,5.0,0.648863975483,1000,0.0,-8.874385020403,"[6.158952433569008, 8.792149447252761, 0.9144287175422963, 9.42477796076938, 9.268780623708988, 4.442013841619334, 0.8290669528568235, 1.3325621279096098, 6.504640155121144, 5.412135997434012, 1.502214697954912, 4.633948890253581, 0.3155318541805663, 6.264324091239596, 6.935770758221917]"
tVHA,5.0,0.648863975483,5000,0.0,-8.874793974801,"[9.397297208426595, 9.42477796076938, 0.5006374217533578, 8.539997165443868, 6.97444759381723, 4.125700347620439, 4.29401797824219, 4.732579265032022, 1.7351658243785397, 4.938803977235587, 3.3501052215788265, 5.436019395112975, 3.099786533887651, 3.1000094075511493, 5.643482264051498]"
tVHA,5.0,0.653078820119,1000,0.0,-8.873916729826,"[9.42477796076938, 6.566872127119737, 5.423942436500974, 9.42477796076938, 8.918039302946674, 0.09343701560273285, -1.2074291500694465, 4.30593407451425, 4.1380675693570055, 2.4435900839637457, -2.2066815718394333, 1.7174840806879172, 3.572061683629503, 4.439086627502763, 4.992671025324479]"
tVHA,5.0,0.653078820119,5000,0.0,-8.874604353671,"[-1.2945632219711247, 9.42477796076938, 5.669925827501487, 9.42477796076938, 8.926331467452053, 0.8844032143721725, 5.387364841042577, -0.0939562760963451, 7.217521967909407, 6.0170312195391835, 0.26205650672937664, 4.059137342071191, 4.440256559115067, 3.9467353022245484, 7.836858378414082]"
tVHA,5.0,0.657293664754,1000,0.0,-8.874181277884,"[8.776563572234004, 9.419344806591067, -0.27949932182939485, 9.42477796076938, 8.99941684356875, 1.9355085501310016, 0.7765637030693031, 3.4380911031845387, 4.834002027759291, 2.647081809281377, -0.21965353644038155, 4.010613751802181, -0.2646756170396098, 6.961880340956808, 5.603912980082114]"
tVHA,5.0,0.657293664754,5000,0.0,-8.874765990692,"[9.42477796076938, 9.42477796076938, 0.18704854310446012, 9.014380289443084, 7.695525373267168, 5.126641137167868, 2.649790021647041, 5.5177271376635755, 2.4999110095241655, 4.844818477712151, 2.8566368090082728, 4.656099384582568, 1.0830162026896544, 5.1908193441866155, 6.642961478389374]"
tVHA,5.0,0.66150850939,1000,0.0,-8.873994110997,"[8.590469027243294, 9.163563590658779, 1.1685024168765128, 9.42477796076938, 9.42477796076938, 1.1927315617868686, 0.28769827380372065, 2.007383225890526, 5.3094803701786955, 3.1650718945792473, -0.2481539828347361, 2.5370678978999264, 5.752189946783393, 1.466850156804125, 5.605807896221494]"
tVHA,5.0,0.66150850939,5000,0.0,-8.874690358964,"[9.014155242339232, 9.42477796076938, 1.9914202295803616, 8.440708737411363, 7.495128652487093, 4.3238786963157665, 3.8830625497365494, 3.195637053407606, 4.1699265861160235, 5.419416064747725, 2.815563581841711, 4.948385168821552, 4.020176312388362, 2.7198920669437303, 6.507851854801286]"
tVHA,5.0,0.665723354026,1000,0.0,-8.873994110997,"[8.590469027243294, 9.163563590658779, 1.1685024168765128, 9.42477796076938, 9.42477796076938, 1.1927315617868686, 0.28769827380372065, 2.007383225890526, 5.3094803701786955, 3.1650718945792473, -0.24815398283473633, 2.5370678978999264, 5.752189946783393, 1.466850156804125, 5.605807896221494]"
tVHA,5.0,0.665723354026,5000,0.0,-8.874747746797,"[7.950962936071209, 8.698327097628988, 1.1047430858440883, 9.300895884516095, 7.958302364254212, 5.325535657507146, 1.8680452188423362, 5.6351057574771675, 2.0176585447236484, 5.953771457225282, 3.203570091468251, 4.126735770218177, 2.5803202076088523, 3.902523236890652, 7.043345662711329]"
tVHA,5.0,0.669938198662,1000,0.0,-8.873950241131,"[9.42477796076938, 8.383967713029737, 3.3920490224660083, 9.42477796076938, 9.42477796076938, 0.19267821558709644, 3.260669383639254, -4.524351715900291, 9.42477796076938, 3.95183437664941, -0.4579551429112816, 3.717363381855972, 2.6796125302501577, 3.5270514054233164, 7.438946622722817]"
tVHA,5.0,0.669938198662,5000,0.0,-8.874727473305,"[9.42477796076938, 9.42477796076938, -0.8568501691410152, 8.36877325021611, 7.043227777078272, 4.9900049807507365, 3.9453015034614585, 4.678663040535016, 1.5648797864358726, 4.595498630844208, 3.7853238336171326, 5.206192362164774, 0.6117802856364757, 4.391178628439425, 6.106774220250318]"
tVHA,5.0,0.673797989548,1000,0.0,-8.873728284707,"[9.42477796076938, 8.597739362749806, 0.43479424570702274, 8.76201289043844, 9.068967183026118, 0.33647068706815175, -0.0015614224008056107, 5.966650499525384, 2.6823284989763074, 1.4336368907304962, -2.317868597219243, 4.656706411736664, -0.7561811828712579, 6.309207757487401, 5.523691420451326]"
tVHA,5.0,0.673797989548,5000,0.0,-8.874753755846,"[9.255631701530394, 9.400694986297037, 0.6664863596036201, 8.648959570460304, 7.706442658205049, 5.061645532633715, 2.150015025296155, 6.081846151346588, 2.254849507889599, 4.396584176152633, 2.741611971426599, 4.616720903948168, 0.16013133255373266, 6.343466979889579, 6.376739146643326]"
tVHA,5.0,0.677657780434,1000,0.0,-8.874303396426,"[8.784565103871632, 9.42477796076938, 4.653063358339464, 9.42477796076938, 7.807644344754363, -0.4110331775282513, 2.1596814706537524, 5.961667920384711, 1.800104361755146, 4.730656466076185, -2.066386701812028, 4.623822548618952, 3.0428909436884775, 5.0439004783854156, 5.181702197517739]"
tVHA,5.0,0.677657780434,5000,0.0,-8.874746869682,"[8.509794984622381, 9.42477796076938, 5.359775376159743, 5.764766223554025, 7.5864908830161415, 3.4444347736275374, 3.8279243713551607, 5.8823019607186655, 1.6373979128221203, 5.309386511515452, 2.4441161769953377, 5.115869726782306, 5.59814319100502, 1.8954622760804847, 5.842806450261088]"
tVHA,5.0,0.681346832573,1000,0.0,-8.873996408619,"[-9.42477796076938, 8.221632159562212, -0.23155630004801367, 9.42477796076938, 8.91084084013158, 0.6469945872286078, 1.612986044017682, 5.486057373628519, 0.26737242098091296, 3.1041534792914067, -0.8795436586162291, 4.145650354709957, 6.686069514135838, 0.7652882692785368, 5.651947758003715]"
tVHA,5.0,0.681346832573,5000,0.0,-8.874672684431,"[-7.820214663439451, 9.42477796076938, 7.841832378136271, 6.954756814845809, 7.271530259816057, 0.49386743257707183, 4.727828292652211, 5.414665271278402, 2.170089815551733, 6.227718732897379, -1.5222364631078764, 5.387119601012595, 7.487155263207402, 3.1296172712787778, 5.808499232891657]"
tVHA,5.0,0.685035884712,1000,0.0,-8.874510454998,"[9.42477796076938, 9.316008739315588, -1.3257547435605854, 9.42477796076938, 7.690053986706397, 3.7762970128531945, 2.451128561661692, 9.252733063474263, -2.0632738586418897, 3.3992321918655017, 2.8312912189203088, 4.823548376050725, 4.244266277728022, 1.8781355036943048, 6.047647399454565]"
tVHA,5.0,0.685035884712,5000,0.0,-8.874678198844,"[-7.057042303832809, 9.42477796076938, 8.080095414617467, 6.653445612030233, 7.481516467592529, 0.6244890690832071, 4.774584036002658, 5.06717124705086, 2.4831049445934537, 6.207253011060462, -1.9546268690045947, 5.48464048993267, 7.920860445401115, 3.0232059459270815, 5.95996465867171]"
tVHA,5.0,0.68870830281,1000,0.0,-8.874539275201,"[9.42477796076938, 9.42477796076938, -1.7166460046304506, 9.42477796076938, 8.310490444791625, 3.936878103717004, 2.1644695450056064, 9.394127498333775, -1.937288517215666, 3.304871030200381, 2.4703546582858804, 4.663381053128014, 3.6799390854556675, 2.176087883398551, 6.473064972965534]"
tVHA,5.0,0.68870830281,5000,0.0,-8.874752041831,"[9.42477796076938, 9.42477796076938, -0.8527588201696843, 8.892235557637914, 7.767589031923494, 4.899877722523688, 3.1766522729685924, 5.612952661646396, 1.3448863392149606, 4.675838621840475, 3.376212296382, 4.841898184484561, 2.1683678929071823, 3.464956687376021, 6.365215650702036]"
tVHA,5.0,0.692380720908,1000,0.0,-8.873922383107,"[0.6217332509970669, 8.38480852545872, -0.16477556730556828, 9.423917792387593, 8.446702124678298, -0.03179983058455796, 4.351312655529064, 5.782578485586663, -0.6330342003708379, 4.36435163236726, -0.33277232690638914, 6.495760825696259, 5.75320909943731, -0.13760840894269588, 5.391061633744408]"
tVHA,5.0,0.692380720908,5000,0.0,-8.874411970343,"[-9.42477796076938, 9.42477796076938, 2.6662175104817654, 9.42477796076938, 8.049102500624338, 0.8822338515306525, 4.773690318239915, -0.4642569519804197, 6.127840119462097, 4.516523708976245, 0.8377125390831563, 4.394273205768692, 5.690430350645022, 1.1792915471178502, 6.1959528938544866]"
tVHA,5.0,0.695898965478,1000,0.0,-8.87438052649,"[9.410731251085423, 8.459258295126435, 0.16205155196654958, 9.42477796076938, 7.835664235823932, 2.2675854903593553, 2.1041731305200018, 7.702970255233424, -1.0348010161315537, 3.8599424403901885, 1.6077345158956207, 5.328296222776944, 5.391361030148304, 0.793625211977142, 6.127574015893834]"
tVHA,5.0,0.695898965478,5000,0.0,-8.874734911721,"[9.42477796076938, 9.374902603713025, 3.4305081608450836, 7.445670242619604, 7.267434184475876, 3.648882465168864, 4.343165328388567, 4.860683972546584, 2.4794820766513324, 5.099259307269928, 2.7696099709225503, 5.241495503548435, 5.281449802862325, 1.931255243426649, 5.93317846158104]"
tVHA,5.0,0.699417210049,1000,0.0,-8.873336172313,"[7.499248152389518, 8.862887400463206, -0.6787921353628601, 9.42477796076938, 9.42477796076938, -0.10666589616695689, -1.6896109775770922, -2.0278851497710555, 9.42477796076938, 1.7141942465179536, -2.1139339336111176, 4.528005751599648, 7.322462118899866, -1.7839153542095747, 5.184507397237625]"
tVHA,5.0,0.699417210049,5000,0.0,-8.87467838508,"[8.413946451962142, 8.938944568554298, 3.5758652766650103, 8.852361273821483, 7.925592454369827, 3.470273042192688, 3.2464030956223207, 3.3842011862896046, 4.655416086025713, 5.354023239225037, 1.965238736231116, 4.397978611875043, 3.870049313704542, 3.952495569826049, 6.5466147347893955]"
tVHA,5.0,0.702935454619,1000,0.0,-8.873964844792,"[0.11009061963350891, 8.90792324758414, -0.25374323665017584, 9.42477796076938, 8.818636221512428, -1.0486821755249611, 2.7041030399473573, 8.160247630131973, -1.897134299477401, 3.234220128249372, -0.48555995385103884, 4.6210812343719425, 5.585741818678319, 1.2835446759312281, 5.3044759400223995]"
tVHA,5.0,0.702935454619,5000,0.0,-8.874683919141,"[8.73585423961828, 8.71051049168521, 3.952998163417906, 8.774422351634719, 7.748201885440782, 3.479574505073044, 3.4052125900123746, 3.3457824108524603, 4.778315084097595, 5.258493129838854, 2.040552955085041, 4.438754554596647, 3.8884782312624324, 4.061519964104933, 6.471871602375721]"
tVHA,5.0,0.70645369919,1000,0.0,-8.873847556988,"[0.7407639982484069, 8.596215082642114, -0.6458137553230565, 9.208833778325712, 9.093414553828039, -0.8106079564819524, 2.0239804653375257, 8.487138146371171, -1.989028336572403, 2.6571441173847816, -1.0820990933555725, 5.195185346027279, 5.499455250770094, 1.0411804942919733, 5.215078199095865]"
tVHA,5.0,0.70645369919,5000,0.0,-8.874549711735,"[-5.48847413843242, 9.42477796076938, 4.69259698108622, 8.77942672098494, 7.108562677661084, -0.39302250717088366, 4.877870668369375, 5.099104783753571, 2.186834606029052, 5.3820351200758125, -0.44406026714316327, 5.454169951953039, 5.785159979006609, 2.521298102997951, 5.665584200995792]"
tVHA,5.0,0.709938148629,1000,0.0,-8.874373282992,"[7.049815028329007, 9.42477796076938, -0.03134108519704622, 9.42477796076938, 8.831151395636395, 2.624964492010856, 2.158622312107949, -0.893699263075806, 7.578588047454674, 4.756662072160691, 0.8414738025890968, 5.354431576299233, 1.338648774891756, 4.7045244539247095, 6.098342794387366]"
tVHA,5.0,0.709938148629,5000,0.0,-8.874772934114,"[9.31960842646315, 9.42477796076938, 0.2826717072664753, 8.723800793017531, 7.787939731833805, 5.039742179015199, 2.463114935985877, 5.303482535198914, 2.7121919427605388, 4.4898305765218, 2.8834502930206183, 4.669179706176657, -0.498668919604201, 6.742667971593071, 6.504909860503016]"
tVHA,5.0,0.713422598069,1000,0.0,-8.874373283082,"[7.049815028329007, 9.42477796076938, -0.03134108519704622, 9.42477796076938, 8.831151395636395, 2.624964492010856, 2.158622312107949, -0.893699263075806, 7.578588047454674, 4.756662072160691, 0.8414738025890968, 5.354431576299233, 1.338648774891756, 4.7045244539247095, 6.098342794387366]"
tVHA,5.0,0.713422598069,5000,0.0,-8.874771145432,"[9.385317427770843, 9.42477796076938, 0.6146855438989648, 8.932777422600795, 7.553558418265119, 4.485987460583549, 3.2595083077382636, 3.993468784935009, 3.523257229457929, 4.794078010905054, 2.807840404037603, 5.099589031233093, 0.8420857675157968, 5.622889119382794, 6.1875268811375825]"
tVHA,5.0,0.716907047508,1000,0.0,-8.874228600791,"[9.42477796076938, 7.902126801483599, 2.918640680050289, 9.42477796076938, 9.42477796076938, 1.788359375831599, 0.927567000874666, 0.8321407727588265, 7.289522370921615, 3.327574705228585, -0.290624304149379, 2.955371946656373, 3.4664152712797707, 3.9670769155186845, 6.447485851533514]"
tVHA,5.0,0.716907047508,5000,0.0,-8.874739384044,"[2.7761467992521083, 9.42477796076938, 6.5487761229807875, 8.389423395241081, 8.153723107105211, 5.027136984042102, 0.5388705433259597, 3.988169350749936, 5.293464330342953, 5.6604655362016745, 0.0470083581038106, 5.165828503082134, 4.179727212137678, 4.906055445016779, 6.807617934015722]"
tVHA,5.0,0.720391496947,1000,0.0,-8.874168785204,"[6.401900178255809, 6.861884627442045, 4.985013410556399, 9.42477796076938, 7.972195170216224, 1.453115044456194, 0.21986925576767458, 3.089798601312431, 5.142119599606492, 2.826025773144661, -0.3053889501226794, 3.296828742786568, 3.805773582246994, 4.777735719984767, 5.3351595754595165]"
tVHA,5.0,0.720391496947,5000,0.0,-8.874724769263,"[8.799537156795328, 8.751459180463762, 3.1049056608176864, 8.715586639821854, 7.613114551064889, 3.9778388252486487, 3.2854370580993617, 3.4485016642457396, 4.47693471541265, 5.119253408784942, 2.331368776896229, 4.855647193552337, 3.1106926610349017, 4.251808791029419, 6.296104310612705]"
tVHA,5.0,0.723871704358,1000,0.0,-8.874167450954,"[9.42477796076938, 9.42477796076938, 1.7661796055570655, 9.42477796076938, 9.42477796076938, 0.8773580188094087, 1.8755448126318222, 1.443572496841728, 6.326031740600092, 4.343236718110303, -0.11338851464835475, 3.4265464230497207, 3.8256048153218467, 3.980750250124123, 5.793483241558452]"
tVHA,5.0,0.723871704358,5000,0.0,-8.874722264394,"[8.46404656447082, 9.007462310938905, 3.9604925811844662, 8.960977561104329, 7.713369216933296, 3.3980736064139405, 3.8510639101413977, 2.958686416228628, 5.287497942615609, 5.527797001840227, 2.0799381684787654, 4.580050354631093, 3.95791636751235, 4.018803041018984, 6.63035498679361]"
tVHA,5.0,0.727351911769,1000,0.0,-8.874227744858,"[9.42477796076938, 8.112251963334469, 1.38525658841743, 9.42477796076938, 9.42477796076938, 1.2919564126673846, 1.4792045301737418, -1.9260252896569818, 9.283216977294815, 4.0379519407997515, 0.013783334551954804, 4.277615845920575, 2.118124098532694, 4.428122801394925, 6.397511745009975]"
tVHA,5.0,0.727351911769,5000,0.0,-8.87474947192,"[9.321915454612164, 9.025278516398334, 1.7894300201289774, 8.746641745525942, 8.185099245431024, 3.9772735199759865, 2.986859295121682, 3.8470142009162482, 4.153817414750763, 5.29304545103833, 2.4687552257917895, 4.676144737141833, 2.635091925349475, 4.377083080117636, 6.335174871918544]"
tVHA,5.0,0.730772198126,5000,0.0,-8.874787534858,"[9.42477796076938, 9.42477796076938, 2.3493575262021142, 8.258921186378267, 6.6430226028597215, 3.0406812013267883, 5.6966123259942645, 2.9762139365035267, 3.833472388970276, 5.029654150521566, 3.046778211250487, 5.601699943764084, 5.417901470797821, 1.5126793709971567, 5.310710059610613]"
tVHA,5.0,0.730772198127,1000,0.0,-8.874581651572,"[6.965713162993326, 8.540084558640864, 1.614747187577747, 9.292166865518858, 6.075417155218174, 0.8589857377921153, 6.07246355294953, 1.513451401758022, 3.533210350582082, 4.5983144384803, 2.7986593955421517, 4.905740215509246, 5.487753210693808, 1.3774083846118943, 4.761217670011308]"
tVHA,5.0,0.730772198127,5000,0.0,-8.874703918437,"[8.122984264011057, 9.298000257545777, 0.7866897484548989, 9.353941152060527, 8.615449559104391, 4.186838233517513, 1.7077549653128208, 5.019686497407949, 3.383374553503325, 5.20394179326547, 2.028815215818125, 4.331422710536813, 1.3651252010978558, 5.480972423593417, 6.72639567725173]"
tVHA,5.0,0.734192484484,1000,0.0,-8.874143018597,"[9.123958205094358, 8.447920171517321, -0.9963860133121377, 9.42477796076938, 9.42477796076938, 0.30278215851933543, 0.9180447336683876, 1.983661386514321, 5.944897006782675, 2.788473530146333, -0.7480764451309747, 5.028183053715258, 2.513096364570007, 3.143843178770219, 5.41742809038365]"
tVHA,5.0,0.734192484484,5000,0.0,-8.874729146131,"[9.42477796076938, 9.42477796076938, 0.619110836759883, 8.885655843042233, 8.262394282874348, 3.996098278033032, 2.698671530341877, 4.630469451332534, 3.465420261564711, 4.789489278397852, 2.334756291047227, 4.769101363645257, 1.9530003077358244, 4.732430480632633, 6.287164544632466]"
tVHA,5.0,0.737523319073,1000,0.0,-8.874117334334,"[9.301867971641018, 8.331990351709571, -0.1830435309733378, 9.42477796076938, 9.42477796076938, 0.34695114932545573, 0.7486212061922378, 3.464400075422361, 4.907548772102434, 2.433385034625208, -1.2811996640816345, 4.758796290545292, 2.3854809940830943, 3.4525388726908863, 5.293358707288197]"
tVHA,5.0,0.737523319073,5000,0.0,-8.874741335939,"[9.42477796076938, 9.42477796076938, 0.05239277387911219, 8.701779197539313, 8.455575695416329, 4.541617689051575, 2.3170112028171443, 5.694711138610675, 2.483036421217693, 4.756734712577159, 2.691251193778777, 4.474208332934427, 1.3530110546965772, 4.947843576108431, 6.610402838719672]"
tVHA,5.0,0.740854153661,1000,0.0,-8.87429920137,"[8.146487480416035, 9.136367958771554, -0.8938584462856878, 8.993360941208472, 9.42477796076938, 2.4935556601318583, -0.5830321763652114, 3.678847750560763, 5.590923991293792, 2.836153804623552, 0.12872188341123653, 4.573272040643847, 1.2955524168188988, 4.287326396009361, 6.59087112514861]"
tVHA,5.0,0.740854153661,5000,0.0,-8.874716724692,"[8.335714947306283, 8.734858049550274, 3.936746837908484, 8.92705781164721, 8.385013191117869, 3.1758882712354373, 2.662943547231934, 3.7635458596194926, 4.873411371600287, 5.414856473070854, 1.5507476322549623, 4.370293254850384, 3.1939191757046794, 4.9081418194062945, 6.403636746271934]"
tVHA,5.0,0.744184988249,1000,0.0,-8.87407968212,"[8.701953984084286, 8.795615411485105, 2.0234876187939994, 9.42477796076938, 9.42477796076938, -0.501675074511221, 1.13932379945292, 2.326100365472094, 5.29489391084536, 3.0436121632375857, -1.5384780264215685, 2.8437126203357934, 6.582089343774799, 0.7597842833222128, 5.5635224908122884]"
tVHA,5.0,0.744184988249,5000,0.0,-8.874687568311,"[7.435045342130197, 9.238964043372766, 2.0422395688628057, 8.785821845043207, 7.60395926819272, 2.950517192557461, 5.766573046444004, -1.7541188183795198, 7.38141068000817, 6.121615172201008, 3.5162816623952864, 4.665675155996778, 5.328664235637723, 1.161564664876309, 6.782562769462935]"
tVHA,5.0,0.747515822837,1000,0.0,-8.8741648898,"[6.892405912677315, 9.178178608377491, 0.09175138253059982, 9.36265558141804, 8.765572779479768, -1.2209704776952788, 6.133691555093328, -5.67716894359501, 9.270641754294099, 6.8299246983065585, 1.6904082271865775, 4.3685337471637, 6.0735909460401185, 0.8977079139314734, 5.544230224463444]"
tVHA,5.0,0.747515822837,5000,0.0,-8.874793117223,"[9.42477796076938, 9.358839877255047, 1.8892956132307372, 8.796406450365822, 7.73976700872973, 3.525010481467569, 3.1497895065318087, 4.850756745523721, 3.36054552539958, 4.934956399133318, 2.1367750539051187, 4.969597395047194, 2.4706481258569593, 4.895399673606553, 5.885290661172672]"
tVHA,5.0,0.750518454113,1000,0.0,-8.874161646773,"[8.02310939476444, 8.989224034994486, 6.08003095814426, 9.366959903753123, 9.42477796076938, -0.2464750059990581, -1.386735234983593, 4.82075590567564, 3.808802488490759, 3.5706725687316965, -2.06852174768278, 1.0306493899105567, 3.8116362108762782, 5.077488552617368, 4.948670775640382]"
tVHA,5.0,0.750518454113,5000,0.0,-8.874740946689,"[9.42477796076938, 8.625906879932838, 2.253522758673827, 9.125627762114501, 7.047841058891041, 3.26030784236138, 4.86705154753065, 1.0547546467900815, 6.019422431969439, 5.202410402058472, 2.7998457688471836, 5.447916620940495, 2.500283436132057, 4.515647698060841, 5.701113614980546]"
tVHA,5.0,0.753521085389,1000,0.0,-8.874253365311,"[7.08587775962928, 7.876408302016891, -0.47591851683698194, 9.42477796076938, 8.694957835316224, 0.19238197121243106, 5.303511642437785, -3.2000738165498976, 6.91304351847894, 6.069293623884006, 2.597418668887626, 4.289054263449289, 0.1896882590739472, 6.294467394861963, 5.290500403870219]"
tVHA,5.0,0.753521085389,5000,0.0,-8.874772345593,"[9.42477796076938, 9.41721132306645, 2.2266842240729208, 8.750901407696883, 7.7988922666054865, 3.517968880263363, 3.0820962790483954, 4.965053946138697, 3.42063304221566, 5.0573883331795795, 2.0205827852583487, 4.863728087804757, 2.7420989395527404, 4.813406925640361, 5.947927109922622]"
tVHA,5.0,0.756523716664,5000,0.0,-8.874831742455,"[9.42477796076938, 9.42477796076938, 1.3603092159814167, 8.767129730806012, 7.572075333890277, 4.078537810832217, 3.2222751810798402, 4.847915213820256, 3.30369501623305, 4.905004314464552, 2.4818088421574167, 5.0591057203423455, 1.7159771529824686, 5.239840846675686, 5.953480900176397]"
tVHA,5.0,0.756523716665,1000,0.0,-8.874383834735,"[8.858936088281364, 9.250908511898775, 0.8765217486021262, 9.42477796076938, 8.699954015182854, 0.5875977840681637, 2.022435968836806, 2.852377172456993, 4.8846860810460235, 3.595150795557272, -0.5178248024205903, 4.612714810026227, 4.375371172329137, 2.634651939209639, 5.689393681279402]"
tVHA,5.0,0.756523716665,5000,0.0,-8.874816439966,"[9.42477796076938, 9.42477796076938, 0.6912187487656027, 8.690622391407548, 7.709896471482111, 4.110772688551116, 3.1911686388574694, 4.693878755562532, 3.15007523167033, 4.788266193256051, 2.623665768106066, 5.0106400072166135, 1.5902038163337693, 4.95274904741124, 6.033016102990543]"
tVHA,5.0,0.75952634794,1000,0.0,-8.874326575435,"[7.935493644450563, 8.001262775562424, 1.0250532419196978, 9.42477796076938, 9.082853390325749, 1.1784231988223117, 2.0985572054025297, -1.8493188332967592, 8.830547365755795, 4.098273970654136, 0.15316404657084243, 5.069886795888383, 1.5213522214937445, 4.578052388894081, 6.016247063121327]"
tVHA,5.0,0.75952634794,5000,0.0,-8.874660776537,"[-1.1455079284168181, 9.209540393250027, 6.499254958148739, 9.110548463204804, 7.07994724997918, -0.6346951234212126, 4.807236605438809, 4.669647025807848, 4.264395411799653, 5.596391072937363, -0.9286296317481134, 5.36793926642698, 5.011306873231167, 4.548426711811288, 5.631673340066927]"
tVHA,5.0,0.762528979216,1000,0.0,-8.873813187891,"[2.909267258253573, 9.109646579202241, 0.2791551988503555, 9.080239389690052, 9.395454916633767, -2.471651024396194, 2.2579186723563027, 4.226459486144032, 3.1229930020035424, 2.2676172575418487, -3.6498225532908712, 6.744864923073139, 8.043460716913094, -1.9617678869641804, 5.1194930552724465]"
tVHA,5.0,0.762528979216,5000,0.0,-8.874894914932,"[9.314238261747803, 9.28838815441001, 1.7264702852883596, 8.991214306967045, 8.182545400237604, 3.810294525032706, 3.2329086061281957, 3.209240090538386, 4.836275514786383, 5.415463312163288, 2.31514984115554, 4.780380702714157, 2.4794816831026276, 4.734678090504078, 6.450823125605132]"
tVHA,5.0,0.765531610492,1000,0.0,-8.874100974874,"[8.581457486648748, 9.218094921884024, 2.7459546103272636, 9.391324452573018, 9.393494876799323, -0.9263425408191419, 0.4404678110540172, 4.791693728479164, 2.8975738877590436, 3.2952740607045308, -2.242285714273231, 2.604826045573465, 5.019449428728285, 2.4763062180948414, 5.317880040012973]"
tVHA,5.0,0.765531610492,5000,0.0,-8.87472038784,"[-2.353648545291328, 9.42477796076938, 3.4441135880346545, 9.42477796076938, 7.410923565732761, -0.840227437023453, 5.000768346676092, 5.296373435990561, 2.286143518243226, 5.328706036633715, -1.4066334402369058, 6.236143761171384, 5.7015524922809675, 2.50863427948432, 5.64959022990594]"
tVHA,5.0,0.768534241767,5000,0.0,-8.874699010012,"[7.395968900836342, 9.028379014935783, 1.6870937389851006, 9.410462330960517, 7.017077546857427, 2.329160034158962, 6.559461845735471, -1.9889646789856283, 7.143208223121651, 6.472867848658293, 3.614075319426046, 4.743875736912612, 5.37660195772117, 1.3161106964169411, 6.369745337298096]"
tVHA,5.0,0.768534241768,1000,0.0,-8.873727058331,"[8.099885487529644, 6.988118888698427, -0.6888537991713851, 9.375631432860356, 9.42477796076938, -2.2625283244005105, 2.2980300982778186, 4.389947221448447, 1.437191639874194, 2.384101191130913, -1.5794422758444329, 5.104500873608759, 4.830879616152174, 0.04435211273880041, 4.821624103612519]"
tVHA,5.0,0.768534241768,5000,0.0,-8.874676796895,"[6.490546766805883, 8.351283301893796, 2.7496692540638836, 9.387120622707332, 7.448054379542421, 1.788967640951079, 6.9519716575755925, -2.5247515239867964, 7.459830792222821, 6.640200894765876, 3.5951232953335936, 3.8855051820959927, 4.889779699948633, 2.148458948741029, 6.824978653578401]"
tVHA,5.0,0.771536873043,1000,0.0,-8.874245003487,"[6.825580643671197, 8.814723860590508, -0.20190857816373925, 9.39797480068092, 8.82475778466014, -0.7388335070106637, 5.656739183215655, -4.139108317133476, 8.030910970950806, 6.3171321679685475, 1.6075005094990598, 4.537737428717812, 5.44972562973533, 1.1817678908301614, 5.2899018799756075]"
tVHA,5.0,0.771536873043,5000,0.0,-8.87488562064,"[9.42477796076938, 9.42477796076938, 1.4453466928111416, 9.120562140445122, 7.683748512053052, 3.37415266073036, 4.51061818381451, 2.687489488523982, 4.564083718623251, 5.362895988948168, 2.8428380043323696, 5.167449358458109, 5.811034958026394, 1.2951506898833034, 6.206574839958113]"
tVHA,5.0,0.774500000153,1000,0.0,-8.874139636185,"[4.088499681769205, 9.424777960769378, 0.040081482428595674, 9.42477796076938, 9.42477796076938, -2.149115515416873, 3.831233751803437, -2.7397302124109753, 8.531785400298304, 3.988579100417345, -1.2622307535535429, 4.806091158407048, 7.086102690386941, -0.34872713845710396, 4.919254602813116]"
tVHA,5.0,0.774500000153,5000,0.0,-8.874790880456,"[8.542645303450016, 8.73642708483977, 1.9338865059162145, 8.59142552609536, 7.25652910876064, 3.7899379119329066, 5.072156448594617, 0.9060535631581875, 5.3452607483258525, 5.817160736586772, 3.682705029392038, 4.846937929880051, 4.483063152956156, 2.05574281907231, 6.149036741415248]"
tVHA,5.0,0.777463127262,1000,0.0,-8.874188131216,"[2.419316211801008, 8.602019812989983, 0.7296619330857128, 8.716042378535851, 8.849277309601705, 0.46792621246574495, 2.2157594416471365, 0.2307058310058101, 6.854480710792446, 3.2372390304809073, -1.9175079629453773, 6.601788240748423, 6.561697882772203, -0.6567078645872562, 5.382176952254966]"
tVHA,5.0,0.777463127262,5000,0.0,-8.874666966666,"[6.708499977063906, 8.467411703345409, 2.258706431326609, 9.42477796076938, 7.110968012766727, 1.704083433605773, 7.307515226090629, -2.781158461513863, 7.297846499300796, 6.73854598922275, 3.793292668107827, 4.078905729190296, 5.323823487110223, 1.4891690895546934, 6.619889060988998]"
tVHA,5.0,0.780426254371,1000,0.0,-8.874135359376,"[7.625045751110697, 8.390983199026248, -0.8943789393224085, 8.529135625895103, 8.625360446727562, -0.4330684034858879, 5.878624358749018, -5.163223431704909, 7.741089121943723, 6.448452054229268, 1.767833536388401, 5.39061741285083, 5.186676980155646, 0.42612733315918183, 4.69773421930932]"
tVHA,5.0,0.780426254371,5000,0.0,-8.874758310024,"[8.763743462341864, 9.42477796076938, 1.8356424185085767, 9.018959961859299, 7.100487272590241, 3.088968175295716, 5.598716370707732, -0.14415275734431848, 6.571217806009989, 5.7309637881978475, 3.185081446509639, 5.324421492275491, 4.7121736120515205, 2.137422661895684, 6.288159480066499]"
tVHA,5.0,0.780426254372,5000,0.0,-8.874706179368,"[8.553862697487986, 9.41799580674942, 1.3347084450162474, 9.171033430593017, 7.272646879665469, 2.840850637000517, 5.81748983298041, -2.1186874445706083, 7.874969487805583, 6.140158815511034, 3.3005097436243247, 5.349860529530188, 4.479927380305735, 2.1161737481073803, 6.2632020270119995]"
tVHA,5.0,0.783389381481,1000,0.0,-8.87432718542,"[7.270031137238803, 8.366448266919026, 0.08246728978236835, 8.987137232312175, 8.490510872448093, 0.3128794994906596, 5.46598613909204, -4.501454196838893, 8.262017219246783, 6.295266402409531, 2.0459778926823637, 4.693682837053164, 4.575277121069148, 1.5214847220732446, 5.452985877014777]"
tVHA,5.0,0.783389381481,5000,0.0,-8.874692645453,"[7.974200653797547, 9.412813391434435, 1.3534922440134105, 9.372041488737276, 7.285158364294144, 2.7151113669118327, 5.788926106945196, -1.196318034777637, 6.9236396630683155, 6.364609023185099, 3.3194843797772133, 4.966766952679937, 5.2916033307747075, 1.4376231472328345, 6.380364149938341]"
tVHA,5.0,0.786316481167,1000,0.0,-8.873696663699,"[7.198719125723404, 8.962930284324202, 0.5491685024348729, 9.42477796076938, 9.42477796076938, -2.64243239850951, 2.6223160333835476, -4.393558761648403, 9.309968042256703, 4.1300453381101505, -1.2909594832671432, 4.1243922889426194, 2.460291684366441, 4.252001163850144, 5.3581433342010545]"
tVHA,5.0,0.786316481167,5000,0.0,-8.874587762862,"[-4.033551252638301, 9.42477796076938, 3.600770676537365, 9.42477796076938, 8.385274199110125, -0.6142168287225034, 4.571663611564176, 2.442559266437631, 5.197626681617779, 5.232558729615267, -0.12816389802247435, 4.255109036234707, 5.043688667444037, 3.0548397115757373, 6.31217284624581]"
tVHA,5.0,0.786316481168,5000,0.0,-8.874724478895,"[9.42477796076938, 9.42477796076938, 2.199993400698034, 9.165578017654175, 7.36582578301485, 2.438755485271308, 4.918647070641566, 2.1285094558871105, 5.279001882952699, 5.192109573458591, 2.0609983538493877, 5.128712797606279, 5.039396688426759, 2.442832761370446, 5.874542826138027]"
tVHA,5.0,0.789243580854,1000,0.0,-8.874126798266,"[9.42477796076938, 9.42477796076938, -0.4589307711864517, 9.42477796076938, 9.424777960769378, -0.45729284570137674, 1.9000608215973738, -2.6922095480319364, 8.844493279002817, 4.486796475054329, -0.6756740775735437, 4.56366794929826, 6.360042312967339, 0.023786314034801408, 5.455487908996036]"
tVHA,5.0,0.789243580854,5000,0.0,-8.874688014551,"[8.920905616250295, 6.296541196546811, 3.713684961602521, 9.1725756058738, 8.447916461102512, 2.541281159613715, 5.168880506437505, -2.5928769763337787, 8.10300916429745, 6.101448589249305, 3.0415072867668336, 4.065957070353003, 2.2617076882675486, 5.0056353933858455, 6.811264727692109]"
tVHA,5.0,0.792166786159,5000,0.0,-8.874777958369,"[8.681711266963946, 8.91188968527361, 3.7945256941892054, 9.045790582657965, 8.654756713126154, 2.066335243723014, 3.9662621957363178, 0.3200781831821116, 7.114853224406698, 5.658714898951198, 1.8271007425475805, 3.913498899198527, 4.029033048307415, 4.244098092073886, 7.091943649591361]"
tVHA,5.0,0.79216678616,1000,0.0,-8.874215621697,"[3.994654626541629, 7.181254772732001, 3.1992761126164826, 9.42477796076938, 9.42477796076938, -0.9730788463374612, 3.253220451293622, -2.9874928426203233, 9.42477796076938, 3.5575762106855238, -1.1906956736976637, 4.158555666449633, 2.4974183058779973, 4.764618941458279, 5.686813139815309]"
tVHA,5.0,0.79216678616,5000,0.0,-8.874664129024,"[-4.6654421752664135, 9.42477796076938, 4.276298378121878, 9.42477796076938, 9.377381813041126, -0.054574780809725026, 4.593654634827257, -0.34238692668935083, 7.1402201428390875, 5.943957664087787, -0.9513264818744467, 4.406757251179077, 4.7619531479209645, 3.741249202976735, 7.567007439179823]"
tVHA,5.0,0.795089991465,1000,0.0,-8.874528639402,"[9.42477796076938, 9.42477796076938, 3.813360211985987, 9.322883666006785, 8.515621427026012, -1.840276890447563, 2.8626271376268115, 4.918184713897549, 1.6388161615771883, 5.144037261735729, -1.8041688865857985, 3.869030251036948, 5.64569401387978, 2.0010211501489747, 5.985250061165674]"
tVHA,5.0,0.795089991465,5000,0.0,-8.875079288967,"[9.42477796076938, 9.196501995574948, 3.358947061471315, 7.478805155201034, 7.561948989192656, 3.3083432508301547, 3.384024745143993, 5.220372009332948, 2.7199943472860157, 4.926513005119288, 2.4353536498593087, 5.040762124159252, 4.265262434934433, 3.3451589415980845, 5.7827679431393335]"
tVHA,5.0,0.797938150499,1000,0.0,-8.874750548855,"[9.42477796076938, 9.42477796076938, 2.492816357295339, 9.42477796076938, 8.389044945614193, 0.1335560150089508, 2.5863857721944847, 5.371833068560065, 1.7488872651425846, 4.95938659108351, -0.315670140567733, 3.9432655482629757, 5.733236190938866, 1.8480905384218551, 5.95274741233781]"
tVHA,5.0,0.797938150499,5000,0.0,-8.875075374561,"[9.42477796076938, 8.604501951764298, 4.171567483710525, 7.0143894305994134, 7.993526992373331, 3.425784465079263, 2.615107018325398, 5.25538532721939, 3.1016456428443133, 4.788549158963194, 2.2949577065928475, 4.590662798324922, 4.3093213789195755, 3.4567855065174813, 5.925566121137853]"
tVHA,5.0,0.800786309532,1000,0.0,-8.874550696343,"[1.9612699756899061, 9.42477796076938, 1.2368136796760199, 9.058082567188933, 9.405322987545754, -0.860537009066341, 3.21107884261818, 5.285641179725204, 2.29041757541118, 4.139887675171141, -1.636453554054552, 5.391611177383361, 6.390399805980769, 1.0056853342485175, 5.003250398823639]"
tVHA,5.0,0.800786309532,5000,0.0,-8.874925689948,"[-4.663602290599298, 9.42477796076938, 5.257751978921141, 8.581253074459521, 7.706971343628919, -0.7159839656173059, 4.473602636422651, 5.184351328404527, 3.214503230963631, 5.573065542601569, -0.7591583834893951, 5.296852629425873, 5.434954340934526, 3.546418979988431, 5.881607791551157]"
tVHA,5.0,0.800786309533,5000,0.0,-8.874933960021,"[-5.462995934768871, 9.42477796076938, 4.808053475634408, 9.334969333714756, 7.346045587221855, -0.44505164645111867, 4.12920931640647, 5.233518748819081, 3.105134660006871, 5.638828675544977, -0.11648892606108563, 5.093323226668058, 4.468237171878002, 4.265977874845433, 5.807866854694969]"
tVHA,5.0,0.803531637079,1000,0.0,-8.874067887159,"[6.897395176504628, 8.491697692333176, 1.358388759202883, 9.42477796076938, 9.42477796076938, -2.463446318088783, 0.8471441543823897, 2.8889895348687276, 4.338128300926347, 2.3318550259196758, -2.728606141724884, 3.6932073421033467, 7.692634691043367, -1.1581645401479763, 5.454786903939154]"
tVHA,5.0,0.803531637079,5000,0.0,-8.875122271254,"[9.42477796076938, 9.21204806038432, 1.67286440232555, 8.421786493361333, 8.388294793173591, 3.0066452389448264, 3.0032042661291407, 4.123763992771262, 3.6532086784743005, 5.285524208895825, 2.2833606116550937, 4.6384107211209, 4.01050606539556, 3.180296986344061, 6.370687945843953]"
tVHA,5.0,0.806276964626,1000,0.0,-8.874419229845,"[8.412675237301539, 8.177517478228655, 1.554417924214126, 9.42477796076938, 9.42477796076938, -1.4756242231593406, 1.7585488361339254, 3.1238795219256543, 4.286988459503689, 3.494604092967108, -1.8648303720678059, 3.7601994751315035, 7.71309348726453, -0.9280423006530865, 5.745386146646328]"
tVHA,5.0,0.806276964626,5000,0.0,-8.875171861378,"[2.2605713950895385, 9.42477796076938, 4.535653771111022, 9.42477796076938, 8.650028717150708, 2.152741577109352, 1.7763820799737688, 2.886396498383421, 5.237468896530861, 5.905208198952432, 0.12165840442979384, 4.347438886856352, 4.2256911863615425, 4.375484296293923, 7.073124175412706]"
tVHA,5.0,0.808969140585,1000,0.0,-8.87439603266,"[7.674056372352685, 7.532008272763823, -1.5044026332857952, 9.342352574106854, 9.42477796076938, -1.016847870951806, 1.6720533843267655, 4.402617187379427, 2.477734884725036, 3.235154172828026, -0.8893450059566202, 5.483843258862393, 4.274658654065314, 0.3304915214051077, 5.818934547423998]"
tVHA,5.0,0.808969140585,5000,0.0,-8.875207648743,"[9.42477796076938, 9.42477796076938, 1.6138832421529714, 8.372470885563398, 8.172075086482792, 3.0508022633839835, 3.659192672998517, 3.7323620763959733, 3.597993711894132, 5.481749305720207, 2.5654174956906726, 4.884247512050983, 5.880176359247426, 1.0924147360386698, 6.608990970785146]"
tVHA,5.0,0.811661316544,1000,0.0,-8.875189429485,"[9.42477796076938, 9.043138858923488, 0.27022185666176834, 9.42477796076938, 9.42477796076938, 1.7790833795896575, 2.0436620546003894, 5.700145816316942, 2.174398211422779, 5.533276652527263, 1.503495840188875, 3.743030319792604, 5.8098505516503245, 1.8465348003671633, 6.354099376253616]"
tVHA,5.0,0.811661316544,5000,0.0,-8.875334860038,"[9.42477796076938, 9.42477796076938, 1.5172556889363842, 8.580380675038786, 7.46481537209225, 2.3648441494062427, 4.469674937254285, 4.818927174601122, 2.0775835781092242, 5.449649188529401, 2.5529914390573145, 5.374897722295847, 6.5272144109048185, 0.58362870680724, 6.02011824273227]"
tVHA,5.0,0.814254140714,1000,0.0,-8.87471542742,"[9.42477796076938, 9.130604986162208, -0.5350854492945724, 9.42477796076938, 8.669115579829938, 0.34121219475331405, 1.2291932326821229, 6.347539950732852, 2.440999161164288, 2.3460491962858905, -0.3422975349040261, 4.655412356083481, 5.257108239176292, 1.749780689259315, 4.9038921254648855]"
tVHA,5.0,0.814254140714,5000,0.0,-8.87525557901,"[9.42477796076938, 9.42477796076938, 0.12884953239062436, 8.781985594980338, 7.956665541242663, 3.6994911343114536, 3.009614097656631, 3.9227272551802232, 3.819070233531525, 4.984758472552308, 2.6486164527285014, 4.8557532929457246, -0.07134251726196066, 6.479672187674064, 6.450870833098948]"
tVHA,5.0,0.816846964884,1000,0.0,-8.87489926962,"[8.248181876202516, 9.42477796076938, -1.486860660382038, 9.42477796076938, 9.043528840232161, 2.809989850781421, 0.8423905647006158, 6.218200915264222, 3.0568289662152797, 3.1893151494806666, 0.5980845572994737, 5.229187639450624, 2.854410762623843, 2.7076532975268246, 6.415265631684932]"
tVHA,5.0,0.816846964884,5000,0.0,-8.875152258932,"[9.42477796076938, 9.42477796076938, -1.3133385692300787, 9.046054211120921, 8.730165989249434, 4.203135203033896, 1.9709152206797522, 6.603225849521374, 1.5121023477008535, 4.728510222921139, 2.8220669181427276, 4.040576333676835, 1.9904565385450752, 3.9926671935539746, 7.030640813408299]"
tVHA,5.0,0.819439789054,1000,0.0,-8.874893087358,"[9.424647195326093, 9.337657324684812, -2.0975152990879065, 9.42477796076938, 9.220361012903087, 3.104495416823842, 0.7416997693814946, 6.389093585772042, 3.3241997212219188, 2.8334525968167865, 0.9930388292558741, 4.988490274789662, 2.6821440714362197, 2.7451185611215343, 6.3894323584356645]"
tVHA,5.0,0.819439789054,5000,0.0,-8.875142606021,"[9.42477796076938, 9.42477796076938, -1.9026835796341153, 9.367306334155856, 8.430270821618029, 3.999415881739774, 2.5557111153346903, 6.928873776238801, 0.7660577883083597, 4.470530961751258, 2.980308348499074, 4.372022143610066, 2.6322368406496617, 3.230356888501491, 6.761491876192709]"
tVHA,5.0,0.822032613224,1000,0.0,-8.874893087357,"[9.424647195326093, 9.337657324684812, -2.0975152990879065, 9.42477796076938, 9.220361012903087, 3.104495416823842, 0.7416997693814946, 6.389093585772042, 3.3241997212219188, 2.8334525968167865, 0.9930388292558741, 4.988490274789662, 2.6821440714362197, 2.7451185611215343, 6.3894323584356645]"
tVHA,5.0,0.822032613224,5000,0.0,-8.875258481864,"[9.42477796076938, 9.42477796076938, 2.2742613655516744, 7.049338976905691, 6.706343859220283, 3.3921264283819905, 5.898963992675007, 0.5909552849543086, 5.930456953998322, 4.353854314023701, 3.6583595503899513, 5.380771970033122, 7.937088134883195, -2.1244322213019764, 6.273351909314348]"
tVHA,5.0,0.824556908109,1000,0.0,-8.874903329537,"[9.42477796076938, 9.42477796076938, 2.1626890379103507, 9.101191038107796, 5.314292319360088, 0.6376381860920769, 6.209113491036623, 0.7995109617814882, 6.409009920629583, 2.3172085993178615, 0.782198823057916, 6.3901830376561835, 8.868972286617534, -2.195484397551641, 4.740812261687086]"
tVHA,5.0,0.824556908109,5000,0.0,-8.875197586657,"[9.42477796076938, 9.42477796076938, -3.6608094006131955, 9.42477796076938, 9.038043849395468, 3.092710922065086, 3.074677428276207, 6.310340230635472, 1.0138560051230507, 4.321930954018088, 2.8595212373469696, 2.752405227962697, 1.3714067640696874, 5.205323797213921, 6.754021224753659]"
tVHA,5.0,0.827081202994,1000,0.0,-8.875007662416,"[6.4469324310777445, 7.118318673859779, -3.929030449642314, 9.174805738337827, 9.42477796076938, 1.8627200421284371, 2.7557068195969054, 5.117530604564582, 1.972668759279852, 2.6975490763414305, 2.102397236747609, 4.367965564985605, 1.7287875100714023, 2.899553892269646, 5.32302694231207]"
tVHA,5.0,0.827081202994,5000,0.0,-8.875100962787,"[-3.7387854431878313, 9.42477796076938, 3.458299860586159, 8.527340916845063, 8.822832232980607, -0.17066375084238938, 3.932558302715613, 4.165144610703704, 3.5049734731791227, 5.632640687833089, -1.1136442100255923, 4.828972728031198, 6.868366664957754, 1.6102343922452216, 6.27805994353937]"
tVHA,5.0,0.829582902279,1000,0.0,-8.874570613389,"[8.44355785330809, 8.768646074452674, 2.8799763506656397, 9.42477796076938, 8.456170204996587, -2.8128494047532233, 3.2062582010422225, 4.131214694051852, 3.0414245999641745, 3.51501191402343, -2.466272031376774, 3.7793331983674525, 6.773583982226796, 0.8129225629012768, 4.843038958380252]"
tVHA,5.0,0.829582902279,5000,0.0,-8.874975633966,"[-1.9391471545242978, 8.891920907466023, 4.549717074239837, 8.044333534784716, 8.874313486531474, 0.06409282768713968, 3.4432464112885226, 2.7944463411023146, 5.3313783829554815, 4.6111867154541955, -0.7429844600454887, 4.054228724139847, 6.273276000438386, 2.322765126854401, 6.041480313779226]"
tVHA,5.0,0.832084601565,1000,0.0,-8.874397034647,"[8.563244306400392, 9.140646806430405, 2.7773322731923873, 8.695844746215224, 9.094591954219524, -2.099911357150806, 4.01235386339272, 4.217639766947173, 3.1814284744572667, 3.7918842563320494, -2.6667133709306534, 4.648900707037409, 7.819028907900005, -1.1668159821339779, 5.489893372394074]"
tVHA,5.0,0.832084601565,5000,0.0,-8.875171670366,"[9.42477796076938, 7.816177266239684, -0.2945114164446524, 9.055754967187996, 7.501387547988503, 2.7410694124569783, 4.774502592433632, 1.7231645011863905, 3.96960712130298, 4.875028622404687, 3.000044813876366, 5.922593681715185, 5.818875153516485, -0.47158278050154145, 5.191365970558257]"
tVHA,5.0,0.834563890024,1000,0.0,-8.875096615293,"[7.244416820997381, 8.995438715670277, 2.0087103919938762, 9.42477796076938, 8.729718360885276, 1.7647776810717566, 0.47414711283845923, 7.414766682553445, 2.361951483249525, 4.765640841495655, 0.13917585579177477, 3.651552496416301, 2.5662777606058738, 5.889716176051898, 5.675058014825007]"
tVHA,5.0,0.834563890024,5000,0.0,-8.875295529957,"[9.42477796076938, 9.42477796076938, 2.002254393920677, 8.54732350921634, 8.647619270847244, 3.6852179272987775, 1.5953491208129802, 6.290358501265079, 2.6675983831719936, 5.983397258864904, 2.518538691722671, 3.6057973272413815, 0.6552191218119787, 7.690146131180822, 6.343605334529581]"
tVHA,5.0,0.837043178484,1000,0.0,-8.874964793774,"[0.5280809351076452, 7.4025123340046495, 1.914274689406711, 8.954775375990799, 8.528726986304939, -0.600659945015291, 2.160938700702215, 6.561736397103116, 2.127474860524211, 3.9971831382375074, -0.5638830172275906, 4.059636468885386, 1.891823811100777, 6.157912187032574, 4.211929705347915]"
tVHA,5.0,0.837043178484,5000,0.0,-8.8752923593,"[9.42477796076938, 9.085871897256997, 1.3318531479181202, 7.349434830732713, 7.862731056171061, 2.970258009501026, 4.923758405031789, 2.7623808532206677, 3.4900608490286382, 4.9965351660019115, 3.398849212523949, 5.08948385076317, 9.42477796076938, -3.1695731700649263, 5.9557860340875575]"
tVHA,5.0,0.839500644898,1000,0.0,-8.874749883339,"[3.9111265441323426, 9.04666528610255, 0.32096962467947854, 9.154152246722843, 9.378316529060292, -2.1720735786763132, 2.256205885445411, 3.240785888158528, 4.543965740436658, 2.9233011339857735, -2.809278412510858, 5.269361564303194, 0.30310566339852885, 6.301242348885281, 4.913099160269262]"
tVHA,5.0,0.839500644898,5000,0.0,-8.875137101939,"[-0.11364100981670022, 7.182243497624581, 0.1016216934773359, 9.42477796076938, 8.61050025597422, 1.0844759387309044, 1.434539721917515, 5.708430689742464, 2.649087610240122, 3.788788411466881, -3.0038844269959633, 6.87611101820271, 2.1808686374079644, 5.755777758488938, 4.782830302472628]"
tVHA,5.0,0.841958111312,1000,0.0,-8.874753501757,"[6.336037645448011, 7.100043983028071, 2.046438746918363, 7.119305035854491, 9.42477796076938, -0.6471044381639337, 3.0170408922453293, 0.5861372947964085, 7.100119035908236, 2.7646869532200835, -0.32669401917514684, 3.6809976062859, 7.583100666663924, -0.9163826611160829, 5.3578407661431475]"
tVHA,5.0,0.841958111312,5000,0.0,-8.875013441138,"[9.42477796076938, 7.281025030040746, 1.982328913364346, 7.759654632492184, 7.971521337043361, 0.7864734265858351, 4.587577584429241, 1.1178119429429154, 5.456852914961772, 4.067944807062132, 1.7822368688837367, 4.0846135509863615, 6.975928842717327, 0.40093511218733724, 4.890942016293912]"
tVHA,5.0,0.844413398225,5000,0.0,-8.875204609947,"[9.42477796076938, 9.186341338518172, 2.547042268057627, 8.848181298015891, 8.633441018693256, 2.4228161921541647, 1.6920079222012636, 5.830460488709178, 3.2580580271209807, 5.519500698353755, 1.6471627540089906, 3.6582868313179207, 1.9594795401330098, 6.830546526202648, 5.761581262800302]"
tVHA,5.0,0.844413398226,1000,0.0,-8.874845939075,"[0.5925544184683195, 8.451890036487363, 2.2548527105298137, 9.341801304915293, 8.886121234257164, -0.5416084548678524, 2.798790827123941, 1.7238861307682676, 6.705970006511194, 3.9710013882792845, -0.6065783968303696, 3.26961454687864, 6.847302404123987, 1.7450566338606888, 5.232118001409447]"
tVHA,5.0,0.844413398226,5000,0.0,-8.875148343732,"[8.064661749734643, 9.42477796076938, 1.092453767055959, 9.203429219151065, 8.194917593938815, 1.7083337641552685, 2.2263760840588094, 4.979967662173456, 3.6656880623868844, 4.421099456943855, 0.8533264864701816, 4.166100672192701, -1.1518986837580385, 9.06997010893276, 5.205382518544574]"
tVHA,5.0,0.846868685139,1000,0.0,-8.874732030053,"[2.851311229487316, 9.347318795231097, 0.1710899786781684, 9.42477796076938, 9.42477796076938, -3.188843412999324, 3.78570872307236, 5.28847987665584, 2.7739816365614365, 3.262322267474783, -2.9410916472007878, 5.656966294397355, 4.896329135800115, 2.508924365511728, 4.760123368596312]"
tVHA,5.0,0.846868685139,5000,0.0,-8.875156910717,"[-6.732108956245208, 6.9434194384063685, 1.4099967963717823, 6.6763153489517775, 9.42477796076938, 2.2554041333006776, 2.3318668030275287, 1.4410241887823294, 4.876105904219813, 2.921747774722186, -1.4235031461938037, 3.9745844771807577, 8.264064028553271, 0.08389057056063555, 5.116650275463578]"
tVHA,5.0,0.849323972053,1000,0.0,-8.874752239742,"[8.06142514587744, 6.212263033392702, 2.5679559517203208, 7.319106439587664, 9.42477796076938, -0.5250844824903573, 1.371408964437713, 1.2429621250595988, 6.325123618201145, 2.5119338413878056, -0.4074806174634545, 3.354786121769553, 6.4286535740161375, -0.5557635275604529, 6.229579665479078]"
tVHA,5.0,0.849323972053,5000,0.0,-8.875070246369,"[-0.23256249283781005, 8.58076961213812, 2.4160229034532517, 9.42477796076938, 8.13125014315444, 1.55766201767752, 1.182648152646234, 6.364691939084624, 2.0210405789440067, 5.188413155451863, -0.672039423771154, 4.769130652418957, 3.6461878602181623, 5.077453404073914, 5.086296644171185]"
tVHA,5.0,0.851779258967,1000,0.0,-8.874469356723,"[5.17488950333792, 9.42477796076938, 0.9061913593461545, 9.341403537789994, 9.42477796076938, -2.7396509873853256, 1.3958179701933597, 6.6630127625241204, 2.0678191171450897, 2.14398547924766, -3.55240968576971, 4.347755481339512, 5.58939358153556, 2.184229646170666, 3.94470246878181]"
tVHA,5.0,0.851779258967,5000,0.0,-8.875117381571,"[-0.4762606236957815, 8.417374555797785, 1.3185419839947625, 9.33842876882124, 8.037385167127248, -0.4064429165701673, 4.478458352522209, 4.348374859967289, 3.2257381897000323, 4.398939487547721, -1.1833302030259683, 5.965326398132774, 8.651792316923087, -1.269309004742889, 5.1158584858730265]"
tVHA,5.0,0.854197659367,1000,0.0,-8.874520812635,"[8.786852464187405, 6.533554102018082, 0.5568614418065303, 9.42477796076938, 9.293412314908222, -0.9561828121178295, 1.4479618251282682, 4.866996798838439, 3.510631164896261, 2.456347054718067, -1.8229029111825124, 5.540142198291052, 9.283838177049919, -3.916326274235694, 4.961680649425386]"
tVHA,5.0,0.854197659367,5000,0.0,-8.875111222586,"[-0.666261085081515, 8.560905639687267, -0.5524192710582774, 9.42477796076938, 8.665569796873557, 2.1537242359757323, 1.660507085982355, 4.605741407162665, 2.6994114618564415, 4.341810088524172, -3.07535815917236, 7.353494307324004, 3.418928680600323, 4.660132604781646, 4.8184451152489975]"
tVHA,5.0,0.856616059767,1000,0.0,-8.874495623504,"[8.43672186120773, 7.606915371678432, -2.0415255076389762, 9.396656840598787, 9.342008727451992, -0.21414524053575873, 1.0880896454118285, 3.895265597742603, 4.318506908899447, 1.7362865903162958, -0.5818034085033107, 6.039986423140152, 4.321385640600969, 0.14104651694343823, 4.186141431483321]"
tVHA,5.0,0.856616059767,5000,0.0,-8.875330128881,"[-0.1686970978017005, 9.42477796076938, 2.2271018469901667, 9.42477796076938, 8.216252573000013, 2.018660743449115, 1.9653194253687087, 4.430634911823067, 2.9980869749632335, 5.8752705639979625, -3.9203890545918103, 8.353919794102293, 7.476828542646535, 0.9371772768771127, 6.570025307823893]"
tVHA,5.0,0.856616059768,5000,0.0,-8.875234985384,"[-0.07037737781899561, 8.293497095022062, 1.2432409989676496, 9.42477796076938, 8.47432513064728, 0.8848204788902985, 2.365407879201449, 2.3839689747771193, 5.114584499457481, 4.733113430475965, -4.18160982531349, 8.528520605249124, 7.860985449544197, -0.16839639212770535, 6.068767805882096]"
tVHA,5.0,0.85889372914,1000,0.0,-8.874795628292,"[4.843552488772657, 7.94881246681303, 0.03842446047040697, 9.42477796076938, 9.42477796076938, -0.6769631424407527, 0.5838505629339936, 1.786433987250865, 6.750737665032039, 3.002035726914502, -1.9107635796927478, 5.192155408599081, 7.780021314683604, -1.4612277135849947, 5.35692578132722]"
tVHA,5.0,0.85889372914,5000,0.0,-8.87526612614,"[9.42477796076938, 9.42477796076938, 1.3101248498796947, 8.853691964159173, 8.090349996183306, 3.0350848700974398, 3.736771042341572, 2.9951473185468442, 4.461207383785688, 5.543471242013283, 3.1416279937937084, 4.1719893543656745, 8.202267187978155, -0.5508226950928405, 6.43754420017153]"
tVHA,5.0,0.861171398512,1000,0.0,-8.874865741252,"[9.42477796076938, 8.46147812494328, 0.6896121740751461, 9.423368308454421, 9.42477796076938, 1.8271595110605148, 0.3994401451738697, 1.59612126561942, 6.804041672738816, 4.316816972886297, 1.0388795151671828, 2.9557576583002794, 9.42477796076938, -2.1572157832597965, 6.566857826721304]"
tVHA,5.0,0.861171398512,5000,0.0,-8.875076891566,"[-0.9473211377707411, 9.42477796076938, 2.0837798376614884, 9.42477796076938, 9.09855218520296, 1.4773996141330783, 1.1442475607463947, 4.198361440942504, 3.6625622955804094, 5.19224088914884, -1.467259763125448, 4.693137201343188, 7.392370268795303, 1.4933668975233034, 5.963688475388671]"
tVHA,5.0,0.863414474632,1000,0.0,-8.874405338552,"[8.768834453853334, 8.412780316496207, 0.3199952260207998, 9.42477796076938, 9.42477796076938, -1.4958529270440355, 1.0516782761759615, 3.9804154737429283, 4.82706926768023, 1.7654837965207448, -1.385504644722234, 3.5084773668694167, 9.42477796076938, -1.3105666873943314, 3.4640169552413655]"
tVHA,5.0,0.863414474632,5000,0.0,-8.875083501726,"[0.5116107192425512, 9.42477796076938, 4.559078237854342, 8.363446896809029, 8.552396290401244, -0.853796262853296, 3.7941271348797834, 4.940153361198069, 3.2139244082416787, 5.729803594855831, 4.059055371231709, -0.35527587881245626, 5.461198326948439, 3.5824416421478342, 5.900254690481189]"
tVHA,5.0,0.865657550752,1000,0.0,-8.874132643643,"[8.000642768484484, 9.176820619362044, -0.5560501932988317, 9.42477796076938, 9.42477796076938, -2.013523092253589, 0.7155915864489621, -2.2741519130449888, 8.83939537599904, 3.4016144545080227, -2.158678057821455, 4.231367590906219, 9.42477796076938, -3.4838607530143793, 5.084725416622218]"
tVHA,5.0,0.865657550752,5000,0.0,-8.875137007517,"[-2.0564654052170575, 9.42477796076938, 4.02424344661228, 8.82558025579814, 8.118825161817679, 0.5364593880898132, 2.4541360183859666, 4.994713217125995, 3.455159577668349, 5.142911885984585, -0.922533104194623, 4.402989480870684, 6.457169021969241, 2.926846010349439, 5.62392226338066]"
tVHA,5.0,0.867900626872,1000,0.0,-8.874384994423,"[5.169680600573382, 9.42477796076938, 1.1701548769422265, 9.361634898747148, 9.42477796076938, -2.465000050548504, 1.815451690576877, 5.604536971659061, 3.4192146065211664, 1.8620618494249124, -2.953303544149064, 4.240126931044236, 9.32710353670374, -1.0076412865092077, 3.8183093961355676]"
tVHA,5.0,0.867900626872,5000,0.0,-8.875152029706,"[0.9794600128956847, 9.42477796076938, -3.731783790171246, 8.944559198173842, 9.256373470476849, 4.995570398852928, -1.4813678642868076, 7.466159396880263, 1.399154003038475, 2.4077215806042376, -1.6408271142138098, 5.188119292377469, -0.3075611418111971, 6.446106737795138, 6.8615116650810615]"
tVHA,5.0,0.870143702992,1000,0.0,-8.87505927905,"[2.8338249406893157, 9.42477796076938, -3.794254322252595, 9.27074357549624, 9.316805476495288, 2.0684615921260527, 1.274715468114576, 7.034675575926002, 1.9032604208831299, 2.200773198160757, -0.47792050834590694, 4.916817175952634, 0.2640171311056468, 5.172349635715079, 6.501150389159005]"
tVHA,5.0,0.870143702992,5000,0.0,-8.875020593502,"[9.42477796076938, 9.37697944183035, -1.4150475689764068, 9.40864110768656, 8.791023830135122, 0.8126895314140888, 2.845276919022892, 6.813147012425342, 1.5043081483032434, 3.489071298098562, 0.5304166907372778, 4.123414563406321, 3.111662797557922, 4.376596176166978, 5.061636970708841]"
tVHA,5.0,0.872386779111,5000,0.0,-8.87503680893,"[-2.406188296679111, 9.42477796076938, 2.1680552002580535, 9.42477796076938, 8.509361991876045, 1.3977121401734829, 1.834537503825975, 4.680443562045127, 2.6232646623575455, 5.570791687150651, -2.1200617194513987, 5.2533332373694135, 9.17205230652848, 0.08344309876271577, 6.107117669420455]"
tVHA,5.0,0.872386779112,1000,0.0,-8.87471467592,"[4.624511187363626, 9.42477796076938, -0.5958463538519881, 9.368854064232456, 9.42477796076938, -2.2586450328173733, 2.649880369243218, 7.590194777327556, 1.6586209664313705, 2.4152556975676776, -2.455275152689598, 4.353415069040128, 4.038125244914964, 4.382579932562337, 3.709160757806875]"
tVHA,5.0,0.872386779112,5000,0.0,-8.875068622794,"[-1.6991704665673537, 9.42477796076938, 2.6185727841555897, 9.42477796076938, 8.514327218825388, 3.1619865335084785, 0.24594858280980103, 3.5266004419676813, 3.858111986235923, 5.596392740569252, -1.927943573046429, 4.950654599367391, 8.9301666464651, 0.6622790973314364, 6.313414590350398]"
tVHA,5.0,0.874629855231,1000,0.0,-8.874672349633,"[2.4340374641098586, 9.42477796076938, 0.3278276276002706, 9.42477796076938, 9.42477796076938, -0.8324546778534055, 2.0926466821776892, 2.658017850631763, 5.540388792259636, 3.827505991807147, -3.162301972356626, 6.259829039040394, 9.42477796076938, -2.301352123186858, 5.15481546213738]"
tVHA,5.0,0.874629855231,5000,0.0,-8.875044653176,"[8.620197187346912, 5.760178738932319, 0.5870097614493719, 8.973948092406157, 8.021210274854766, 3.3871084492945656, 2.4297702258427707, 3.890866847096546, 2.5544116146128717, 5.190722243660661, 3.3635396888030638, 3.911826368900474, 1.6638320198908492, 3.9418370234667353, 5.980757986487965]"
tVHA,5.0,0.876872931351,1000,0.0,-8.874933415212,"[6.568001024423298, 4.812207956599432, -0.8139902345500293, 9.42477796076938, 7.935230402056644, 3.3681381130326944, 1.6635035177987132, 2.4419642505998906, 4.094924882694999, 3.835293177661952, 3.9218533828001085, 3.7507289047691277, 3.0584184527514005, 1.6613008033858647, 4.975350823933869]"
tVHA,5.0,0.876872931351,5000,0.0,-8.875054882219,"[2.910656985956537, 9.335125539061632, 1.0834430197402998, 9.42477796076938, 8.447654209558515, 1.7701675349652437, 1.2873185105743228, 6.7798427984130605, 1.521589862955512, 4.929431623412865, 0.5079167954678427, 3.892194182358331, 3.263874413089355, 4.729514708773041, 5.456224862772463]"
tVHA,5.0,0.879116007471,1000,0.0,-8.874904088065,"[4.339278307011645, 8.233273334273452, -4.134408771465194, 9.42477796076938, 9.42477796076938, -0.5893361380180355, 4.972303596068027, 4.20114467882102, 2.1784251129356877, 2.7205696414164304, 1.3525635955855284, 4.604251053159063, 3.401120664390637, 2.36565825856355, 4.173973072824509]"
tVHA,5.0,0.879116007471,5000,0.0,-8.875039266156,"[9.42477796076938, 9.42477796076938, -3.7449281517650523, 9.42477796076938, 8.588153345114142, 0.9650127088324736, 4.641242856932321, 5.77694959808432, 1.2942685880036109, 2.786498435389882, 1.3540943835463257, 5.064571767325174, 3.1864038091117983, 3.2470725979003845, 4.380272500599096]"
tVHA,5.0,0.881263055525,1000,0.0,-8.874894686859,"[7.567390398227328, 7.062983965187238, -5.973253511590245, 9.42477796076938, 9.42477796076938, 0.44001913718604924, 8.933141189434759, 5.7962700731034165, -3.7336505195544887, 1.9865616113640967, 1.919189654992583, 3.660652274117999, 2.9737183925130566, 2.9581955826513897, 4.601986828294116]"
tVHA,5.0,0.881263055525,5000,0.0,-8.875010549404,"[-0.3232949572616659, 8.814878277549784, 1.3237060568017252, 9.42477796076938, 8.909703994750739, -1.3023997541502865, 3.535280726177866, 5.532232968611968, 2.9965699563816606, 4.700208103009607, 2.651677337902023, 0.9690232192535467, 2.9510275588556887, 5.320074805829353, 5.091939951298793]"
tVHA,5.0,0.883410103579,1000,0.0,-8.875054175087,"[9.42477796076938, 8.927326016871882, -3.1658760161793724, 9.14706759144558, 9.42477796076938, 1.261730147324783, 2.1431863724655247, 4.620075321293381, 2.6749076905506812, 3.77789713590625, 1.4561124559870702, 3.284195144969501, 1.2437745783314123, 4.911360667991973, 6.236861624002312]"
tVHA,5.0,0.883410103579,5000,0.0,-8.875180917757,"[9.42477796076938, 9.42477796076938, 0.4175599176603003, 8.79640715496614, 9.339065722848378, 2.9784769352340907, 1.9191069354355967, 5.297391588520647, 2.7584980021802465, 5.897541969926289, 2.4751599938881443, 3.1827851827000453, 2.582924040195147, 5.290927327598341, 6.584775616570865]"
tVHA,5.0,0.885557151633,1000,0.0,-8.874902532061,"[6.383124533573434, 9.42477796076938, -7.292999008593244, 9.42477796076938, 9.42477796076938, 0.5140557259668516, 5.712330510230606, 7.75203151189349, -0.9766317222904097, 0.8309225598935541, 1.5036087173780044, 0.7195505163243663, 0.7755025397866147, 6.204313050018488, 7.405692989609667]"
tVHA,5.0,0.885557151633,5000,0.0,-8.875111096208,"[9.42477796076938, 9.42477796076938, -9.044906314765264, 9.42477796076938, 9.104608087798066, 1.8770300703301372, 8.246220068975624, 4.968665616321886, -0.9226306588359943, 1.4668353306491924, 2.255065751823423, 1.9834991129388162, 0.015160362908966659, 5.711628018873835, 6.97447748359012]"
tVHA,5.0,0.887704199687,1000,0.0,-8.875137102202,"[8.67729050768786, 9.42477796076938, -9.42477796076938, 9.42477796076938, 9.42477796076938, 1.5991895802052885, 7.557097964408244, 5.29841594481338, -0.0670483250138724, 1.1531942386196845, 1.9553491336163746, 1.1692124066719418, 0.2806520032844869, 6.16992424926288, 7.23264541414923]"
tVHA,5.0,0.887704199687,5000,0.0,-8.875175871826,"[9.42477796076938, 9.424777960769378, -8.788661740093545, 9.42477796076938, 9.283073722781356, 1.4122418538174353, 8.190718470060673, 4.411455677914711, -0.8039231250786245, 2.281166505346707, 1.894044979677804, 1.7600728160355603, -0.981837351169374, 6.297077279082897, 7.986840229129156]"
tVHA,5.0,0.889752779626,1000,0.0,-8.8748335762,"[8.603184442853305, 9.42477796076938, -4.283449298645698, 9.42477796076938, 9.42477796076938, -1.673371002860252, 5.316443961339498, 6.143114030904362, 1.3459895688510666, 1.9608754049237325, -0.2891334085220448, 3.780723800674224, 4.438498007109935, 4.489903175976323, 2.5933124379314227]"
tVHA,5.0,0.889752779626,5000,0.0,-8.875129407592,"[9.42477796076938, 9.42477796076938, -5.57511042335121, 9.42477796076938, 8.759156849624148, 2.075008247043634, 5.367344787180665, 5.617994444324628, 0.38394290904819733, 2.8756716725869262, 2.5601401902188683, 4.115554519048519, 1.8574247632194645, 3.8509896293132666, 5.36033167646327]"
tVHA,5.0,0.891801359566,1000,0.0,-8.874918331978,"[7.157875005834908, 9.135072348437648, -3.8740433386000017, 9.42477796076938, 9.399384282138609, -1.3323163146246424, 5.091453955667817, 6.324281382107639, 1.2550465166524205, 2.0726445485283453, -0.03500945821287236, 3.762344628025522, 3.8336826068576317, 4.5499695560050775, 3.372544157066765]"
tVHA,5.0,0.891801359566,5000,0.0,-8.875113070107,"[-0.42265237618342133, 9.285013526031154, -2.814680852897117, 9.42477796076938, 8.877844805245891, 5.261547037173099, -1.1631294809755701, 5.011694388897673, 2.4009944203861013, 3.5623589143358054, 0.07913661059724339, 3.9517019900660433, 1.4615131360585416, 6.1045990846053595, 5.201230305829827]"
tVHA,5.0,0.893849939505,1000,0.0,-8.874884090676,"[7.675257880430181, 9.09042155309818, -3.5140738828580895, 9.42477796076938, 9.42477796076938, -1.3217797607496202, 4.705703782173964, 7.016762222883493, 0.959700951302076, 2.056781442177119, -0.3283835018234037, 3.723512766944881, 4.027213472273701, 4.545282630855715, 3.2987183924483108]"
tVHA,5.0,0.893849939505,5000,0.0,-8.874943337909,"[-1.8994908159499757, 7.7581963767448885, -6.95751714407184, 9.42477796076938, 9.42477796076938, -1.397136965975654, 9.42477796076938, 5.242316923462871, -1.0921514792382019, 2.021232855015217, -4.834026674806083, 5.649488743212191, 2.088146244632334, 7.480288646272335, 5.52452069625409]"
tVHA,5.0,0.895898519445,1000,0.0,-8.874784195278,"[6.374924203786819, 6.019376770199535, -7.569693099786935, 9.419233718798486, 9.42477796076938, 1.172660566761574, 4.990590561253791, 4.611188609430689, 1.1385862233197948, 0.4015988646452726, 3.1750975875147613, 0.7867896360073593, 0.9418279251444144, 4.350871459699707, 6.4720832923678895]"
tVHA,5.0,0.895898519445,5000,0.0,-8.875146328423,"[9.42477796076938, 9.42477796076938, -7.727216215643792, 9.42477796076938, 9.097474090666434, 2.4714498665074407, 5.836763311933842, 3.6246048919117713, 0.9670060635642765, 3.564276925569089, 2.969343170733892, 1.6568382068604666, -0.9086197266812449, 6.243856499123971, 7.550150407148314]"
tVHA,5.0,0.89784135413,1000,0.0,-8.874691696473,"[5.3922276393954895, 8.656889689626807, -8.170744242505172, 9.42477796076938, 9.42477796076938, -1.4409087202381259, 6.148062996497005, 4.439292874444289, 1.4089260605445735, 1.3587234377794302, 0.959132140124028, -1.8686265598769598, 0.7992653172492271, 8.481204497292797, 7.184336420255935]"
tVHA,5.0,0.89784135413,5000,0.0,-8.875174990455,"[9.42477796076938, 9.42477796076938, -0.6211718781183211, 9.314059177528502, 8.924889805849778, 2.354507064685315, 2.540142866259386, 6.476551254061098, 1.3327122096373345, 5.351917194280585, 2.219156302174982, 3.42525392619815, 3.440483150581458, 4.346949167510023, 6.179822728842153]"
tVHA,5.0,0.899784188816,1000,0.0,-8.875003055217,"[7.306406718717107, 7.757178970659076, -1.7287701609041422, 9.42477796076938, 9.42477796076938, 0.1056087009609252, 2.7610507636002692, 7.7275693817455045, -0.059426761576213655, 3.669606499700795, 0.7187015778435879, 3.0666696837367464, 4.184636342520417, 3.651638327361824, 4.893951590261723]"
tVHA,5.0,0.899784188816,5000,0.0,-8.875141528468,"[9.42477796076938, 9.42477796076938, -8.014775371903669, 9.42477796076938, 9.366737042304635, 1.5306839610382266, 8.025239685058613, 4.430319315364361, -0.9372070898335652, 2.6974765066617916, 2.2040698259509544, 3.368515648918118, 0.087903724862631, 4.772038701682487, 6.661887021680842]"
tVHA,5.0,0.901727023502,1000,0.0,-8.874972147845,"[6.511601119930667, 9.42477796076938, -7.6413329618958095, 9.42477796076938, 9.42477796076938, 1.3856137217530204, 4.091658473926696, 3.418918738679508, 3.9245559694983516, 1.881332942390951, 2.486728706314425, 5.008643808209161, 1.343155714435677, 2.9900760144859886, 4.400983509580204]"
tVHA,5.0,0.901727023502,5000,0.0,-8.875151841573,"[9.42477796076938, 9.42477796076938, -3.3123485083166706, 9.330602719384572, 8.46525145638881, 2.7829344032421153, 3.8171337284459517, 6.627021242003581, 0.42911659889371945, 3.8160726261864237, 2.7440659259852707, 3.5851577931573124, 1.7153438287215708, 4.70504465530532, 6.110083253176461]"
tVHA,5.0,0.903669858188,1000,0.0,-8.874889086226,"[5.657229206678594, 7.472312217167027, -2.465972399467498, 7.859334304544187, 9.42477796076938, 0.3040142080704441, 3.56459538351307, 7.222327373651812, -0.2953239399469273, 1.9948811539804305, 1.1246415924199704, 3.9576339418533157, 1.1095390396403388, 3.938704896291812, 5.474510387874403]"
tVHA,5.0,0.903669858188,5000,0.0,-8.875131831325,"[9.42477796076938, 9.42477796076938, -5.540667006856159, 9.42477796076938, 9.022605428031138, 2.514505927017865, 4.079584802803178, 7.214065824555454, 0.08897970331137034, 2.6883463818738735, 2.551655841046929, 2.261731158968381, 1.209462473887276, 5.359680326673494, 6.614805365447008]"
tVHA,5.0,0.905529426185,1000,0.0,-8.875046741319,"[9.09835082071733, 9.137242800297173, -5.783636707705874, 9.240703619086734, 9.42477796076938, 1.1257285241342994, 4.336669809443655, 7.119416160392515, 0.06246876299577625, 2.1814151010684686, 1.4151128089930478, 2.257348250570355, 0.8506209891740307, 5.537580853878557, 6.71654942225879]"
tVHA,5.0,0.905529426185,5000,0.0,-8.875086484052,"[-8.653270478406075, 9.42477796076938, 0.025227177573857652, 9.278274709405045, 8.222946793975414, 6.435596574752953, 2.52405538791204, 1.4288010560725184, 1.4576489997189177, 3.6006929957895792, 3.379220175250771, 3.930792091014247, 6.183206976369606, -0.30350678593836966, 4.309339346541212]"
tVHA,5.0,0.907388994182,1000,0.0,-8.875009392236,"[-7.8207679005594075, 8.943725398552104, -0.6133671125497162, 9.36097627400419, 9.104847444207824, 5.477174580617025, 1.4542759564780554, 2.2557701046920133, 1.4946513799838286, 3.4185426376495567, 4.207966099986846, 3.5398807201641134, 5.897742000696246, -1.2376703786068175, 4.334654787169434]"
tVHA,5.0,0.907388994182,5000,0.0,-8.875201193873,"[0.3232481744219098, 8.70995505121735, 0.6081041114550317, 9.42477796076938, 8.451542940735754, 4.036670253697803, -1.4102443859029243, 5.369557426780849, 2.954201601580471, 4.821936778964902, -2.7514651123209166, 6.634791053800891, 0.021138445056758607, 8.434806965930859, 5.5342507065202335]"
tVHA,5.0,0.909027329133,1000,0.0,-8.874575219979,"[5.8775113860495045, 9.419623785187058, 1.2663974463271168, 9.42477796076938, 9.42477796076938, -2.1543770227845167, 1.1693531797561296, 4.316778133857625, 3.390614801528714, 3.5633451396697784, -1.7797372799091105, 2.9959240604080692, 5.629340373124934, 2.6523070998504252, 5.109149476702306]"
tVHA,5.0,0.909027329133,5000,0.0,-8.875130772371,"[8.773431773459889, 8.21700428366685, 4.922386712226053, 6.997719580065626, 7.693261329319551, 0.9814944233990583, 3.57234598750121, 4.92132690816182, 2.8421906632644616, 5.153140943650802, 1.9275076744293829, 3.8502300442715054, 5.525443537591663, 3.3550735906978892, 4.944152635420284]"
tVHA,5.0,0.910665664083,1000,0.0,-8.874274784663,"[9.229685872970048, 9.42477796076938, 4.094772873734371, 8.27459797237936, 9.016912242748612, -3.156185502149882, 1.5582496112686628, 4.635466888532957, 2.3424901226898616, 3.998191638613241, -2.3903159855739946, 2.420526386222555, 6.591507929983477, 1.541786233426667, 5.11617609118335]"
tVHA,5.0,0.910665664083,5000,0.0,-8.875272579109,"[9.42477796076938, 9.410893211041703, 4.772322905896802, 7.6101610179687, 7.232096169272262, 2.577529132729421, 4.180768086161509, 3.6400087520021795, 4.692699030937426, 5.412399706878636, 2.944387478997025, 4.511050912200065, 4.84796354962338, 4.235735136253362, 5.779634510703795]"
tVHA,5.0,0.912303999034,1000,0.0,-8.874406407907,"[4.277265115727071, 9.376428892506906, 2.8662652290748585, 8.830759875828592, 8.809814736963503, -3.4699197381710016, 2.931749615817058, 3.6763283355931398, 4.510549489615842, 2.5752520513574466, -2.8901488720768955, 3.8739692144880022, 5.7626219783136845, 2.7382319268937945, 4.097885589217341]"
tVHA,5.0,0.912303999034,5000,0.0,-8.875005865611,"[-3.4111203938965513, 9.42477796076938, 4.5247608303168825, 8.063864394070333, 8.00766935166116, 0.35114974083079475, 3.363524723264827, 5.24568811695075, 2.6360312138726054, 5.33502655031389, -0.28020889731262055, 4.682410745095, 5.750288305369427, 2.8727075586204798, 5.566525098319612]"
tVHA,5.0,0.913942333985,1000,0.0,-8.874565748515,"[8.551841346362401, 8.837243143125967, 1.392980502062286, 9.42477796076938, 8.560205993368104, -2.7946386203286098, 3.3142233946785042, 5.5897593862431805, 1.0761879060133144, 4.249166930981458, -1.1652444608653911, 3.491508805433748, 6.483470514815073, 1.6735110479163366, 4.252659184292018]"
tVHA,5.0,0.913942333985,5000,0.0,-8.875127007652,"[8.52576589671811, 6.838520974631362, 2.0845014209204074, 8.850900169322504, 7.598342681889104, 1.07584342782654, 6.496979107221744, -2.568659386444843, 6.757692201681273, 6.0296508258361285, 3.4058115626752814, 4.043921606807961, 3.5430451805540617, 3.6063497961556754, 5.589224105347857]"
tVHA,5.0,0.915580668936,1000,0.0,-8.874877964919,"[9.288637817576806, 6.451193544121184, 0.8510220644010351, 7.891243844196263, 9.110173431518795, 0.06671545814077559, 5.287342923202782, -4.474989109667538, 8.187346324539808, 5.601141105612518, 2.432202507093491, 4.214035794227962, 3.956360790712982, 2.414621628899714, 5.549518079467804]"
tVHA,5.0,0.915580668936,5000,0.0,-8.875137724903,"[9.42477796076938, 7.674432711143129, 2.4160968731463344, 7.5818876233064, 7.587237448521836, 2.187210724187919, 5.707495366594146, -1.0350198276569054, 6.287922602857637, 5.4060425906018255, 3.632865239117807, 4.413828821534998, 4.71497748983629, 2.147678149961127, 5.696817452329973]"
tVHA,5.0,0.917219003887,1000,0.0,-8.874908942995,"[9.202689580264366, 5.195409131675847, 0.9404716172510796, 8.177449681917544, 9.42477796076938, 0.14637039310403827, 4.900747697780009, -2.9575264928442455, 6.347902681595917, 5.791534883638336, 2.558812034316331, 3.130177481043157, 4.361022750515349, 2.2246881616014056, 5.918702252602066]"
tVHA,5.0,0.917219003887,5000,0.0,-8.875388423317,"[9.42477796076938, 9.42477796076938, 3.2173180114177375, 7.6048638011656156, 7.379055897769888, 2.919429016247935, 4.526824224057749, 3.1021873428843993, 4.263432285544123, 5.48582898546535, 3.2805258774613413, 4.815866285945248, 5.046495819091486, 2.8043449463202093, 6.144904706613062]"
tVHA,5.0,0.918857338837,1000,0.0,-8.874994068819,"[8.414413607237918, 9.42477796076938, 0.3742382419711474, 9.42477796076938, 8.419950359513496, 1.8683178093201716, 2.374930444313975, -0.628909801674755, 7.9600541941197935, 4.52359519042833, 1.1909021758735052, 4.937180223761915, 5.7553752945646615, 0.9377296781516117, 6.265774070050025]"
tVHA,5.0,0.918857338837,5000,0.0,-8.875290777045,"[9.42477796076938, 9.42477796076938, 3.9351381488888384, 7.108532469228963, 7.639231243109279, 3.021248391975147, 3.9448150373748696, 4.287227670835973, 3.4474248087640573, 5.639904914613975, 3.219020959642648, 4.512132917934887, 5.012392271772067, 3.2481435340172804, 5.9884254220076425]"
tVHA,5.0,0.920495673788,1000,0.0,-8.874571315977,"[9.42477796076938, 8.552391453364635, 1.194814184401825, 9.42477796076938, 7.298076642620803, -0.4937122220703666, 3.774374627136015, -1.8988146439111473, 9.18328341807451, 3.020593515294828, 0.12601487476749462, 5.41002723771628, 4.780103989995195, 2.748949764810134, 4.536920288623689]"
tVHA,5.0,0.920495673788,5000,0.0,-8.875290322299,"[9.42477796076938, 9.42477796076938, 3.8564589126169215, 7.728835379472995, 7.289850788480147, 2.8466463978054137, 4.511812109344014, 2.252867029237235, 5.372952751707489, 5.4380676909442585, 3.225971537965594, 4.632720068995846, 4.709190821881411, 3.5037391319921714, 6.339961502094159]"
tVHA,5.0,0.92212081917,1000,0.0,-8.874571315977,"[9.42477796076938, 8.552391453364635, 1.194814184401825, 9.42477796076938, 7.298076642620803, -0.4937122220703666, 3.774374627136015, -1.8988146439111473, 9.18328341807451, 3.020593515294828, 0.12601487476749462, 5.41002723771628, 4.780103989995195, 2.748949764810134, 4.536920288623689]"
tVHA,5.0,0.92212081917,5000,0.0,-8.875288964551,"[9.42477796076938, 9.42477796076938, 3.9826499222487217, 8.309025875184705, 7.465079345030066, 3.1195637117368697, 4.060261272111685, 3.1976623630571286, 4.898822704140523, 5.926475346810886, 3.171612674673967, 4.647904452454918, 3.6121956338218406, 5.096961505947048, 6.167591525941651]"
tVHA,5.0,0.923745964552,1000,0.0,-8.874907849998,"[7.471685991535474, 9.42477796076938, 0.6581042038099707, 9.42477796076938, 8.908100783835948, -0.17958582999437916, 4.777796325162182, -3.776382522200505, 9.2452986932072, 6.469599315187766, 1.7892218036506828, 4.221773105104242, 4.66532107834157, 3.0340031567476182, 6.114914662965402]"
tVHA,5.0,0.923745964552,5000,0.0,-8.87520187498,"[9.42477796076938, 9.42477796076938, 1.5173842561211337, 8.83505455987287, 7.477768041879528, 2.4069625038980265, 5.101859487251678, 0.4258420883760838, 5.978777326021924, 6.021511001336002, 3.4010164948758184, 4.896335209793438, 4.4875388211492595, 3.090867527847764, 6.076699120814263]"
tVHA,5.0,0.925235545136,1000,0.0,-8.874878469207,"[9.198700227648075, 5.909291237217497, 0.5463913067245316, 9.074275011711403, 9.119643649749875, -0.31590387610943804, 7.097074531686431, -4.438095453448415, 6.765476556878104, 7.377863405103409, 2.883853865246267, 3.0818906338441776, 3.5677142170371856, 4.128422347464534, 5.2497484775267615]"
tVHA,5.0,0.925235545136,5000,0.0,-8.875027941896,"[9.42477796076938, 6.895963958033274, 1.879321115546925, 8.237391708937448, 7.796069630038961, 1.299020341927641, 6.627756090976883, -2.4312043330346524, 6.443708459425254, 6.079383795272228, 3.553636942267827, 4.150262716954812, 3.8840776673950153, 3.2576346211849954, 5.198958386138279]"
tVHA,5.0,0.926725125719,5000,0.0,-8.875163461465,"[9.42477796076938, 9.42477796076938, 1.8026882712447256, 8.313525334547382, 7.567219405199307, 2.883600680942932, 4.657009389771547, 1.769094527954996, 4.789399345235192, 5.914925581267541, 3.646754601267407, 4.671829110959956, 4.306204730694532, 3.2229350319725967, 6.098744918409674]"
tVHA,5.0,0.92672512572,1000,0.0,-8.874918185143,"[9.318504577887628, 7.351242226866994, 0.04291150537797442, 8.825023459710554, 8.811684893929977, 0.3053559923506953, 5.711904263834452, -3.577712087967042, 7.202235522397831, 6.827714942868713, 2.8852884603582805, 3.7899597422306406, 4.307076186971969, 3.032333545029476, 5.061311228172443]"
tVHA,5.0,0.92672512572,5000,0.0,-8.875061879989,"[9.42477796076938, 9.204803360374216, 1.119069142897617, 8.849824891166472, 7.732543456563347, 1.8353876522571508, 5.3860031783514355, -1.9325781931909436, 7.441105789556618, 6.3024621901006626, 3.4273722429408515, 4.75771982284004, 4.622770786546392, 2.7660424931413186, 5.93757976016093]"
tVHA,5.0,0.928187202955,1000,0.0,-8.874971203873,"[9.382770523194182, 7.206084507053298, -0.24141263335531601, 8.752277675524724, 9.0653482268383, 0.513820047443839, 5.582644926285155, -4.198357985544588, 7.66095506655499, 7.021592684386286, 2.9168085588229413, 4.091751803516054, 4.166699898118491, 2.806299979094636, 5.287488872944859]"
tVHA,5.0,0.928187202955,5000,0.0,-8.87508978301,"[9.42477796076938, 7.191596076049658, 1.2651841067702576, 8.621108952531959, 8.120037326822331, 1.185397973787317, 6.327677284251536, -2.469407372636676, 6.563160032041429, 6.539336632231677, 3.3143290963907113, 4.241059623035924, 3.4324096488655966, 3.7014130270838335, 5.32088103024283]"
tVHA,5.0,0.929649280191,1000,0.0,-8.874988502654,"[9.42477796076938, 6.972545527818845, -0.4110417808542619, 8.881204248809428, 9.244620759053776, 0.5379680387957402, 5.822265901943665, -3.440150389227931, 6.727760184471922, 7.241311883455342, 2.930201926713512, 3.6249921364102833, 4.446315309023201, 2.828267338405162, 4.970298291735432]"
tVHA,5.0,0.929649280191,5000,0.0,-8.875228885035,"[9.42477796076938, 9.42477796076938, 1.2570990180683395, 8.827260226765766, 7.609960728125099, 2.5801877491569654, 5.058145533936258, -0.04661347453894424, 6.261928293880294, 6.206645295168903, 3.5766284873193923, 4.7900660924664935, 4.242179505109515, 3.230071603373557, 6.089194190384325]"
tVHA,5.0,0.931111357427,1000,0.0,-8.874988502654,"[9.42477796076938, 6.972545527818845, -0.4110417808542619, 8.881204248809428, 9.244620759053776, 0.5379680387957415, 5.822265901943665, -3.4401503892279224, 6.727760184471923, 7.241311883455342, 2.930201926713512, 3.6249921364102833, 4.446315309023201, 2.828267338405162, 4.970298291735432]"
tVHA,5.0,0.931111357427,5000,0.0,-8.875288180548,"[9.42477796076938, 9.42477796076938, 1.534125705434406, 8.784530614483643, 7.753366231909351, 3.0755900986508165, 4.146170048721187, 2.764220983000484, 4.1268816428093125, 6.236115224097016, 3.490581544307523, 4.524905516743971, 2.2809255259372554, 5.395444594557605, 6.162437223618079]"
tVHA,5.0,0.932573434663,1000,0.0,-8.874984175081,"[9.262545090280506, 6.973757372597507, -0.346838259651529, 8.984098942060559, 9.172094838276598, 0.4222755351683387, 5.8520866075543445, -2.9410044377989824, 6.620267572382724, 6.895196283492693, 2.5144467222500477, 3.8788138093839883, 4.580930299718644, 2.524554042457649, 4.8284159181799335]"
tVHA,5.0,0.932573434663,5000,0.0,-8.874994091545,"[8.933725136699142, 6.494623059430767, 1.3187411312242006, 8.719791999009221, 8.375964374813027, 0.8910449916261317, 6.59996930527179, -3.5834245518818166, 7.022632612945275, 6.6670541407060275, 3.383798888264921, 3.602898145617034, 3.9943640298655425, 3.2228765807724766, 5.478016840578231]"
tVHA,5.0,0.933939940727,1000,0.0,-8.874878804185,"[8.882043035986399, 6.217280846603297, 0.2399585123165246, 9.284578415117307, 9.148459397033132, -0.37771984625057486, 7.057809813050069, -4.73154907590617, 6.745042629704921, 7.6769095962726945, 3.28147429577248, 2.7434774365204997, 3.879929063414593, 3.946786680089846, 5.428922783344948]"
tVHA,5.0,0.933939940727,5000,0.0,-8.875257579525,"[9.42477796076938, 9.42477796076938, 4.168032834001657, 6.9339950815356755, 7.894136728155015, 2.266849854397062, 4.107461311885224, 3.8066537411352788, 3.6766460124946354, 5.8511572225502455, 3.1166389430726373, 4.088151557482421, 5.5597130511327455, 3.07561214970009, 5.956387767661102]"
tVHA,5.0,0.935306446792,1000,0.0,-8.873941183403,"[9.42477796076938, 8.561073755084006, 1.4726456248208109, 9.234937938822153, 9.42477796076938, -3.166086809156024, 2.068741479578002, 2.254459437679066, 3.4472766415373504, 3.7049042026335828, -1.3731989386642045, 1.7527394436359347, 8.855200553088055, -1.1141735864688702, 4.238390843498767]"
tVHA,5.0,0.935306446792,5000,0.0,-8.875208508105,"[9.42477796076938, 9.42477796076938, 2.3147135161314765, 7.857722268826283, 7.035943662587012, 2.228854734472189, 5.063608634508629, 2.6787567108414363, 4.023930922240442, 5.432581694751791, 3.2551460577518916, 4.563818984580818, 6.500593581012805, 1.1952441918373127, 5.664411078211409]"
tVHA,5.0,0.936642410745,1000,0.0,-8.8741521767,"[9.42477796076938, 8.767233819763437, 1.9357172212733191, 7.4387875301204085, 8.85997659062281, -2.696560822454795, 3.378364553111377, 2.98075790960545, 4.4557718076042265, 2.1795536431893785, -1.820347317296637, 3.8224123857724615, 9.42477796076938, -1.8895403632572498, 4.161889716680113]"
tVHA,5.0,0.936642410745,5000,0.0,-8.87520799055,"[9.42477796076938, 9.42477796076938, 0.3773255516707092, 8.729506269828885, 7.972058340419402, 2.204423629733135, 3.6939618593351846, 5.130033100202697, 1.523359852216364, 5.828816522835232, 3.0277426630723916, 3.970418693511834, 2.283398126601601, 5.429338593693962, 5.885953550320382]"
tVHA,5.0,0.937978374699,1000,0.0,-8.874347301416,"[5.796653832851456, 9.42477796076938, -0.5762829168145602, 9.42477796076938, 9.304153655135263, -2.1564371918890357, 2.411133974046364, 5.140664192908508, 3.279312091108152, 2.5998314511785394, -2.076858733473392, 3.6872863427156206, 2.1389581291939272, 5.870145111596703, 3.9730385670433606]"
tVHA,5.0,0.937978374699,5000,0.0,-8.875271627051,"[9.42477796076938, 9.42477796076938, 1.8298788563305723, 8.601804931307292, 7.330077195692458, 1.8323199501350145, 5.204606204425685, 4.300869142578474, 2.4646258547342326, 5.842355351360574, 2.9089082851712, 4.828697296764174, 6.044556913817262, 1.896221778323607, 5.370603815590615]"
tVHA,5.0,0.939314338652,1000,0.0,-8.87434850815,"[9.42477796076938, 8.643865896657962, -0.25131152681106805, 9.42477796076938, 8.801189445241615, -0.8900039949373066, 2.2052292651516163, 6.447014690067266, 1.5829832951692264, 2.5858623135160657, -1.1180939086627433, 3.60012238385677, 1.5946754648237103, 5.636355571811023, 4.044573609142576]"
tVHA,5.0,0.939314338652,5000,0.0,-8.875168047087,"[9.42477796076938, 9.29972715429275, 3.722704596883336, 4.915456123352847, 6.757949790025611, 2.0601430996697703, 6.632908410295669, 0.5838754123050593, 5.572071388907638, 3.956632426686152, 3.6941400389974657, 4.6486543597079555, 7.462223657264391, -1.5476177952123251, 5.992849815373376]"
tVHA,5.0,0.940650302606,1000,0.0,-8.874971257157,"[9.215213386084075, 5.821793889363761, 1.4041638109757986, 7.951493824380982, 9.259042627376148, 0.06395025832839361, 5.824382027881121, -3.8472839370518783, 7.3700487790690214, 5.957922863582316, 2.338011530462734, 3.2069646392116598, 4.7878338418419695, 2.3544402262057442, 5.437701263535815]"
tVHA,5.0,0.940650302606,5000,0.0,-8.87540535347,"[9.42477796076938, 9.42477796076938, 2.0882061381411767, 7.454393274135198, 7.650173201568375, 2.173810328830937, 4.9600465979438395, 3.5390285559811234, 2.706423396214596, 5.796869949522991, 3.4800243367052532, 4.503708372683776, 7.581175565625217, 0.0536847769184674, 5.815355545243031]"
tVHA,5.0,0.941986266559,1000,0.0,-8.87447922194,"[9.42477796076938, 7.849323083713454, -0.22036293749852132, 9.42477796076938, 9.42477796076938, -1.353368636565428, 2.4687655640860156, 2.087346530106111, 5.235485785297737, 3.9524803570524227, -0.7908111892769407, 3.8793157643716043, 2.8287359854474103, 4.413034475308063, 4.740860764362708]"
tVHA,5.0,0.941986266559,5000,0.0,-8.875228710853,"[9.42477796076938, 9.42477796076938, 2.0795263376400084, 8.448812992531995, 7.1664294174715995, 2.6432400631115214, 4.826266888375537, 2.3663438986688394, 4.4413509754974045, 5.866233730299691, 3.2493703356357972, 4.701398112709285, 4.952102332769446, 2.6481954347008627, 6.049424149108658]"
tVHA,5.0,0.943322230513,1000,0.0,-8.874477637317,"[8.955662631788613, 9.42477796076938, 1.5142124376638562, 9.42477796076938, 8.573610715545477, -1.3243387724115308, 3.5578093261630865, 1.173004478865381, 5.919889837485307, 4.322500923426135, -1.1395240565348774, 3.546845635572586, 9.16968591693503, -1.7435672439036503, 5.528017564435464]"
tVHA,5.0,0.943322230513,5000,0.0,-8.875312867167,"[9.42477796076938, 9.42477796076938, 5.047642187843892, 7.577280404185611, 7.457256043088756, 2.7169008135423693, 3.8587749148637345, 3.606625033340259, 4.934231562751669, 5.676852675447169, 3.3412916079626536, 4.098294067026352, 4.81635926351038, 4.826256221644692, 5.849387522019962]"
tVHA,5.0,0.944658194466,1000,0.0,-8.874299327903,"[9.422238719213638, 8.782511550318436, 4.765477771018831, 9.42477796076938, 9.42477796076938, -1.9073717136715445, 0.25306194308783675, 3.1565128710402988, 3.954146240918255, 4.795459306019827, -2.0018489381498883, 1.6709039107884287, 2.3045267849661366, 5.576671700862656, 5.146635127537277]"
tVHA,5.0,0.944658194466,5000,0.0,-8.875409535151,"[9.42477796076938, 9.42477796076938, 1.3674147077011147, 7.77803355997562, 7.198069023330362, 1.9829225138765785, 5.678975577463741, 1.4535281069966999, 4.458382227154365, 5.229889684127232, 3.4281502262781722, 4.934723936410483, 8.65408399831217, -1.455757347197029, 5.349763498784565]"
tVHA,5.0,0.94599415842,1000,0.0,-8.874832228772,"[8.125552689070421, 9.424405001454002, 0.4554570816243982, 9.42477796076938, 9.21567583115882, -1.5634982379194415, 3.2494178123936206, 2.0155060529976927, 5.1079357201958135, 4.315713353751978, -0.5205007844370061, 3.59465846191066, 9.42477796076938, -1.3111887598264873, 4.48615446012625]"
tVHA,5.0,0.94599415842,5000,0.0,-8.875249017838,"[-7.517145494033945, 9.42477796076938, 5.2351660204736685, 9.42477796076938, 8.050123502619455, 1.143209253638307, 2.425636394261977, 3.680574433272855, 3.934709037549677, 6.232807067751354, 0.8777432412576981, 3.831556000227282, 2.88304130094598, 6.008730474798333, 5.998663201228616]"
tVHA,5.0,0.947309643424,1000,0.0,-8.874872883355,"[2.8883846684285306, 8.262439766411156, 1.4289672397797726, 8.869732209376043, 8.810529616248783, 1.2196113421978485, 1.457083909000001, 2.8139492763438847, 5.404079383680754, 3.763427057239378, -0.4032615784786632, 4.605810302380825, 5.057499357921307, 2.2072970120993336, 5.050509148089326]"
tVHA,5.0,0.947309643424,5000,0.0,-8.875021625572,"[4.696456289622563, 8.697813724899593, 1.3051828939823664, 9.0904894821639, 8.077580912006974, 0.6896139610635792, 4.475734832842447, 0.0913079206250124, 6.084512244999058, 5.251463652440982, 2.9181199871582852, 2.2170731167770485, 8.717841994393906, -0.8357302362513841, 5.7182617155751325]"
tVHA,5.0,0.948625128428,5000,0.0,-8.875370613021,"[9.42477796076938, 9.42477796076938, 2.586548460478839, 7.798499997336602, 7.757835967251457, 2.0285729763505818, 4.406721282911299, 3.9245278955657668, 3.1115961707509663, 5.798502819325121, 3.0471556379769025, 4.204267687807171, 6.409112609297768, 1.8598991852515971, 5.726634543195116]"
tVHA,5.0,0.948625128429,1000,0.0,-8.874708919436,"[1.1505177092918757, 9.42477796076938, 0.21127209146185977, 9.42477796076938, 9.10837922748485, -0.7703688733276279, 3.49609758695967, 0.6946393877917123, 6.970762150665543, 4.2802045332605765, -1.2141458061150496, 5.1100941539148375, 8.968468266245097, -1.4811320483936496, 4.69263085477399]"
tVHA,5.0,0.948625128429,5000,0.0,-8.875162507803,"[-2.6519468812879694, 9.42477796076938, 1.8874391920291163, 9.39009075522522, 7.718330381203964, 3.9438138358173003, 1.101583555193145, 4.686111660775774, 1.3681029327066678, 5.731857903798283, -1.2205584484585388, 5.674524580238931, 9.421825343689417, -0.42672968036951986, 5.719415307698428]"
tVHA,5.0,0.949876845955,1000,0.0,-8.874460260055,"[5.54585596831325, 8.585151963096898, 0.29300952716732587, 9.42477796076938, 8.912755626382753, -1.3095299653076884, 2.8977268840828057, 6.561793853059472, 1.889628565492505, 2.962468566123131, -1.6007705688600515, 5.161801230144707, 8.487341873116378, -0.8216345125573248, 3.654773810051336]"
tVHA,5.0,0.949876845955,5000,0.0,-8.87542577903,"[9.42477796076938, 9.42477796076938, 2.3551836888664353, 6.890487006778718, 7.3092460134816415, 1.7746354747573796, 5.757610267190995, 2.481975118125332, 3.9164454403068327, 4.760386618438581, 3.1348572084382673, 4.811445353099092, 8.696474588666216, -1.4033382502883887, 5.300419183268084]"
tVHA,5.0,0.951128563481,1000,0.0,-8.874022926999,"[9.42477796076938, 9.051388588159938, 0.6104094947348011, 9.42477796076938, 9.049673429936632, -2.5956695087442725, 2.1188313831896344, -1.579432391731256, 8.008943550130859, 2.583390490245038, -2.4737449215845113, 3.7118909205692443, 8.527669529319606, -2.0478125422972795, 4.537660577857841]"
tVHA,5.0,0.951128563481,5000,0.0,-8.87536494232,"[9.42477796076938, 9.42477796076938, 0.3516406929872295, 9.012060250916555, 7.766507171475941, 2.5204614198670523, 4.638265353633495, 0.9996710729892571, 5.43909900759843, 5.820085225646833, 3.3946917865413098, 4.670552445175587, 8.825004664194607, -1.3776105147890543, 5.7083355656534245]"
tVHA,5.0,0.952380281008,1000,0.0,-8.87465247272,"[9.42477796076938, 8.203459690205822, 1.6361812353190774, 9.42477796076938, 7.564959024345892, -0.7728688418794005, 3.5415291653826433, -1.540744977622201, 8.262116875931689, 2.844245148831684, 0.10940703936280019, 4.366444862832218, 6.27318609890205, 1.2076519478233454, 4.622342422602527]"
tVHA,5.0,0.952380281008,5000,0.0,-8.875289764739,"[9.42477796076938, 9.42477796076938, 2.4862921873213932, 7.740584569015059, 7.248530482600112, 2.2298112062274096, 5.04129734576456, 3.033285297745272, 3.7024680717195384, 5.5569269710901015, 3.4217087653926317, 4.496774573720163, 6.587338406405881, 1.37295693133078, 5.613074834964247]"
tVHA,5.0,0.953631998534,1000,0.0,-8.874651041698,"[9.42477796076938, 8.203459690205822, 1.6361812353190774, 9.42477796076938, 7.564959024345892, -0.7728688418794005, 3.541529165382644, -1.5407449776222015, 8.262116875931689, 2.9397320524854327, 0.10940703936280019, 4.366444862832218, 6.273186098902052, 1.207651947823344, 4.622342422602527]"
tVHA,5.0,0.953631998534,5000,0.0,-8.875041238082,"[-9.157160920554738, 9.42477796076938, 2.7350188396915858, 8.69830737375186, 7.865639029567097, 3.4416063954508562, 2.8059203888608466, 2.4521140750041246, 2.842938052513757, 4.522690039382159, 0.11040922329200151, 3.5168838645041296, 6.58959245850644, 2.405887763854564, 5.309873482321343]"
tVHA,5.0,0.954804488895,1000,0.0,-8.8745408578,"[6.377757731620489, 8.644839981689664, -0.4537549915039386, 9.42477796076938, 8.64011930322101, -2.4540788860490124, 4.835298311634018, 2.2097128926417033, 4.895518155107675, 3.2921117012969687, -1.2262593432585691, 4.840158262717228, 5.644076693082797, 2.1174456395373946, 3.051275954691914]"
tVHA,5.0,0.954804488895,5000,0.0,-8.875014416011,"[-8.961100192338872, 9.42477796076938, 1.1851811552135856, 9.302687558250001, 7.801640610513289, 4.28328349587281, 2.8793897229141265, 1.1012025868365978, 3.417420703413316, 4.113368211297418, 0.12568835112981308, 3.509362501841775, 8.616355778275821, 0.26013748163769485, 5.02939510483716]"
tVHA,5.0,0.955976979256,1000,0.0,-8.874442014754,"[9.42477796076938, 8.216126022087535, 0.6047892736699592, 8.818753897789371, 9.42477796076938, -0.9130358017237725, 2.279916293736706, 5.316144725968665, 2.4163252816033154, 3.2882465511169467, -0.39635222369145534, 3.4029253980397307, 9.42477796076938, -1.4177593940006052, 3.6397629945739727]"
tVHA,5.0,0.955976979256,5000,0.0,-8.875343235,"[9.42477796076938, 9.42477796076938, 4.2856879400020755, 6.422628877311059, 7.721565256639935, 2.2285989321654034, 3.773953058201971, 6.233290481913902, 1.034956575577291, 6.306603274939656, 3.1050697338924333, 4.3385506307813735, 6.077979340044734, 2.6294882730229325, 5.468651606867254]"
tVHA,5.0,0.957064737724,5000,0.0,-8.875222343605,"[9.42477796076938, 9.42477796076938, 4.7313958830587595, 6.170895775553008, 7.201906735010073, 2.057938076475047, 4.737627464785132, 4.250130200545942, 3.2892303713108744, 5.138233908289206, 3.2773576321456517, 4.334178994837156, 6.5656546523889, 2.0768600139119346, 5.257440251681184]"
tVHA,5.0,0.957064737725,1000,0.0,-8.874356366236,"[9.318149621868958, 8.293019284994879, -0.6784861891673164, 9.42477796076938, 8.996553086602376, -1.658625171686113, 2.675889066381976, 7.721909410180672, 0.5447079763514387, 2.2365090604097366, -1.0800628131911671, 3.80622561321255, 6.300356812447066, 2.0108906214737283, 2.814957421281714]"
tVHA,5.0,0.957064737725,5000,0.0,-8.875057236532,"[8.742722433293455, 9.42477796076938, 0.7640830832787124, 9.376714413667312, 8.259613088759084, 0.023853302661468227, 3.739183651948075, 6.6031453551678725, 0.31789279229758693, 5.775752883576773, 1.2595172276058433, 3.6683218153247066, 4.488862860885761, 3.942432936421442, 5.13847849908924]"
tVHA,5.0,0.958152496193,1000,0.0,-8.873849064836,"[9.42477796076938, 9.42477796076938, 2.2289716994550144, 8.490011000906488, 9.42477796076938, -3.4050895872532854, 2.0491425148520257, 3.543709369681003, 1.3107450424517897, 4.160991354966512, -1.5416802861977463, 2.2271787517721506, 7.958314105978292, -1.2297585273720466, 5.0108078230873865]"
tVHA,5.0,0.958152496193,5000,0.0,-8.875242973493,"[9.42477796076938, 9.42477796076938, 4.155339946269445, 7.316154383676368, 7.607336740233201, 2.025248763470964, 4.044371999103234, 4.264439658538334, 3.581676080924864, 5.695425902359407, 3.102203515241551, 4.0155843008925665, 5.663622573477637, 3.5251513576780686, 5.432507334536884]"
tVHA,5.0,0.959240254661,1000,0.0,-8.874439610359,"[9.42477796076938, 9.42477796076938, 0.8838844293554737, 9.42477796076938, 8.858945443442131, -0.7713958890913889, 2.1224333870667835, 3.614371965424565, 4.4467121529243165, 3.1519823554776547, -0.9034660471038111, 3.9585100140903933, 7.896666931934467, -0.005984494251942397, 4.59115750459452]"
tVHA,5.0,0.959240254661,5000,0.0,-8.875314745206,"[9.42477796076938, 9.42477796076938, 3.1020147211862277, 7.4860943616328965, 8.357209890963851, 1.8140011900851292, 3.595984834748887, 4.645366137431145, 2.585597541864846, 6.145807754024533, 2.8531281879606007, 3.7852119813882776, 5.396544405448399, 3.3813830799102886, 5.654234827826805]"
tVHA,5.0,0.960328013129,1000,0.0,-8.874746505842,"[9.42477796076938, 8.224778768759844, 0.4667097106810467, 9.42477796076938, 8.987972610431983, -0.19254671673226187, 2.7012502931464573, 3.1545456784561736, 4.584484498601655, 3.945668905818976, 0.5097763100918524, 3.4148605671589967, 6.84918213645675, 1.5189030895160955, 4.241054582172161]"
tVHA,5.0,0.960328013129,5000,0.0,-8.875061030488,"[-8.321831409741614, 9.42477796076938, 6.137659787514116, 8.712885623868576, 7.677969880699812, 1.8863922017084376, 2.231772534349636, 4.045726366217098, 3.733571087374205, 5.574175991202497, 0.8983097158876957, 3.542970334119127, 4.209166513357437, 5.401779056135904, 5.163140384828706]"
tVHA,5.0,0.961362727431,1000,0.0,-8.87434095002,"[4.679150990633287, 9.42477796076938, -0.3925772876485373, 9.42477796076938, 9.42477796076938, -2.5381051002746102, 3.0256219390907484, 2.731332144266669, 4.93854138960398, 3.187190676076219, -1.463173594030137, 4.32766335750716, 5.042237891518448, 2.7721065191895904, 4.375192677721388]"
tVHA,5.0,0.961362727431,5000,0.0,-8.875207364839,"[9.42477796076938, 9.42477796076938, 5.550793132087689, 5.485475511694633, 7.538105208676252, 2.4395330347951676, 4.157224635084411, 5.3901907588850895, 2.6358046101662422, 5.530677445082685, 3.4180220653967126, 4.169055944067825, 6.500350011959782, 2.7713526282999204, 5.057468986657749]"
tVHA,5.0,0.962397441732,1000,0.0,-8.87449811937,"[8.537601036931163, 7.832840107870025, -0.06346592820942178, 9.19481438842175, 9.42477796076938, -0.7878512605803706, 2.240822013263158, 5.269376642310056, 2.28246796726851, 3.1667891310282807, -0.37646082849856255, 3.719665538392902, 6.56329538846853, 0.7960127525308899, 3.960428206139293]"
tVHA,5.0,0.962397441732,5000,0.0,-8.87510995598,"[9.42477796076938, 9.343024528730531, 2.131822762974389, 7.699099305387659, 7.542685487252136, 1.8166828512042836, 5.045059656172267, 1.4396612222852445, 5.176792415322903, 5.074393708319089, 3.120513135888315, 4.253021222723021, 7.322194153864962, 0.49269484071648145, 5.43988678519565]"
tVHA,5.0,0.963432156033,1000,0.0,-8.874459877787,"[4.819736166794572, 9.42477796076938, 2.331654455954692, 9.42477796076938, 8.280666947182647, -1.874980967606866, 3.072512395069727, 2.6094397320844935, 5.846522620089436, 2.7722095740775385, -1.7090042865695065, 3.710147939149061, 6.715590206886802, 1.9608835547786065, 4.1837702218965065]"
tVHA,5.0,0.963432156033,5000,0.0,-8.875174134436,"[9.42477796076938, 9.42477796076938, 3.035612265834984, 7.335331685887388, 7.762221023848031, 2.0820960608093535, 4.413717676569595, 4.304005142678706, 2.735577450817042, 5.7322858717582825, 3.13486480770433, 4.255783895168893, 6.386568961088194, 1.875633917449342, 5.646393107227766]"
tVHA,5.0,0.964466870334,1000,0.0,-8.874241658035,"[1.8786365874470399, 9.42477796076938, 1.9198783423046155, 9.09878091646016, 9.42477796076938, -1.8678873145139983, 1.3027030959129484, 3.7063732348301257, 3.654249442443373, 3.195803840307561, -2.4471522511800825, 4.514943013614757, 5.475552286803838, 2.026382836348385, 5.806185938927854]"
tVHA,5.0,0.964466870334,5000,0.0,-8.875282524783,"[9.42477796076938, 9.42477796076938, 4.822182639390341, 7.769859701583041, 7.718692017697867, 2.6767927542238033, 3.199697860006327, 4.5622637355656455, 3.9889887679098717, 6.224040956704845, 3.213613311435358, 3.9582232460083393, 4.232454731015169, 5.610553457501617, 5.678959401744122]"
tVHA,5.0,0.965429054702,1000,0.0,-8.874542444648,"[4.86684868363629, 8.961734376841628, 1.3903727028609794, 9.120672234181697, 8.118465272391472, -0.15204180928594585, 2.587101984966658, 0.9356910301640207, 7.649704787938808, 2.6301720911450017, -0.5025724970776697, 3.8673294848609454, 8.648721099088432, -0.4941450774429845, 4.195827517053535]"
tVHA,5.0,0.965429054702,5000,0.0,-8.875099156393,"[-6.463431255069176, 9.42477796076938, 3.5988987584684757, 8.542892752932826, 7.938906545671551, 1.4655973863049625, 2.7278708978161696, 5.712476006326584, 1.264297431648545, 5.455355022720034, -0.8047017252833434, 4.497078330268992, 7.052628617430548, 2.3530531306046685, 5.347922058588434]"
tVHA,5.0,0.96639123907,1000,0.0,-8.874557954278,"[5.764110880228886, 9.424777960769378, 0.3203624650111526, 9.42477796076938, 9.42477796076938, -1.773610913708829, 2.708642695276432, 2.3158450521209253, 5.879359454957315, 3.4814372133962457, -1.573992084224708, 3.771255255414488, 9.42477796076938, -1.137788164681589, 3.9248320485838453]"
tVHA,5.0,0.96639123907,5000,0.0,-8.874959286145,"[-3.504639367258805, 9.42477796076938, 1.5398786232714383, 9.42477796076938, 7.21705957822779, 3.5877062136879445, 1.8616877974918649, 1.2813887261282577, 5.072167948428838, 4.132474961544784, 0.4530729409598365, 4.291759287941757, 8.275584792008466, 0.1164983816774873, 4.65305919997682]"
tVHA,5.0,0.967353423438,1000,0.0,-8.874492808216,"[8.01380473402483, 9.42477796076938, 0.9217082766685316, 9.071960061174405, 9.42477796076938, -2.2981618378596447, 3.0488817580591165, 1.6729370893186595, 5.623201902464604, 3.534974423029063, -1.4375337202595562, 3.471925937340642, 8.859169251351327, -0.7531176028827625, 4.338108383193613]"
tVHA,5.0,0.967353423438,5000,0.0,-8.875290924909,"[9.42477796076938, 9.42477796076938, 1.1369757471337711, 8.462091353177527, 7.712148667066489, 2.065685437330968, 4.817357095870734, 0.9719266713507684, 5.785511985286977, 5.270340703796629, 2.966363631720258, 4.497410470014701, 8.64309230413038, -0.990468720739727, 5.550135644193096]"
tVHA,5.0,0.968315607806,1000,0.0,-8.874648922612,"[1.786320681678925, 9.42477796076938, 0.9558434396194657, 9.42477796076938, 9.42477796076938, 0.5932102474181846, 1.4666431467419934, 5.061739859960715, 2.7308150496093497, 4.814232125321695, -1.9375267032962205, 5.796851741049043, 8.408751016421308, -0.9615887810690626, 6.138672301778618]"
tVHA,5.0,0.968315607806,5000,0.0,-8.875231171395,"[9.42477796076938, 9.42477796076938, 1.7371367067722243, 7.859746031257437, 7.602945372996765, 2.070802672409365, 4.924239040307267, 1.6450783117474685, 4.983070538901112, 5.179507358811964, 3.211216667010846, 4.354939095478633, 8.010550777133783, -0.3307956872547527, 5.57386383067427]"
tVHA,5.0,0.969270097025,1000,0.0,-8.874648895594,"[1.786320681678925, 9.42477796076938, 0.9558434396194657, 9.42477796076938, 9.42477796076938, 0.5932102474181846, 1.4666431467419934, 5.061739859960715, 2.7308150496093497, 4.814232125321695, -1.9375267032962205, 5.796851741049043, 8.408751016421308, -0.9615887810690626, 6.138672301778618]"
tVHA,5.0,0.969270097025,5000,0.0,-8.875119461065,"[-1.8174092212679516, 9.42477796076938, 4.083317011604782, 7.5774397750094815, 7.936961480508647, 5.721179738402529, -0.7145713362985044, 4.695526429133189, 1.9955448983009882, 5.731180559111074, -0.3727685335591808, 4.85394405353466, 8.266637249953991, 0.8714908247918558, 5.7244453564332884]"
tVHA,5.0,0.970224586244,1000,0.0,-8.874136504883,"[7.913758523046997, 9.380643918404306, 1.7414918146402787, 9.42477796076938, 8.599401000051792, -4.156875269936439, 3.4122373468432476, 1.4217200931601166, 6.446093929670117, 2.5697424848973567, -2.598925532168805, 2.602012281015358, 9.215666995330514, -0.05930230960939336, 3.0932810438238976]"
tVHA,5.0,0.970224586244,5000,0.0,-8.875177051019,"[9.42477796076938, 9.42477796076938, 1.8556946928872673, 8.586834195734859, 7.789222802026721, 0.9990085428243656, 4.573387327602326, 2.048258684021593, 5.258885675723976, 5.141420839280109, 2.359091418883398, 3.998001019217448, 6.877218958101672, 1.8412747987921039, 5.0348149669739]"
tVHA,5.0,0.971179075464,1000,0.0,-8.874117252433,"[9.370875236843483, 9.42477796076938, 2.0462863228080073, 9.218821284276405, 8.268372856983905, -3.125538128573894, 2.2007989583333454, 2.0840701672757938, 4.865536862295478, 2.368983477633809, -2.4013765618715617, 2.279117521467118, 8.343114343483531, -0.5246236356265754, 3.646960297320737]"
tVHA,5.0,0.971179075464,5000,0.0,-8.87524032025,"[9.42477796076938, 9.42477796076938, 1.9638406152201253, 8.063924269010444, 7.613337894807989, 1.9059567852417998, 4.818802078718927, 2.280502175999091, 4.464028186299021, 5.4897731720740275, 3.1353132008676408, 4.284108124333525, 7.211140181020257, 0.8107550056355812, 5.648555676644374]"
tVHA,5.0,0.972133564683,1000,0.0,-8.874720345236,"[2.1401814844821283, 8.292138543072035, 0.551573736521388, 9.42477796076938, 7.9367828530495235, 0.06651343275617522, 2.816876381733637, 3.4690764671774583, 5.086853054355783, 2.4875664977842935, -0.7126457688868079, 5.269728837902576, 9.105683913339288, -1.367710722794722, 3.3534087975994242]"
tVHA,5.0,0.972133564683,5000,0.0,-8.875272064932,"[9.42477796076938, 9.42477796076938, 3.1960464817173646, 6.720845283381896, 7.562205876817164, 1.9860324118470722, 5.020984428726827, 2.316426699127579, 4.740217393259247, 4.959758021271298, 3.2966464465463767, 4.0209328343621, 7.6198555354583, 0.3903952049011179, 5.655970726276004]"
tVHA,5.0,0.973074562581,1000,0.0,-8.874720345232,"[2.1401814844821283, 8.292138543072035, 0.551573736521388, 9.42477796076938, 7.9367828530495235, 0.06651343275617522, 2.816876381733637, 3.4690764671774583, 5.086853054355783, 2.4875664977842935, -0.7126457688868079, 5.269728837902576, 9.105683913339288, -1.367710722794722, 3.3534087975994242]"
tVHA,5.0,0.973074562581,5000,0.0,-8.875328711229,"[9.42477796076938, 9.42477796076938, 1.3429149334705597, 7.777533264780989, 7.7794691015184645, 2.2859146582919765, 4.972313785172281, 0.44889461307243383, 6.121380904540529, 5.194028333729609, 3.209728395945012, 4.394741401361848, 9.08025920426714, -1.7476188285937941, 5.746145166619341]"
tVHA,5.0,0.97401556048,1000,0.0,-8.874005143224,"[7.911643659347602, 9.0578935979304, 1.1074808329162864, 9.42477796076938, 9.42477796076938, -4.058116308727793, 2.937741379786485, 1.3099431789003666, 6.275564509398795, 2.7490942621228696, -3.134705201853445, 2.6873351287942997, 8.196405525226915, 0.10984898069168163, 3.1945920659668463]"
tVHA,5.0,0.97401556048,5000,0.0,-8.875198337,"[9.42477796076938, 9.42477796076938, 2.597588686521136, 7.501136619170727, 7.326139305730779, 1.2815068907567375, 5.106426587529042, 3.7649360109090604, 3.44006968765566, 4.646557099943501, 2.388197041173748, 4.618780085182094, 8.270020785323293, -0.2688999330181999, 5.028270509110757]"
tVHA,5.0,0.974956558378,1000,0.0,-8.874646563291,"[2.520975699057993, 9.42477796076938, 0.6202640328429221, 9.404628738584261, 9.233282510465017, -0.31136733854984183, 1.6354152880510069, 1.4735756081700426, 6.484343569718904, 3.6812785786873072, -0.8256882707955748, 4.028060634487343, 9.42477796076938, -1.6949907367983452, 5.338304736580449]"
tVHA,5.0,0.974956558378,5000,0.0,-8.875033847422,"[-2.8912481144441813, 9.42477796076938, 1.7834303109712906, 9.42477796076938, 7.272707041746789, 3.580025957811217, 1.7339516341160182, 1.206323185300621, 5.111188816517212, 4.472142017817163, -0.6662106186366352, 5.025210017189567, 9.42477796076938, -0.7233153006100084, 5.275346184890417]"
tVHA,5.0,0.975897556277,1000,0.0,-8.875015594499,"[9.42477796076938, 9.42477796076938, 0.4508634168065333, 9.251566343868053, 9.42477796076938, 2.405815251611346, 2.2225758036100483, 1.1465156686644327, 6.6204952382994655, 5.907701720284799, 2.219617084628023, 3.2715049172783237, 7.9780014150196035, -0.055275452471705455, 6.377802552160954]"
tVHA,5.0,0.975897556277,5000,0.0,-8.87526632653,"[9.42477796076938, 9.42477796076938, 2.463685882537963, 9.16003738785385, 8.316149691954216, 2.8248157197013555, 3.644306100703616, 1.844718246282686, 5.547676911155747, 6.835875068565305, 3.307722901793265, 4.237100302483612, 1.1819555989953725, 7.447676618713638, 6.4850610806586815]"
tVHA,5.0,0.976816254596,1000,0.0,-8.874833814529,"[1.333998725036196, 9.012071781815514, 0.6373085524841338, 9.42477796076938, 9.42477796076938, 1.697994154159028, 1.3136144237216265, 1.1727751108718325, 6.611462567136795, 4.994631442200859, 1.0518244295243029, 2.7616547020102438, 7.929034911243374, 0.04962134058244361, 5.385469431099599]"
tVHA,5.0,0.976816254596,5000,0.0,-8.875071215216,"[-1.4686902755403382, 9.42477796076938, 1.511680481974639, 9.377821709451045, 7.614502253300812, 7.578398239414819, -1.6647655248547708, -0.06325937317894768, 6.4031679223722495, 5.041937379840148, 1.0367969423356507, 3.9239614504489966, 9.42477796076938, -1.0855274237898316, 5.319899984452334]"
tVHA,5.0,0.977734952916,1000,0.0,-8.874814887399,"[1.0563003482308608, 8.364450722593224, 0.5045099280378866, 9.42477796076938, 9.42477796076938, 1.699600927555961, 1.4253348481748442, 1.2530042844409697, 6.696565910972066, 4.7454431105033255, 1.082664215686557, 2.756043492526599, 7.982809002128297, 0.05476494927578417, 4.838590401190873]"
tVHA,5.0,0.977734952916,5000,0.0,-8.875078376373,"[8.747086138714078, 7.9816994970025, 1.2861106699870906, 8.04205128236309, 8.47470804745034, 2.3986627444676385, 3.6370272053786437, 0.6921799321267191, 5.900531189700379, 5.138845081887638, 2.9636332657212594, 3.3470662165658682, 8.579551665413234, -1.37790719840698, 5.798681213917715]"
tVHA,5.0,0.978541410505,1000,0.0,-8.874313594845,"[5.8629002774463155, 9.42477796076938, 1.525921441488737, 9.42477796076938, 8.998235000522696, -2.270231606069858, 2.355049029107281, 2.1394378453152036, 6.130213526155956, 2.7110861715048777, -1.9456854641114438, 3.368995901869983, 6.970856873024232, 1.5911534731664227, 4.170599032579432]"
tVHA,5.0,0.978541410505,5000,0.0,-8.875179571038,"[9.42477796076938, 9.42477796076938, 3.2162271122852086, 7.582075728286496, 7.465526020604974, 2.270712487998236, 4.657362896330744, 2.965017644369172, 4.041936931503247, 5.722821508319138, 3.4569422286619202, 4.273365527071666, 5.690132099514109, 2.676667754182182, 5.773935041694718]"
tVHA,5.0,0.979347868094,1000,0.0,-8.874849487633,"[9.42477796076938, 6.315974761817975, 1.2907730666591335, 8.330327124125626, 8.298292765028283, 1.5986643020014262, 1.5689480509948956, 4.984731057328015, 2.7861674609956064, 3.4865845018779122, 1.614576866931936, 4.357492837755084, 1.847417375108512, 4.449271668242454, 5.0200543758152705]"
tVHA,5.0,0.979347868094,5000,0.0,-8.875280266406,"[9.42477796076938, 9.42477796076938, 1.5433799373048591, 8.16556893671828, 8.528927975427028, 2.8908116854406973, 2.5767527235679557, 6.826944817876918, 0.5862168476940159, 6.602176646079693, 3.0822813913403024, 3.4988052987595175, 2.375567915348969, 5.850516422060252, 6.225267963482201]"
tVHA,5.0,0.980154325684,1000,0.0,-8.874612126582,"[7.226525472752382, 8.979286352701841, 1.0316017174769394, 9.31645554816764, 9.37859106826317, 0.7454859265394844, 0.8563762346082222, 3.1548643559862883, 5.478663597338749, 3.4965767173199374, 0.05172072673882812, 3.0017516126915895, 8.742058355800054, -0.7487261533843595, 5.377867184110496]"
tVHA,5.0,0.980154325684,5000,0.0,-8.875133521103,"[-2.453360271608284, 9.42477796076938, 3.2718645271563016, 9.053345161461948, 7.578137549725213, 5.321388378201442, -0.24988246038248793, 3.3221542515233624, 3.380635048542441, 5.51875109996357, 0.6955060305483306, 3.8155720463777354, 6.253256904688902, 2.814923469095488, 5.385114491314965]"
tVHA,5.0,0.980960783273,1000,0.0,-8.874038147849,"[9.42477796076938, 8.261210460561387, 0.38295260997300845, 9.42477796076938, 9.253829321006425, -2.2915380202351576, 0.7722386044059644, 1.1206094751930529, 6.803743857094025, 1.8449494965355782, -2.2276108557102274, 3.3086070950707938, 9.42477796076938, -2.2591654223193878, 3.9511091175749598]"
tVHA,5.0,0.980960783273,5000,0.0,-8.875341886508,"[9.42477796076938, 9.42477796076938, 1.8042630813424614, 7.930950690138596, 7.6026626621126, 2.068450611320836, 4.830432519834497, 3.9515071046346515, 2.786550672715768, 5.467123892992457, 2.9688280226344763, 4.618394235212342, 7.665349584274376, -0.025715222179922434, 5.574013196072578]"
tVHA,5.0,0.981723272311,1000,0.0,-8.874726006369,"[2.328497916518949, 9.42477796076938, 0.2927403690510916, 9.42477796076938, 9.159348874774912, -1.4251228901824398, 2.9291250997595615, 2.6779229686532444, 5.453255941051316, 3.5034886869614805, -1.5747467739502718, 4.853101047733423, 9.42477796076938, -1.6142111111710786, 4.486867263411296]"
tVHA,5.0,0.981723272311,5000,0.0,-8.875365612494,"[9.42477796076938, 9.42477796076938, 1.2925538544543502, 7.933328325168749, 7.462542541663813, 2.1762088305343843, 5.383856107967377, -0.9827481849403773, 7.274197223334709, 5.194885154323197, 3.263705393432976, 4.663766150167606, 8.490930436032064, -1.373329476331349, 5.7393602883213335]"
tVHA,5.0,0.98248576135,1000,0.0,-8.874751491145,"[2.4628208586264493, 9.42477796076938, 1.402494043033471, 9.068868884140002, 8.762916367157514, -1.3202907274306894, 2.8151814056910265, 2.981125723751795, 5.347207255468318, 3.011613485186177, -1.6876662770056798, 4.576193403628622, 9.42477796076938, -1.541722475122857, 4.898738476003008]"
tVHA,5.0,0.98248576135,5000,0.0,-8.875238935965,"[-2.143036332560791, 9.42477796076938, 1.8162907653682674, 9.42477796076938, 7.178743895053678, 2.3097607441921895, 3.1400509063201243, 1.6680067378156531, 5.340990948076659, 4.32840141662269, -0.7116568006047853, 5.458916132325666, 9.42477796076938, -1.1282088799645487, 5.1464755768082995]"
tVHA,5.0,0.983248250389,1000,0.0,-8.874948413465,"[9.42477796076938, 9.112120854582695, 1.1486112388997205, 8.616729564169797, 8.512755077661684, 0.7745604920493578, 2.5754742434524482, 2.6176023948827574, 5.319660494853903, 3.4403662071063663, 1.0175188145676264, 3.6606048480945423, 9.42477796076938, -1.3963898668646744, 4.808549599412601]"
tVHA,5.0,0.983248250389,5000,0.0,-8.875301460256,"[9.42477796076938, 9.42477796076938, 2.642312917619303, 7.065067184312781, 7.618295309671668, 1.906308327518145, 5.155190057864257, 1.8641383606664905, 5.195842225237745, 4.655683266880887, 3.0250940965171553, 4.23388992693728, 8.221757433753961, -0.5081527661891962, 5.618507932603812]"
tVHA,5.0,0.984010739427,1000,0.0,-8.874691043747,"[1.8854524137544106, 9.42477796076938, 1.2434972881249875, 9.124738945798432, 8.876824325925005, -1.3501559358746884, 3.437013102305035, 2.8166588878029897, 4.990801851933288, 3.631796865141114, -1.3284717024733665, 4.361664351718087, 8.40761331354053, -0.6335562305644142, 4.808580883341309]"
tVHA,5.0,0.984010739427,5000,0.0,-8.875041148301,"[-2.358418212959813, 9.42477796076938, 2.0106200645387973, 8.746366211174816, 6.9447200386809405, 3.1786064275460717, 2.7340262454856283, -0.1636780486484108, 7.075326960766553, 3.3972313755595627, 0.4557126583753241, 4.532944186670114, 9.42477796076938, -1.5084021497702316, 4.740811121709421]"
tVHA,5.0,0.984745619291,1000,0.0,-8.874925964012,"[-1.671597858959231, 9.42477796076938, 1.265474037149508, 9.222975810704227, 8.859041714695495, 0.4879914608199836, 2.4057633293360037, 1.8261994742374799, 5.651180007070617, 4.37391222000114, -0.2152856325684667, 3.7663108087242056, 9.196611672742709, -1.5349831789971178, 5.682633717334387]"
tVHA,5.0,0.984745619291,5000,0.0,-8.875357908205,"[9.42477796076938, 9.42477796076938, 1.2590477765636638, 8.104146415756839, 7.731825370586476, 2.3675562434869972, 4.89660578703446, 1.3826938070230028, 5.227756844743225, 5.343229748722454, 3.285565287846296, 4.457933832823764, 8.759005813525551, -1.2623519290299825, 5.68899716281704]"
tVHA,5.0,0.985480499155,1000,0.0,-8.874712764053,"[2.2685693442058192, 7.881096917190925, -0.012461850474561739, 9.42477796076938, 8.330385974965367, 0.07118437493337086, 2.599804344351683, 3.4106006330714194, 4.92176768891314, 2.646772544051306, -1.80671802513993, 7.06080098887988, 8.715008785089415, -2.2155651048748606, 3.7430013315095922]"
tVHA,5.0,0.985480499155,5000,0.0,-8.875378887718,"[9.42477796076938, 9.42477796076938, 1.091734582789137, 8.464644396760296, 7.776525770197594, 2.070860581246781, 4.315182628496143, 2.1612154099230665, 5.002086645433713, 4.769194609304835, 2.531437202362336, 4.722179204229972, 9.42477796076938, -1.9738177583017684, 5.644092636516243]"
tVHA,5.0,0.986215379018,5000,0.0,-8.875303171888,"[9.42477796076938, 9.42477796076938, 4.381346779730718, 7.709135681455403, 7.212916535850318, 2.132119432379546, 4.469027307589673, 2.934329049313371, 5.201587826453779, 5.290905987177975, 3.2250647876030323, 4.088358867504404, 5.56349685502785, 3.7874453813908957, 5.573133958775858]"
tVHA,5.0,0.986215379019,1000,0.0,-8.874723299181,"[3.742892105194306, 7.965144316302766, 3.354150021999783, 9.091143074934298, 7.286809007700525, -1.3397136052329732, 4.763442792821829, 1.1897493936328618, 6.9196826718568865, 2.6635688325574405, 0.06127795520259839, 3.7762693260611044, 5.831395255867648, 3.0028062613750777, 4.278537909801097]"
tVHA,5.0,0.986215379019,5000,0.0,-8.875255584215,"[9.42477796076938, 9.42477796076938, 1.5861694398111021, 7.791829434231859, 7.198034639389909, 2.1769718041703836, 5.428084781515267, 1.8952830204704425, 4.626752695585736, 4.837741915148371, 3.167916482921205, 4.884885534244651, 8.738969849861153, -1.5066626261612552, 5.363191087510101]"
tVHA,5.0,0.986950258882,1000,0.0,-8.874506833907,"[9.42477796076938, 7.775254189844151, 0.8373531022654325, 8.337125744704785, 8.239504069012884, -1.6103103636229266, 3.3913563169121757, 2.7363925195037297, 4.521999602960866, 2.0181534646839285, -0.44921626641703627, 4.740578769435748, 8.014431047825722, -0.6301373480346539, 3.5761668057801286]"
tVHA,5.0,0.986950258882,5000,0.0,-8.875264093826,"[9.42477796076938, 9.42477796076938, 1.955942151636262, 7.701082587910175, 7.328096506091993, 2.1880752406055795, 5.240594357975063, 1.4875509987195874, 5.213801052142932, 4.958352024336343, 3.2641214410581796, 4.526307793538553, 8.011307454881653, -0.4701036710806141, 5.546538567677247]"
tVHA,5.0,0.987673606365,1000,0.0,-8.87428040877,"[7.082783242012725, 9.42477796076938, 3.3219631027077177, 7.674303077453688, 8.351024162312848, -2.7612852482351657, 2.928366838424326, 1.3941953559502547, 6.658102739092364, 1.5152507971149598, -1.8545207951063079, 2.87623767223706, 8.003038012700166, 0.21506001996598034, 4.344266663927708]"
tVHA,5.0,0.987673606365,5000,0.0,-8.875272996402,"[9.42477796076938, 9.42477796076938, 2.477786812168013, 7.2542655625264185, 7.6859376089557125, 2.1557162351806816, 4.848591131766245, 2.5431138473374073, 4.416744107581571, 5.121639811891763, 3.3164301589629948, 4.150804533241297, 7.874200140786621, 0.025290241224304004, 5.7020586065073]"
tVHA,5.0,0.988396953848,1000,0.0,-8.87486611066,"[0.08653140179642377, 9.42477796076938, 0.7908446868140342, 9.42477796076938, 8.527088215889965, -0.42947105573362765, 3.2750893496342535, 2.5929960005836463, 4.991609692461692, 4.0533195478221735, -0.8385095647063019, 5.107248453390603, 8.946532951682311, -1.367418400756117, 5.462682211710297]"
tVHA,5.0,0.988396953848,5000,0.0,-8.875247315761,"[-1.5397167861930163, 9.42477796076938, 1.9803286869877765, 9.42477796076938, 6.942718101682874, 6.759894282235834, -0.3386330443185795, 2.07445467277054, 4.061647505150479, 5.192737891163736, 0.08563043434664991, 5.276728429678963, 9.42477796076938, -0.9548769059287959, 5.6041871281509525]"
tVHA,5.0,0.989092781712,1000,0.0,-8.874430739054,"[1.7968158097663953, 8.119320888738045, 0.039194726065369376, 9.42477796076938, 8.476142596789801, -1.4618390508172086, 3.4471361639910962, 2.0486791814299687, 5.368685449554805, 3.030100430356727, -0.30545401231207636, 5.469399859417175, 9.42477796076938, -3.111027046649897, 5.367500988623417]"
tVHA,5.0,0.989092781712,5000,0.0,-8.87525457853,"[-1.6222955196632487, 9.42477796076938, 2.1960731875085386, 9.42477796076938, 6.756671323012162, 5.885631434739901, 1.225330345604997, 0.15259369818872476, 5.45343532840587, 5.320103135135357, -0.5746961603745144, 6.230762147374635, 9.42477796076938, -1.3941604897410511, 6.359171444216036]"
tVHA,5.0,0.989788609576,1000,0.0,-8.87469361397,"[4.053447408015906, 9.42477796076938, 0.6161414998893961, 9.42477796076938, 8.40901291949605, -1.7316216355117409, 3.570534242597428, 1.972055355136801, 6.064598931587446, 2.834042074431145, -1.6704013281496808, 4.8193373108333, 9.424777960769378, -1.7404138408322587, 3.835446706070239]"
tVHA,5.0,0.989788609576,5000,0.0,-8.875335919532,"[-1.8079226619360682, 9.42477796076938, 1.8110663713662767, 9.42477796076938, 7.174429578108269, 5.347545030194981, 0.21225666985345965, 3.6394754884539857, 2.8469205131488513, 4.949017306409198, 0.12218968722640294, 4.913277009638968, 9.42477796076938, -0.8347093206204541, 5.230349824970434]"
tVHA,5.0,0.990452577797,1000,0.0,-8.874659290761,"[7.682333225346099, 7.316393584942405, 0.0982434282764475, 8.696973705895623, 9.165872803933407, 0.7590808005411743, 2.54764248810983, 5.277412618557829, 2.4796251041844046, 3.44867704081331, 0.48984589022155967, 4.7552705937690884, 9.42477796076938, -2.9166412972540527, 4.143974115955821]"
tVHA,5.0,0.990452577797,5000,0.0,-8.875276561378,"[9.42477796076938, 9.42477796076938, 0.6321847762977887, 8.961463748610376, 7.540326430778155, 2.3515795117658973, 4.7116200867156754, 2.556261060833907, 3.9540453219201392, 5.680742448445994, 3.249498630820084, 4.670357519282872, 7.919700370509115, -0.4018983224608073, 5.610532925362629]"
tVHA,5.0,0.991116546018,5000,0.0,-8.875221129584,"[3.812186361783048, 9.209140700356576, 1.2547993255756036, 9.31459663801903, 7.935348735288992, 0.512728951805809, 4.787601789719494, 1.2602340016301408, 5.1317062437101155, 5.405971458400684, 3.1964066608757946, 2.0222305809371286, 9.42477796076938, -1.3997079055372674, 5.716401064384458]"
tVHA,5.0,0.991116546019,1000,0.0,-8.874781532426,"[1.6389866821364818, 9.42477796076938, 0.29063049597719204, 9.42477796076938, 9.41139621319552, -1.5623406573758567, 3.124261166270051, 2.500800923821915, 5.367079603233794, 3.8375945280961172, -1.603321361992431, 4.867560037111712, 8.44867709853079, -0.854898987962764, 4.809005060215353]"
tVHA,5.0,0.991116546019,5000,0.0,-8.875378337724,"[-1.5645454793412963, 9.42477796076938, 2.193096620491586, 9.412114268551502, 7.052558028497087, 7.6481464633476985, -0.9393127953131398, 1.966444254350904, 3.954792251742046, 5.5811613505243685, 0.002577896210993854, 5.472387583706621, 9.42477796076938, -0.8495663928789235, 5.926076559408042]"
tVHA,5.0,0.991623499478,1000,0.0,-8.874759114073,"[8.22622926272227, 9.42477796076938, 1.231956635106271, 9.42477796076938, 8.216288125496058, -0.38277234829179096, 2.314688308058148, 6.7539358278856785, 1.182540359321178, 3.3701091263694916, -0.35094907203290293, 4.014415822611334, 9.42477796076938, -1.4252318170551521, 4.424835655948481]"
tVHA,5.0,0.991623499478,5000,0.0,-8.8754221107,"[9.42477796076938, 9.42477796076938, 0.5758772506040323, 8.954705508435573, 7.530505628042018, 2.0102692748579765, 4.994293004996724, 5.398841756681545, 0.7771078935253233, 5.846669543024385, 3.258739288094369, 5.0008326691352885, 8.453536539723583, -0.9180425139650765, 5.424055300715883]"
tVHA,5.0,0.992130452937,1000,0.0,-8.874736961309,"[4.01348666363832, 9.19886981034626, 1.4254144620992175, 9.42477796076938, 8.534235162889326, -1.1475238090805133, 1.5119243324944198, 7.14851432495843, 1.202926715438854, 3.774103691613128, -1.5052123278788503, 3.904604257892374, 1.5897250050629401, 6.565144946253681, 4.568348945642125]"
tVHA,5.0,0.992130452937,5000,0.0,-8.875484477496,"[0.4112739233042274, 8.549610321432247, 1.3558163463667277, 9.42477796076938, 8.846947844544633, 7.13175987511267, -4.096015751625468, 6.746730333859905, 1.6149701017663696, 6.570613312493726, -2.184119728800785, 6.3237408435029, 0.06672474420513254, 8.68441387856937, 6.400801642487205]"
tVHA,5.0,0.992637406397,1000,0.0,-8.874795451329,"[2.187856380015104, 8.95809447316929, 0.20027264007026588, 9.42477796076938, 8.606052476310317, -1.3042178655499757, 3.5556627299229167, 1.7258312069194526, 5.586625417462087, 3.529227561942583, -0.3539760821491481, 4.605523806823305, 8.894953891781745, -1.697271716837458, 4.784527520563714]"
tVHA,5.0,0.992637406397,5000,0.0,-8.87538310346,"[9.42477796076938, 9.42477796076938, 1.0127660581717741, 8.278353940082864, 7.150301740421598, 2.347990699273417, 5.286890327074531, 1.4231118029677594, 5.048647674571587, 4.984792259048133, 3.2209857313367154, 5.0136909510022365, 8.979856247676828, -1.8265263085869834, 5.336658235597399]"
tVHA,5.0,0.993144359856,1000,0.0,-8.874894903361,"[5.3629935175325345, 9.399566727148667, 0.6851098693226148, 9.355376337920866, 8.634725529788323, -1.34504860239246, 4.26980571399487, 1.866028974268362, 5.724559807262251, 3.7611201669575003, -0.47143709038356424, 4.455975628263304, 9.09294926981264, -1.0504924204828114, 4.4006090102388615]"
tVHA,5.0,0.993144359856,5000,0.0,-8.875407404284,"[9.42477796076938, 9.42477796076938, 1.6194405358144222, 7.501522439169177, 6.982773384920032, 1.8916165043822135, 5.988084289625993, 1.3000433052870273, 4.9726757629624885, 4.668995590644601, 3.1614775459684656, 5.028640501281222, 8.821803227362118, -1.700217554784642, 5.027053641750159]"
tVHA,5.0,0.99362617802,1000,0.0,-8.874809898812,"[4.9590303057636556, 8.909907364797037, 0.6819385373178692, 8.97045558470018, 8.890285792893472, -0.2694494321355582, 3.15980747947268, 3.9899004702947076, 3.7291264121555203, 3.626016822616236, 0.10014266476894715, 4.132609543350114, 9.42477796076938, -1.7979462851599637, 4.488697393275054]"
tVHA,5.0,0.99362617802,5000,0.0,-8.875314359921,"[9.42477796076938, 9.42477796076938, 0.6570451634918254, 8.966676218838536, 7.6459600253111955, 2.511746776638711, 4.704823097687008, 2.461630217073795, 4.174843210294567, 5.6916644555311775, 3.328893813358464, 4.663692476858869, 7.807275436060496, -0.2573717110653392, 5.6580926266534535]"
tVHA,5.0,0.994107996183,1000,0.0,-8.874641894254,"[4.091359472865602, 8.801253009801574, -0.11165975943171619, 9.42477796076938, 9.326802873374735, -1.0289286195669154, 3.5327078424697476, 1.1850005971244775, 7.175319785927221, 3.1549369928734263, -1.0382701278801383, 4.96615142400389, 9.42477796076938, -1.4936059200977545, 3.237804543149931]"
tVHA,5.0,0.994107996183,5000,0.0,-8.875403551549,"[9.42477796076938, 9.42477796076938, 1.4504196310245667, 8.23709258095969, 7.601001959366104, 1.7130624192303183, 4.99837952812262, 1.9368574156397975, 4.908985007075685, 5.1367271605924545, 2.8056370426754595, 4.442463701512903, 8.656060285561182, -0.7967411914852229, 5.363972649014148]"
tVHA,5.0,0.994589814347,1000,0.0,-8.874703930437,"[5.171393229978544, 8.179624185365451, 1.7924528911792204, 9.29517448527951, 7.878478988479625, 1.2042922809616785, 1.8543707206706501, 1.8914832158051118, 6.900363866698898, 2.856952323921847, 0.20261168478750474, 3.962140253440004, 6.921085053990835, 0.8478729699310994, 4.745396341799161]"
tVHA,5.0,0.994589814347,5000,0.0,-8.875301245289,"[9.42477796076938, 9.42477796076938, 2.7686986851374797, 7.380879803282907, 7.2181805246593695, 2.057942419472551, 5.269845081944629, 1.975071117467599, 5.0866284075635075, 4.8139896143397465, 3.218776932414384, 4.400989787342986, 7.393387856800527, 0.48939444978997365, 5.5227461464141765]"
tVHA,5.0,0.995071632511,1000,0.0,-8.874541432689,"[9.42477796076938, 8.234332162857942, 0.549939160149124, 8.470312952052288, 9.321417427693724, -1.231255954500798, 2.262584830750219, 2.8581194958823923, 4.799511919614439, 3.07811239687414, -0.5802646726854644, 3.755919073235641, 9.42477796076938, -1.7449164725169157, 4.400782486229687]"
tVHA,5.0,0.995071632511,5000,0.0,-8.875310314066,"[9.42477796076938, 9.42477796076938, 1.5429166389530131, 7.812507275085576, 7.026343599916251, 2.258102065282447, 5.639214309663448, 1.9501543988918328, 4.4265021047755475, 4.878870550570994, 3.311312473642791, 5.042784152608254, 8.20076945180471, -1.065072966731473, 5.221961105577976]"
tVHA,5.0,0.995539550902,1000,0.0,-8.874867769334,"[9.42477796076938, 8.588181627327156, 0.44653879434669963, 9.42477796076938, 7.565148331044917, -0.015272150233382242, 3.443246794640957, 4.440918502479912, 3.257529972086365, 3.157832070018496, 0.7910877212722818, 4.572690505613704, 9.42477796076938, -1.3533145278966385, 3.844075094675051]"
tVHA,5.0,0.995539550902,5000,0.0,-8.875312387978,"[9.42477796076938, 9.42477796076938, 1.6951586799294212, 7.792480242351596, 7.169931182779651, 2.328471762837694, 5.3938150435276295, 2.978525884817025, 3.4069609390098305, 5.193275638538552, 3.3108074843084916, 4.943672887135364, 8.126970641119065, -0.951913456033362, 5.4821542242011585]"
tVHA,5.0,0.996007469294,1000,0.0,-8.874570842413,"[7.92509132068585, 8.981318023723823, -0.004426607087436094, 9.42477796076938, 9.42477796076938, -1.7211386519886727, 1.59330873144184, 2.3114023112045063, 5.06879725631652, 3.563334640345178, -1.2742338336978223, 3.5115237091643112, 8.50116981804311, -0.9390840485021048, 4.689187475899761]"
tVHA,5.0,0.996007469294,5000,0.0,-8.875500211557,"[9.42477796076938, 9.42477796076938, 0.7684360533019666, 8.485235009394918, 7.675903102200996, 2.8791595121749145, 4.472765887382572, 1.8389529390968171, 4.944930011766206, 5.418806734405562, 3.386839697586238, 4.6669319068380535, 9.300483511453335, -2.053926731942693, 5.865359125372094]"
tVHA,5.0,0.996407997771,1000,0.0,-8.873769002374,"[9.42477796076938, 9.42477796076938, 8.248224335111155, 9.42477796076938, 9.136919366103808, -3.9244923237337423, 0.5068729724106207, 0.8427506516473765, 4.2752826097811765, 4.341326721656728, -3.4125593056381884, 0.49209072363636047, 2.713176165855274, 4.397881993333074, 5.301744657978764]"
tVHA,5.0,0.996407997771,5000,0.0,-8.875436524821,"[9.42477796076938, 9.42477796076938, 8.179403001314192, 9.056081040481612, 7.025050913184892, 2.600730089208053, 2.670612773716091, 4.74497228372797, 6.517291565063098, 5.949903506428389, 2.56750547204335, 3.7985946104948534, 4.784465072087407, 7.842387740867812, 5.614704742411508]"
tVHA,5.0,0.996808526247,1000,0.0,-8.874598333745,"[6.389990823363453, 8.591403155073953, -0.04179664869314203, 9.42477796076938, 9.42477796076938, -1.5156562201199848, 1.7878361302895645, 2.4989823467193806, 5.445577679241435, 3.270537141744602, -1.197145261294325, 3.8742744713513826, 8.602320000829353, -1.059640247748375, 4.6693887863445624]"
tVHA,5.0,0.996808526247,5000,0.0,-8.875502671226,"[9.424777960769378, 9.42477796076938, 1.2041574849870107, 8.043928857520136, 7.460195725452765, 2.4786985548471825, 5.01112167268078, 1.7104648234632167, 5.118628160352683, 4.954493419112546, 3.1187786778339888, 4.797804584195223, 9.42477796076938, -2.210981481949366, 5.558708570602828]"
tVHA,5.0,0.997174559019,1000,0.0,-8.874763580414,"[0.46733620561782596, 8.562325501004633, 0.27339852393910063, 9.42333115575311, 9.138112084168746, 0.14360113093497945, 1.3261334816627963, 2.185826405531393, 5.887704230635306, 3.5484475771014243, -1.2669520467608693, 4.8821329846667165, 9.23466923498193, -1.6535557556416776, 4.947222825390616]"
tVHA,5.0,0.997174559019,5000,0.0,-8.875302483752,"[-1.5442965457370725, 9.42477796076938, 2.0290412706291523, 9.42477796076938, 7.344264193578449, 5.94692858026786, -0.0017403838920078255, 1.2809185058977546, 5.028936556566354, 5.253476397288355, -0.6071908053564423, 5.447665661924857, 9.42477796076938, -0.7609128516492398, 5.869685457878063]"
tVHA,5.0,0.997540591791,1000,0.0,-8.874533683171,"[4.6602518270752356, 7.658739094994196, 1.0866179279395576, 9.42477796076938, 9.42477796076938, -0.5027773368345534, 1.649648385071613, 0.9525659665404266, 7.819676874850581, 3.2065878516630706, -0.8825785425613637, 3.959575555095385, 1.2012242359970182, 6.800755684161501, 4.155416639493485]"
tVHA,5.0,0.997540591791,5000,0.0,-8.875196553159,"[-5.292822617135795, 9.42477796076938, 7.1603818522787925, 9.238756472133659, 7.632610044567935, 2.08284751089231, 1.6164585713119255, 3.4373251737953474, 4.964723659546435, 6.072895494837994, 0.8966217130618654, 3.279577900536789, 4.152643754848567, 6.315112303875141, 5.702353659670023]"
tVHA,5.0,0.997906624563,1000,0.0,-8.874426000843,"[9.42477796076938, 9.42477796076938, 8.216519208579133, 9.20481823740418, 7.91077238340865, -2.6886465737424645, 0.5047493176243134, 4.2074487713905775, 4.748530924309008, 4.362595940445122, -2.010556048139171, 0.9233505860402593, 5.4184083258500575, 4.988107543479382, 4.653105272364831]"
tVHA,5.0,0.997906624563,5000,0.0,-8.875422211838,"[9.42477796076938, 9.42477796076938, 6.855308794985317, 8.204011846683304, 7.090590604311653, 2.8621631493579534, 2.8734900069453166, 4.6526614114103175, 5.747153169131219, 5.586005347480606, 3.067190603730535, 3.8271565298734935, 4.700337168986085, 6.899171634006976, 5.2881644638844705]"
tVHA,5.0,0.998272657335,1000,0.0,-8.874496147561,"[5.626069900043982, 9.055269603552398, -0.1910649330990103, 9.42477796076938, 8.990485858492335, -1.3899261174282558, 2.5746127161404573, 2.3939501450678664, 5.711910239775168, 2.7373859710054678, -1.4172246313740207, 4.702571284156006, 9.240576318117398, -1.6067811372814442, 3.3264178708441583]"
tVHA,5.0,0.998272657335,5000,0.0,-8.875331354246,"[-1.5081784897342554, 9.42477796076938, 2.152813125814301, 9.42477796076938, 7.277557352014289, 6.273312160352382, -0.12381401955498826, 0.9892724642917684, 5.361795927976935, 5.358459758906202, -0.6038084910137977, 5.4810718655163235, 9.42477796076938, -0.6934473343896805, 5.957631614413688]"
tVHA,5.0,0.998526449376,1000,0.0,-8.874529473364,"[5.652718952843505, 8.912277338532988, -0.39012396641754743, 9.42477796076938, 9.062796899587537, -1.4282501797109417, 2.600698177251995, 2.2541469618503127, 5.811564456746441, 2.701049571970117, -1.2575822761249769, 4.689842515664678, 9.174082260235867, -1.5915443970257144, 3.516158555661909]"
tVHA,5.0,0.998526449376,5000,0.0,-8.875412345032,"[9.42477796076938, 9.42477796076938, 1.200026179051216, 8.034993154764878, 7.069032659210604, 1.9349204992636488, 5.622130693942724, 0.775413301829253, 5.6708636652734095, 4.667354699989589, 3.057764720983017, 5.052377398448345, 9.086282066870393, -1.8649229094479491, 5.076694107321847]"
tVHA,5.0,0.998780241418,1000,0.0,-8.874604946286,"[2.722084528821296, 9.42477796076938, 0.17572854618126577, 9.42477796076938, 9.361214632113507, -1.379884573354389, 2.6761437952349993, 2.4591308649598713, 5.813088893383994, 3.168778851202563, -1.6968171730840353, 4.757498566732482, 9.255101376316672, -1.4663078686297404, 4.0314126041396054]"
tVHA,5.0,0.998780241418,5000,0.0,-8.875390812363,"[9.42477796076938, 9.42477796076938, 1.0019895125089036, 8.217595248112126, 7.476785587137815, 2.382549288053807, 5.022423007196933, 1.2224356008094306, 5.210607949831355, 5.238855304043013, 3.365782186320863, 4.742380558326547, 8.947980004273788, -1.6614100615825214, 5.586941641781816]"
tVHA,5.0,0.9989063547,1000,0.0,-8.875007079587,"[9.42477796076938, 5.632892978211896, 3.8200734331939508, 9.381434389659335, 7.466977393652716, -0.1681532343142304, 3.8021110409794074, 0.9026082544546015, 6.0109475607991945, 4.108347471566173, 1.032226471440531, 4.121839889375686, 2.1084143638654393, 6.202753483882885, 4.443564530057703]"
tVHA,5.0,0.9989063547,5000,0.0,-8.875420428512,"[9.42477796076938, 8.945049894593977, 6.336839665903949, 8.559472848418304, 7.043670860678598, 2.8783379195178913, 3.6064536394796236, 3.4655631721779074, 5.962275833936596, 5.820084673947402, 3.245974614065541, 4.234024371262681, 4.200995817791124, 6.534754992009651, 5.953076017464495]"
tVHA,5.0,0.999032467982,1000,0.0,-8.874557828585,"[9.42477796076938, 9.42477796076938, -1.3661126096120744, 8.998138614845379, 7.168934954093691, -0.3308873397832345, 3.9849899709455405, 0.5385568045215774, 6.513364954645148, 2.0284612411143916, 0.4566156870591608, 5.695355662019297, 0.4722162305385074, 6.2843195179202995, 3.150780525323158]"
tVHA,5.0,0.999032467982,5000,0.0,-8.87524478171,"[9.42477796076938, 9.42477796076938, 1.061240297609236, 9.201429422219679, 7.298199430094935, 2.2239728806367274, 4.632658740823926, 2.733851815100581, 4.023782543093644, 5.875616624916294, 3.049581273042854, 4.906353215192696, 0.5805072741918604, 7.179390600469272, 5.527538163349357]"
tVHA,5.0,0.999158581265,1000,0.0,-8.874547315608,"[6.7612356206895425, 9.42477796076938, 4.851655930101509, 9.42477796076938, 8.430926191362344, -2.2306014206565843, 1.2344687616596168, 4.564635592346216, 3.4234672601971714, 4.450495724079049, -1.6896832156356218, 2.5510418950239684, 4.030075871635645, 5.200627294640354, 4.583272699063722]"
tVHA,5.0,0.999158581265,5000,0.0,-8.875364153477,"[9.42477796076938, 9.42477796076938, 6.707167690057542, 7.883944263099171, 7.475336345571092, 2.59052595817719, 2.4483302357464467, 5.139469291924473, 4.830472580592769, 5.894596546063957, 2.791569270756117, 3.8652908880480608, 4.516492463418659, 6.831878339804559, 5.21917386371492]"
tVHA,5.0,0.999284694547,1000,0.0,-8.874963630238,"[1.9768796761296217, 9.42477796076938, 0.972067697352373, 9.42477796076938, 9.20319415277162, 0.7746009816500969, 2.1267283718272956, 3.5635986118770058, 4.303908508780987, 4.5902683201762, -0.20696777514043105, 4.1895553436445265, 8.514104579241458, -0.7289918518218432, 5.610387054035213]"
tVHA,5.0,0.999284694547,5000,0.0,-8.875283150531,"[-2.0278510400924006, 9.42477796076938, 2.032622161746491, 9.42477796076938, 7.268486613792696, 5.517092938883036, 0.31075044155706394, 3.2353273820684145, 2.9693321059606124, 5.348917463529963, -0.5663957786513261, 5.388964638726188, 9.42477796076938, -0.5442384480461075, 5.499876877243253]"
tVHA,5.0,0.999396935277,5000,0.0,-8.875191358548,"[-2.9643557298584664, 9.42477796076938, 1.7736495717545195, 9.42477796076938, 7.868525295895393, 2.4889835013063664, 2.3232578361985503, 2.7432908917150325, 3.9740995879945595, 4.998121156443249, -1.1269572417449962, 5.079907270609081, 9.424777960769378, -0.5508624747830033, 5.454143039474461]"
tVHA,5.0,0.999396935278,1000,0.0,-8.87488705424,"[0.16696109883928423, 8.17928595860985, 0.391613894953004, 9.42477796076938, 9.42477796076938, 0.3344557329307529, 2.1365488635769836, 3.65598655048311, 4.284831096792471, 4.342586737170097, -0.8571454277454243, 4.71771467276929, 8.793587085992154, -1.0642162589969675, 5.014299677780848]"
tVHA,5.0,0.999396935278,5000,0.0,-8.875428207892,"[9.42477796076938, 9.42477796076938, 1.8916793910212375, 7.04138153284606, 7.477939073824659, 2.1981689108175635, 5.485010634143011, 2.2797900201805144, 4.206625568543259, 4.7876800781050415, 3.3121460846790924, 4.68717296324005, 9.24757066989161, -2.132422813170863, 5.485899651814772]"
tVHA,5.0,0.999509176008,1000,0.0,-8.874818004563,"[0.9473662981600472, 8.992473127092179, 0.7449537817096309, 8.87666623389579, 9.067504420627298, -0.9202029863931538, 3.526592682232324, 2.921825900273344, 4.613658613835595, 3.803016140565914, -1.3948305670684915, 5.194429753310637, 9.146410122365516, -1.956240760731072, 4.785634043044084]"
tVHA,5.0,0.999509176008,5000,0.0,-8.875330985119,"[-1.230869532275547, 9.42477796076938, 1.988220009109766, 9.42477796076938, 7.4378982599829335, 6.628964534463212, -0.8967930238468473, 2.7091228313430924, 3.834874521188369, 5.364203988680293, -0.15860929570675927, 5.244523848205599, 9.42477796076938, -0.8074700227665448, 5.857416533660167]"
tVHA,5.0,0.999621416738,1000,0.0,-8.874777395155,"[4.530346326731336, 9.42477796076938, 1.887482632987742, 8.724676911305881, 8.140849873929785, -0.8300859751444527, 3.172410728420453, 3.0365488046866362, 4.901322797476395, 2.664666562369854, -1.0347887273782201, 4.48221907144047, 9.42477796076938, -1.8844338285377247, 4.93975724984352]"
tVHA,5.0,0.999621416738,5000,0.0,-8.875201077032,"[-2.4577088625414145, 9.42477796076938, 2.416819023727726, 9.068661906131528, 6.919701338436607, 2.281940202238486, 3.5632216095993487, 2.1835837562550666, 4.659510032964602, 4.222983343313786, -1.0042665859219344, 5.8331404030862615, 9.42477796076938, -1.1297457984477182, 5.33966622225703]"
tVHA,5.0,0.999733657469,1000,0.0,-8.874770257386,"[3.153021744035195, 9.09804857628412, -0.08593677526954316, 9.42477796076938, 8.171150466877865, -0.34946211083769224, 3.0606280826331425, 1.4274252877898612, 6.012592941107013, 3.1159868833408346, -0.20377819599114777, 5.212520261891539, 8.693278055159944, -1.7246811808379858, 4.464599610494268]"
tVHA,5.0,0.999733657469,5000,0.0,-8.875306918811,"[-2.0243576333334685, 9.42477796076938, 1.8268112185215313, 9.42477796076938, 6.903670531891027, 5.782115960091851, 0.5537637167923122, -0.8288931573930831, 6.6942710439715984, 4.721571404450382, -0.3874072349860542, 5.3823730232427005, 9.42477796076938, -0.9611028070987209, 5.6229488076120875]"
tVHA,5.0,0.999772723482,1000,0.0,-8.874922433075,"[-0.9556979037113797, 9.42477796076938, 0.15073471638859093, 9.42477796076938, 8.64740046596187, 0.10646877592306431, 3.492923758954788, -1.5082022330509748, 8.684862166192369, 4.609174487440143, -0.08412916206309345, 4.832180217906052, 9.131106999644754, -1.986208268623803, 4.999576344856122]"
tVHA,5.0,0.999772723482,5000,0.0,-8.87529904852,"[-2.364969300142413, 9.42477796076938, 1.6407672293698594, 9.42477796076938, 7.326940417348782, 5.830123574884519, 0.4142072939268487, -1.35132180593666, 6.941221339944596, 5.100370007990888, -0.4604490514744094, 5.162221319972517, 9.42477796076938, -0.8193094125417428, 5.725382981353814]"
tVHA,5.0,0.999811789496,1000,0.0,-8.874930718215,"[-5.446665100113574, 8.296189717246726, 0.6471675022315603, 9.42477796076938, 8.941298218053717, 1.8426414922713863, 1.3133814422856434, 3.556715580945581, 3.3918296268663433, 3.684412203755543, -0.9120527643905871, 4.108530399607867, 9.401960726268449, -0.43053786217913714, 5.068417494306289]"
tVHA,5.0,0.999811789496,5000,0.0,-8.875285707427,"[-2.9951404926328684, 9.42477796076938, 1.9508596190858825, 9.42477796076938, 7.500603303517487, 5.408921370044306, 0.31799756252601896, 2.513062597468389, 3.1255709046692948, 5.522087656351691, -0.893333758169274, 5.047530281611774, 9.42477796076938, -0.08259843810546251, 5.567594019739815]"
tVHA,5.0,0.99985085551,1000,0.0,-8.875128772539,"[0.7425608557107131, 9.42477796076938, 2.222323708461275, 9.42477796076938, 6.982766848747558, 2.874528110814531, 3.0588348371803917, 2.469787043245107, 5.140612906729763, 4.365903721719736, 0.7484369106679726, 4.873371565990885, 8.462470852064246, -0.9137445242429316, 5.527394926234587]"
tVHA,5.0,0.99985085551,5000,0.0,-8.875371993997,"[-1.6225853971487867, 9.42477796076938, 2.3001499870470905, 9.07345303350656, 6.939820148203697, 8.392882950148572, -1.4660689290006121, 2.4844276078470937, 3.2809968156258704, 5.5288087041963, 0.5721412662367593, 5.088736889389713, 9.42477796076938, -1.0402447419873764, 5.726421430127068]"
tVHA,5.0,0.999889921523,1000,0.0,-8.87473563454,"[1.9147511956430847, 9.42477796076938, 0.5579238781967841, 9.42477796076938, 9.36679644709005, -1.219595177330849, 3.4753413573046896, 2.1282549536603605, 5.915813363679426, 4.006639844104238, -1.7457892431983004, 4.721833819334838, 8.803236474333772, -0.9711438103873435, 4.429200372635392]"
tVHA,5.0,0.999889921523,5000,0.0,-8.875388632091,"[9.42477796076938, 9.42477796076938, 1.5903027384699109, 7.55094722981038, 7.511100274765339, 2.1456803297987364, 5.403402046664564, 1.2827818568755451, 5.2678321738607625, 4.937234519660727, 3.3142480541504877, 4.554390986496471, 9.221136072210555, -1.8227807682945785, 5.457086583497064]"
tVHA,5.0,0.999917441142,1000,0.0,-8.875033231253,"[9.42477796076938, 9.328058608659877, 0.4834946448598514, 9.42477796076938, 8.896745628714115, -0.13076902466567678, 3.301414014249911, 3.591232200256225, 3.669286322317882, 4.527237275862552, 0.19672795388762376, 4.285143269709899, 9.42477796076938, -1.8269763954477247, 5.0541416230242575]"
tVHA,5.0,0.999917441142,5000,0.0,-8.875436535564,"[9.42477796076938, 9.42477796076938, 0.8378449254911108, 8.416657934351383, 7.417823845970975, 2.4031735576602182, 5.057783061784364, 1.933507374745803, 4.567615879979573, 5.239527341503986, 3.343454503091043, 4.845139306289157, 9.42477796076938, -2.0832173718260973, 5.434151043651124]"
tVHA,5.0,0.999944960762,1000,0.0,-8.874878328917,"[-0.3656964556016199, 9.401952949101734, 0.21323606664238326, 9.42477796076938, 8.516058681181285, 0.22478324299008706, 3.146061577284283, -1.6061579143826807, 8.810643465573424, 4.117506150955757, -0.7373593514226842, 5.7252813510445995, 8.81884531617646, -1.7279173342528642, 5.177642017392836]"
tVHA,5.0,0.999944960762,5000,0.0,-8.875236653934,"[-2.1084927484284526, 9.42477796076938, 1.6459905589086374, 9.42477796076938, 7.781784214989964, 4.398080263285921, 0.7738754242000326, 0.000935522582376588, 6.231649152174671, 5.047015634570418, -1.1172828504155148, 5.298541552607887, 9.42477796076938, -0.6717627231427996, 5.81845811046459]"
tVHA,5.0,0.999972480381,1000,0.0,-8.875030905829,"[9.42477796076938, 9.42477796076938, 0.13062021948740907, 9.42477796076938, 8.59550942821536, 0.1647011966526261, 3.5398030624949253, -1.9674496557631596, 8.903467483493461, 5.0509193080392745, 0.6814663049674401, 4.136879849222741, 9.42477796076938, -1.7568167073183294, 4.846470965787448]"
tVHA,5.0,0.999972480381,5000,0.0,-8.87527830374,"[-3.0493559508454284, 9.42477796076938, 1.38419910105687, 9.42477796076938, 7.557877408175001, 4.8564427007892, 0.7310569632270536, -1.1456234073883234, 6.675576863768461, 4.905845623053047, -0.6099465657768521, 4.804814336983208, 9.42477796076938, -0.6758678768481723, 5.5086140500360825]"
tVHA,5.0,1.0,1000,0.0,-8.874944943665,"[3.635649821383355, 9.061019558648482, 0.44964274878751465, 9.42477796076938, 8.548916876894506, 0.36311352681387776, 2.868380100329057, 1.4069869792516552, 6.16339724589838, 3.977522404392567, -0.0020751397464813352, 4.6650165462637885, 9.42477796076938, -2.2353946767481276, 5.088503776997167]"
tVHA,5.0,1.0,5000,0.0,-8.875269325343,"[-3.713062753004024, 9.42477796076938, 1.6640416241190632, 9.42477796076938, 7.082158599226526, 5.270515695340561, 0.8173454155610145, 1.127530244807985, 4.4292270495206445, 4.6750662620195556, -0.2592381500442897, 4.498908826243009, 9.42477796076938, -0.1811066445626656, 4.9041930098857875]"
