,ansatz_name,trotter_steps,threshold_gamma,max_evals,cx_error_prob,energy,optimal_parameters
0,HEA,,,1000,0.0,-5.18913278602,"[-0.04782185106233486, 0.011734953027325154, 0.0, 0.0, -0.03777427690168391, -0.011121360712170899, 0.0, 0.0, 0.19634954084936207, 0.19634954084936207, 0.19634954084936207, 0.21598449493429828, 0.17671458676442586, 0.19634954084936207, 1.3842642629880024, -0.19634954084936207, 0.0, 0.0, 0.0, 0.0, 0.0, 0.0, 0.0, 0.0, 0.04908738521234052, 0.09817477042468103, -0.15707963267948966, -0.5497787143782138, 0.09817477042468103, -0.09817477042468103, 0.23561944901923448, 0.15707963267948966, 0.0, 0.0, 0.0, 0.0, 0.0, 0.0, 0.0, 0.0, 0.19634954084936207, 0.19634954084936207, -0.15707963267948966, -0.6304782589147359, 0.19634954084936207, 0.19634954084936207, -0.6678019406633225, -0.2945243112740431, -0.00046978161628997766, 0.0, 0.0, 0.0, 0.0, 0.0, 0.0, 0.0, 0.15707963267948966, 0.23561944901923448, -1.246819584393449, -0.8246680715673207, 0.0, -0.39269908169872414, 0.09817477042468103, 0.19634954084936207]"
1,HEA,,,5000,0.0,-5.189359731804,"[0.04986069585138283, 0.0002112817919221314, 0.0, 0.0, -0.04985347579240231, -1.6331813365522338e-08, 1.9985962280670553e-08, 1.6020237079208605e-08, 0.19901182449038327, 2.691150597162311, 0.2097466818035161, 0.27894001781016314, 0.18615854199619242, -0.33457747788111636, -0.05699956215490763, 0.5126303692883015, -0.0036999959920702274, -0.001537166333207583, -3.451206803916702e-06, 0.00019579325290347313, 0.0033700402262416334, 0.00162601963515878, 0.0, 0.0, 0.03466992458112619, 0.25642446510461514, 0.3497141032200345, 3.141592653589793, 0.4504117228781084, -0.05829413333592501, 0.7730670365814745, 0.12223613399147543, 0.0, 0.0, 0.0, 0.0, 0.0, 0.0, 0.0, 0.0, 0.14147929717033242, -0.047246456386582744, -0.0540479509166545, 0.16575605965880444, 0.5216346220975875, 0.08375469595051546, 0.20703162789338195, -0.3197851824825061, -3.745070282919037e-09, 0.0, 0.0, 0.0, 0.0, 0.0, 0.0, 0.0, 0.12959069696057895, -0.27849159128882217, 0.30826497126931335, 0.22776546738526005, 0.22776546738526005, 0.22452177495203157, 0.216162401984949, -0.02755933773793141]"
2,HEA,,,5000,1e-06,-5.189339209482,"[0.0498407053887228, 0.0, 0.0, 0.00010271156780980082, 0.0499126389260364, 0.0, 0.0, 0.004941295878156716, 0.34505755079904177, 0.09190480772424738, 0.40056271958132317, -0.3441828895709002, 0.9725933140312226, -0.40750245564741305, 1.302195748921513, 0.0008791376154430663, -0.003840757090599661, 0.001961735365540181, -0.0005544818924419393, 0.0, -0.003310411625732562, 0.002004499735001843, 0.0, 1.9024637027648963e-05, 0.13120333411734336, -0.1937388403159745, 1.3459925774166548, -0.3603017251801075, 2.007242531495069, 0.692525707660302, -0.0808270807847091, -0.19744453033536002, 0.0, 0.0, 0.0, 0.0, 0.0, 0.0, 0.0, 0.0, -0.415004205211151, 1.0956163697611125, 0.20533752973994054, -0.47129315225674173, 0.30412058801222486, 0.46365028136110875, -1.0897036910532492, 0.19655667732162801, 6.98266359931381e-06, 0.0, 0.0, 0.0, 0.0, 0.0, 0.0, -0.004965529259824729, 1.1550537197910984, -0.6495407096623504, -0.17850566554790548, 0.34629012068240667, -1.2464552258097974, 0.16232766457434017, -0.2843836994872768, 0.06325928503683673]"
3,HEA,,,5000,2e-06,-5.189319597642,"[0.049737930838177104, -7.1303325743266615e-09, 0.0, 0.0, -0.049731525852848284, 0.00021858798099964622, 0.0, 3.8329129670971946e-07, 2.0224801817283957, -0.18563926183529011, 1.6457323366706558, 0.11328247110692376, -0.30731449730112415, 1.0420466231908336, 0.1784439788204063, 0.14527569806255394, 0.003363870792542029, 0.0017663859856109389, 8.816788017154892e-05, -0.0005213405088404637, 0.004036424128029136, 0.0012616688234610189, 0.0013737001872357111, 0.0, 0.09952669703622344, 0.39677648235900154, 0.20423625484818242, -0.5763642268041873, -0.030689211749523323, -0.3946424901900339, -0.38125081134047956, 0.26900472894771243, -4.0595976699663714e-08, 0.0, 0.0, 0.0, 0.0, 0.0, 0.0, 2.0297988349831857e-08, 0.2931461654419214, -0.9835199438377029, -0.09386761091410753, 0.22212849351174085, 0.11732879570836341, -0.11628912663612942, 1.12575396284298, -0.710461029524777, -1.0148994174915928e-08, 0.0, 0.0, 0.0, 0.0, -0.00020436099941920002, -0.001409034045801688, -4.0595976699663714e-08, 1.8246293902901791, 1.4373448747623254, 0.0713018525815699, -0.18666155538266704, -0.29928795953839293, 0.1932312179187145, -0.03528129659418608, -0.3465359563600453]"
4,HEA,,,5000,5e-06,-5.189259637655,"[-0.04994951343603096, 9.920728216113767e-08, 0.0, 0.0, -0.04988524328601642, 0.0005475257661065897, 0.00019416588011985806, -0.000748925537605167, 2.7439056379000815, 0.8473950495840934, -0.08368589903342236, -0.026662377882710885, -0.7124675459684051, -2.8866649531589808, 0.30478811280346707, 0.011622958606186852, -0.0036279307414382456, -0.0017166182298176496, 8.744813438025332e-06, 0.0, 0.003325125020138265, 0.0016964627119429648, 0.0, 1.8725351414619643e-08, 0.34240629272156725, 0.23236768616304104, -0.1258738642232384, -0.03223021602159423, 0.011972926818823696, -0.005787124690566433, 0.3296775785897256, 3.141592653589793, 0.0, 0.0, 0.0, 0.0, 0.0, 0.0, 0.0, -0.002286592626447575, 0.2939565494370855, 0.18991484544191378, 0.4376836185430257, 0.03189200651271206, 0.00030318766665909805, -0.3396679275345128, -0.0004232302723157867, 0.0043472016093493, 7.490140565847857e-08, 0.0, 0.0, 0.0, 0.0, 0.0, 0.0, 0.001536874563280143, -0.01627985796860141, -0.02611743765443792, 0.42596688297135676, -0.43503830039972535, 0.3993900009248917, -0.41453466968823743, 0.735243331556549, -0.04329508870121309]"
5,HEA,,,5000,1e-05,-5.189159202821,"[0.04988312605733852, 8.244222287958402e-05, 0.0, 0.0, -0.04973411396429506, -8.449036705016674e-09, 0.0, 3.257901995188625e-06, -0.33386161308349804, 0.2220559839441556, 0.06893414175904017, 0.06270040140818761, 0.6896515821507039, 1.1404002590483082, 0.013476289061341573, -3.141592653589793, -0.0036839408428594013, -0.001878572031414346, 0.0, 0.0, 0.002313222030839626, 0.0015617932182738878, 0.0, 9.474155287168286e-05, 0.13361643396885284, -0.5154964446932511, 0.1143954648599802, 0.5258154516070139, -0.32525060302929676, -0.3929469116348917, -0.358263780923462, -3.141592653589793, 0.0, 0.0, 0.0, 0.0, 0.0, 0.0, 0.0, 3.7081024029819993e-06, 1.3171078118801516, 0.18488755365717016, -0.8250835122760324, 1.490863692381279, -1.2374737100412094, 0.4194683747558229, -1.1869962877567732, -0.07579314109084845, 1.0377609413840694e-08, 0.0, 0.0, 0.0, 0.0, 0.0, 0.0, 0.0, -0.03307805660575154, 0.3355878496126434, 1.2038398564215411, 0.5242950002918345, 1.581196281902339, -1.57012466817031, 0.02331131988235862, -0.03606802508963331]"
6,HEA,,,5000,2e-05,-5.188959948887,"[0.04981395640448692, -8.645313589395134e-09, 0.0, 0.0, -0.049884457641283804, 5.3260301649292636e-05, 9.858849320885519e-09, 0.00022001107371574818, 0.27569554413068825, 0.1538912853316532, 0.3592170379114219, -0.09213317652476644, -0.1638420173436132, -0.9844038733955707, 0.10970337399612975, -0.26048136731897187, -0.003673058176954196, -0.0015292869723525725, 0.0, 0.0, -0.0033872541496095263, -0.0017657220846168957, 0.0, -0.0016997378141837985, 0.17994277095745367, -0.18027148738161908, -0.33403060448283184, 0.17804707104265594, 1.174392392462769, 0.2841436873883142, 0.1403696329834844, 0.509389855078604, 0.0, 0.0, 0.0, 0.0, 0.0, 0.0, 0.0, 0.0, 0.2290337623462806, -0.14475179891217083, 0.30805574530135604, -0.47471681677515, -0.16490293469770653, -0.07694092882348388, 1.4237000779933338, -0.5474711420063987, 0.0, 0.0, 0.0, 0.0, 0.0, 0.0, 0.0, 0.0014493421994915632, 0.30950185853303147, -0.2108706722544067, 0.8824688461248882, -0.5874361051826691, -0.05751687359925194, -0.19588286930395218, 1.8244159019733197, 1.3220730948590953]"
7,HEA,,,5000,5e-05,-5.1883593401,"[0.04987050486511849, -7.250456805740398e-05, 0.0, -0.00014806861613242037, -0.049985569075141685, 0.0, 0.0, 1.944996161431746e-05, 0.29433216376285554, -0.9899518509808096, 0.8621657564062635, -0.16698189703385266, -0.17547936178443047, -0.11007619204669145, -0.2906623966526015, 0.3255583653114314, -0.0038903578280172087, -0.0002469611465206082, 0.0, 0.0, 0.0030907191834438213, 0.0018819227936512032, 0.0, 0.0, 0.37761294177947835, -0.22029826150772785, 0.15521273565500177, -0.20737911190446548, 0.8494266341022162, 0.777542974178635, 0.315293128993414, -0.3183388388427972, 0.0, 0.0, 0.0, 0.0, 0.0, 0.0, 0.0, -1.9463691732563787e-05, 0.16974019905882132, 0.5230163481679188, -0.006567517798882396, -0.4169995544489865, 0.25986303702723607, -0.08376605509912485, 1.0100690276803472, 0.7866120078908527, 0.0, 0.0, 0.0, 0.0, 0.0, 0.0, 0.0, 0.0, -0.018693928308345396, -0.41776704308319523, -0.010305007764609584, 0.20175410782738795, 0.5286659643150201, -2.321554349554698, 0.024934646277774468, 2.263677349993154]"
8,HEA,,,5000,0.0001,-5.187360594905,"[0.04971700748484633, -0.0004916721601744325, 2.324059150617772e-06, 0.0, -0.04969651684499189, -3.1131461291030825e-06, 0.0, 0.0, 0.2746379055545765, 0.9605136320309073, -0.7380501045980076, -1.1137263687649395, 1.177299565157157, 1.6705437629657216, -0.001455461395760063, -0.5207853385650278, -0.003943103798664074, -0.0013042003787901817, 0.0, 0.0, -0.0034978685083990532, 0.0012086391952695385, 4.967242841320374e-05, 0.00019325874000224326, -0.25192085872884035, 0.2746022731188804, 0.8604043941106212, -0.4659359950692965, -0.32139605362880463, -0.08591899045284841, 0.0628777114037249, 0.12787769723757572, 0.0, 0.0, 0.0, 0.0, 0.0, 0.0, 0.0, 0.0, 0.40492668134433824, -0.14267482879582674, -0.287936318816421, -0.5896776791980358, 0.8897478888178906, -0.8470191707054617, 1.0148111540260487, -0.12304268688083864, -5.0876073767738085e-06, 0.0, 0.0, 0.0, 0.0, 0.0, 0.0, -0.00014634121198459007, -0.5748731748659879, -0.4816692285785448, -0.27011245841341275, 0.20375670888862446, 0.268855209687226, 0.2018033473361163, -0.8982397088544125, 0.47405085002183317]"
9,HEA,,,5000,0.0002,-5.185363261611,"[0.049940478484707694, 0.00026218041086647516, 0.0, 0.0, 0.04966076578777691, 0.00017956079920485848, 0.0001111516066185739, 0.0, 0.3889995102585119, 0.13086443361435887, 0.31842354667883493, -0.4387179134176896, -1.301173628272425, -0.14231319920399518, -0.4041047696184605, -0.3979711474507778, -0.0036377249467116745, -0.001556893856854875, 8.998504090507588e-06, 0.0, -0.002675419171309073, 0.0014224453182626639, 0.0, 0.0, 0.5141589713336125, -0.43317613359481244, 0.01801713387357124, -0.5000261368773844, -0.7630647299954174, 0.36280785242144675, -0.09447920684353367, -0.43736416770917885, 1.953836835092118e-08, 0.0, 0.0, 0.0, 0.0, 0.0, 0.0, 0.0, -0.038408645649126744, -0.18870985605944154, 0.07860441137884801, -0.18374615046035808, 1.4312565125584849, -0.6336508820644312, -0.007475002791537077, 0.8279729303159915, 0.0, 0.0, 0.0, 0.0, 0.0, 0.0, 0.0, 0.0, -0.3950843084531982, 1.4275973892935223, 0.2748893571891069, 1.1120696315082679, -0.13173689880170492, -0.3975119994340909, -0.4172966691539849, -0.11296472023482088]"
10,HEA,,,5000,0.0005,-5.179377977296,"[0.04977812006044495, 0.0, 0.0, -3.320853576111768e-08, -0.04932028180220953, 0.00046496980515157326, 6.2201654156620985e-09, -0.0003869261033808583, 1.0501110553534598, 0.13658929350959367, 0.27853550157973156, 0.45233514651756057, 0.31361172205336063, -0.16350265242552295, 0.6646141892704506, -0.45309902492669185, -0.003120642860133759, -0.0017905121362448502, 0.0, 0.0, 0.0032643543780340816, 0.0014547112813259122, 0.00012261190067353126, 0.004054294445637213, -0.33512892148832885, -0.07687660824246184, -0.1424393478859835, 0.36012273381326165, -0.5203871108382834, 1.2878944605666853, -0.09182377226224686, -0.17958600914375572, 0.0, 0.0, 0.0, 0.0, 0.0, 0.0, 0.0, 0.0, 0.39034784067673134, -0.5309649961136088, 0.565475562988996, 0.18522079245455456, -0.5917402644086736, 0.16416736501203405, -0.5927635169240155, 0.13397782259896013, -1.242774509403838e-05, 0.0, 0.0, 0.0, 0.0, 0.0, 0.0, -0.0037102681310597994, 0.1347821114928275, 0.14045126315924747, 0.8050331174823845, -0.06669357606502238, 0.24350439450512928, 0.9587449610072583, 0.003978442743646371, 0.1183184769708759]"
11,HEA,,,5000,0.001,-5.16942641763,"[0.04966377568414162, -4.7149891982256224e-05, 0.0, -6.08993928697899e-06, -0.04969989401794144, 0.0, 0.0, 5.470238129515391e-06, 0.31315639427211406, 0.07558602728721978, 0.893086029182694, -3.141592653589793, 0.2054450709658009, -0.09482981143330278, 0.9491295367894332, 0.7805985033413827, -0.0032400497900995293, -0.0012253333410114473, 0.0, 0.0, 0.003258284303830297, 0.0019197864819887353, 0.0, 0.0, 0.0027603761798713176, -0.41477786110927206, 0.46300423188022966, -0.001004739631078281, -0.33159066043397767, 0.21017886368590244, -0.045266521199833515, -0.770403971032346, -8.633403072922893e-09, 0.0, 0.0, 0.0, 0.0, 0.0, 0.0, -4.449271522167142e-06, 0.05816438293738972, -0.18598235767368515, 0.5172294238983235, 0.11041992314013371, -0.8042679505143604, 0.1121312147657948, -0.06502119196015224, -0.1197786933550945, 3.06965442592814e-08, 0.0, 0.0, 0.0, 0.0, 0.0, 0.0, 0.0, -0.3516939444578545, -0.23595435474416251, -0.06852088978029924, -1.077003474766584, 0.5843034301550231, -0.23323401970684232, -0.020054305179942528, -0.45219233663371705]"
12,HEA,,,10000,0.0,-5.189359252983,"[0.0498957533401392, -0.00031237881371231604, 0.0, 0.00048782861201064517, -0.049549637076604966, 0.0004545615976784029, -0.00046974152762194464, 2.796311198230919e-05, 0.1973587023486619, -1.3910186263871338, 0.15757722154240514, -0.233595618992618, 0.20330553371560717, 2.4434959371515177, 1.1461963721733794, 0.350085859938727, -0.003612277509957926, -0.0015835296659844778, 0.0, 0.0005337452567576651, 0.0031286059603182533, 0.0016143698278959658, 0.0, 0.0, -0.7006518343369712, 1.0054380845360458, 3.0350547889201778, 2.0388489808995454, 0.8950634562242983, 0.2835442353327211, 2.312836994196608, -0.31910475267631666, -5.415578922262652e-08, 0.0, 0.0, 0.0, 0.0, 0.0, -0.0008204706537218852, -3.7001617716869294e-05, 0.29478774874886904, -0.09307031457313064, -0.7774434676003925, 0.4749982353354813, 1.1664218185904116, 0.0958415508804486, 1.559887858345204, 0.3101964274163552, -0.0002460215639896609, 3.389809304659871e-06, 0.0, 0.0, 0.0, 0.0, 0.0, 0.0, 0.2991474572456515, 0.45676934393172774, -0.01153596916892595, -0.7997528143929455, 0.12964116479422555, -0.9823881486115043, 0.30395871330184776, 0.2094988842655946]"
13,HEA,,,10000,1e-05,-5.189158713297,"[-0.049872338172256364, 9.532668901005034e-05, -1.7888178903456152e-05, -0.00026213760094304366, 0.049749721134695266, 4.501849450285976e-09, 0.0, 1.3169122616827299e-08, 0.29454364689148416, -2.2726779656001304, 0.1712325286291936, -3.118647116368513, 1.4891793069682144, 0.7453307992820551, 0.004136860874327062, 0.023960522791780264, -0.003253682144183657, 0.00172705742401723, 6.061757154804937e-05, -0.00015488068193734718, 0.003970559123909442, 6.999722179613295e-05, 0.0, 0.0, 0.8573398763157146, -0.7593358746500753, 0.29678958696616764, 1.355673137319989, 0.007824967731338872, 0.4249083014627988, -0.016605004880711892, -0.3378023006531077, 5.046527705950996e-09, 0.0, 0.0, 0.0, 0.0, 0.0, 0.0, 0.0, 0.0, -0.13905489755682326, 0.4000587127910799, -0.2682624271992582, 1.5707838828443554, 1.5855361862113448, -0.04039066273282465, -0.321225078715093, 0.0, 0.0, 0.0, 0.0, 0.0, 0.0, 0.0, 0.0, -1.1055905851246823, 1.0921883534237913, -0.10511695075924125, 0.08421983945142424, 0.031190455065119693, 0.27948365050486923, 0.023325009285403986, -0.023346356186016645]"
14,HEA,,,10000,2e-05,-5.18895994979,"[0.049883842877677304, 0.0, 0.0, 2.379678423204914e-06, -0.04989621683499956, 0.0, 0.0, 0.00037500535177278503, 0.13561686961125485, -1.4934260970344082, 0.21321385774170565, 2.4252342042878516, 0.5843891835364814, -0.2593317374804589, 0.006711735633037858, -1.5710601336644778, -0.0036907152199567414, 0.001723543082960709, 9.289053261340406e-08, -4.783070713068784e-06, 0.003569280837582983, 0.0016316501301082604, -6.533186343276966e-05, 0.00045268813144747294, 1.0979501452725233, -1.391404758397921, 0.12468547939817773, 1.519222686050135, 0.12565177682878353, -1.8215199344769566, -0.10406360621958816, 0.6852313960213348, 3.2385269738075994e-08, 0.0, 0.0, 0.0, 0.0, 0.0, 0.0, -0.0005845557495141111, 0.18214838374862774, 1.4999692746229434, 0.10727498914571694, -0.2847830025154857, -0.2130840183580553, 0.27683840246876956, 1.5770441229768317, 0.1972273250827822, 0.0, 0.0, 0.0, 0.0, 0.0, 0.0, 0.0, 0.0, 0.07535818376751487, -0.4787318871231503, -0.14789587921552877, -0.3384486377828272, 0.6787043236931136, -0.4314313892861624, 0.05447307361902806, -0.4858848985960516]"
15,HEA,,,10000,5e-05,-5.188360298382,"[0.04988155793048164, 0.0, 0.0, 0.0, -0.049908060473691895, 3.830093758955863e-06, 0.0, 3.7450702829239286e-08, 0.3920924713299951, 0.44261561818990475, 0.2427427067081777, 0.016392097651253046, 0.8530231304473462, -2.297304831749953, -0.025281287297648426, 1.467281422789174, -0.003567687141414564, -0.0016334718673644897, 3.462442488140927e-05, -3.0035491609469248e-05, 0.003605327196500951, 0.0016246817690523372, 5.2970985270273086e-05, -1.7752976157414528e-08, 0.18437872408452646, 0.2196210942961609, 0.1503906552112833, -0.41620813422468755, -0.6005940471522654, -0.6137294287676125, 0.8947666789377909, -0.012885610116432196, 1.3904434195532766e-08, 0.0, 0.0, 0.0, 0.0, 0.0, 0.0, 0.0, -0.19949086739808597, -0.18673807843741497, 0.19228248521213592, 3.0545814976856143, -0.3047760535950609, 0.40608019836870435, 0.41541942179160185, -0.3924734662437797, 1.8539270769245754e-08, 0.0, 0.0, 0.0, 0.0, 0.0, 0.0, 0.0, -0.0465573460424923, 0.035196352473147355, 0.1323469635482285, 0.26065375135341107, 0.11592319473711765, 0.9258164279892209, -0.007423866878527329, 0.6902200738715343]"
16,HEA,,,10000,0.0001,-5.187361002659,"[0.04983589196907494, 4.687407848802693e-08, 0.0, -1.1439906417557084e-05, -0.04984314954727508, 3.0078064074912008e-05, -0.00037030996394286995, 0.0007618154726758696, 0.17423999286449848, 0.02128845796297171, -0.13596004596992864, -1.6715912815309966, -0.3599757226635359, 0.9117468633374658, 3.141557417608677, -0.010743372109026362, 0.003672104561043767, -0.0017744281532154082, -4.097716399844724e-05, 0.0, 0.0034841043562425958, 0.0016228810937461658, -2.6821466537659965e-05, -0.0008640358633967159, 0.4409066350826849, 0.5375431233802479, 0.1568285744095152, 1.5725108511905694, -0.0734111620468253, -0.5144243251192973, 0.11725648809866093, -0.11762296491029453, 6.094222200331219e-08, 2.5604028462155106e-07, 0.0, 0.0, 0.0, 0.0, -0.0003703520128317968, -1.671379685415177e-05, 0.19717447549345596, -1.6604147663369364, 0.03395348857433235, -0.2680349026550297, 0.1965270098953779, -0.1757808279856401, 0.45687032402355926, 0.03689555020729625, 0.0, 0.0, 0.0, 0.0, 0.0, 0.0, 0.0, 0.00012789688027524827, 0.8347184236562164, 0.7753659646782483, -0.01119947686989171, -0.2044110469042379, 1.186161495505984, 1.2227903070852726, 1.6410783739304033, -1.6862575920613767]"
17,HEA,,,10000,0.0002,-5.185363452314,"[0.049859598197763234, 9.061648369429936e-06, 0.0, 2.142510077658601e-05, 0.049817357322574675, 3.4988186947858413e-06, 2.0236826355611055e-05, -1.7610824740283127e-08, 0.23739683084485208, 1.7565029928852138, 1.663676273054393, -0.3877063404061355, 0.9331330071558313, 3.132805539438449, -0.2864395861140683, 0.4354179280408518, -0.0034942101762475758, -0.001620945046244515, 7.730376597820605e-06, 1.1451847472555097e-05, 0.0036020777631931055, 0.0017647944789520769, -0.00018783188319632742, 6.803347291473859e-09, 0.7142938467372685, 1.0444511223662762, -0.5623542101431652, -0.4428718034910736, 1.3903381780821582, 0.48775734268092796, 0.3498869827933755, -0.29681098185857996, -3.840159958076298e-08, 0.0, 0.0, 0.0, 0.0, 0.0, 0.0, 6.712729590787422e-09, -0.6760524532756647, -0.11967748192561319, 0.8764524197827396, 0.1978091810584504, -0.21783236961528474, -1.0974540444030478, 0.0007601827833411691, -0.34913027577863354, -3.872497425183623e-08, 0.0, 0.0, 0.0, 0.0, 7.186824568858284e-06, 0.00015936002304859677, 0.0, 0.12101223921099866, -0.6418874600581201, 0.28963094048646576, -0.3668178646009933, 0.4182994757986106, -0.9297067949633937, -0.0635313189779601, -0.33601073201720555]"
18,HEA,,,10000,0.0005,-5.179378215641,"[0.04977215037460424, -6.950701526291588e-07, 8.813387238118252e-06, 1.9714859878449922e-06, -0.04970191104062327, 0.0, 0.0, 0.0013925615811302965, 0.5292434522620262, 0.17352358705408977, 3.1329174594420683, 3.1342054321619557, -0.6075799881290516, 0.7941085480519369, 0.03535580522391433, 0.20032478122799097, -0.003303019609649325, -0.0016981457815875589, -1.9077972746511044e-05, -1.7224696003165522e-06, 0.0034611672821834192, 0.0016068165589902537, -6.657047970170177e-08, -3.854105211116595e-06, -0.5993176334427072, -0.41194480826562785, -3.1391078370605783, 0.01996368284855455, 0.013190241725936476, 0.005225915718273478, 0.23135680670013786, -0.200880775939187, -1.3902341629070095e-08, 0.0, 0.0, 0.0, 0.0, 0.0, 0.0, -0.001387221907362996, 0.2149404791186461, -0.2872171252336092, 0.03298701672028132, -0.763222686784969, -0.0059422316606643644, -0.31477143407198616, -0.004020913530808912, 1.7620698740092386, 0.0, 0.0, 0.0, 0.0, 0.0, 0.0, 0.0, 0.0, -0.057698252531094014, 0.1597920765487053, -0.1438094331310633, -0.05412997041569846, 0.013062128304653644, 0.04779623852856307, 0.3454152930668686, 0.30273602613990885]"
19,HEA,,,10000,0.001,-5.169424698086,"[-0.04963410789709291, 0.0, 0.0, 1.0718084170062746e-05, 0.04947771629615344, 4.0387974708382276e-05, -2.8031912444779482e-05, 0.0008366122787390002, -0.5174562921533722, -0.040965945238051464, 0.682213869045794, 0.19633396727670413, 1.6202682262797046, 2.633093863371927, -0.9201876969855131, 0.10020015066431079, 0.002736561298961542, 0.0021046443669676578, 8.387358720015123e-05, 6.764104866218425e-07, 0.003574061751913713, 0.0004001620541769632, 0.0002898726852373621, -0.0008932891253867394, -0.6189435735890887, -0.3597071476867356, -2.4527004592073123, -0.2964382786841182, 0.34377920012711904, -0.44101617781870106, -0.5196208668341382, -2.204606233670514, 1.9525661079703405e-08, 3.601599904514181e-08, 0.0, 0.0, 0.0, 0.0, 0.0, -2.0611700327043833e-07, 0.002025252654137077, -1.3050207814433217, 0.20402948831246076, -0.4058192632837988, 1.5925502826385038, 1.7665601804584774, 0.15283630136751186, -3.1378508998773773, 2.5764625408804665e-08, 0.0, 0.0, 0.0, 0.0, 0.00015445770819217105, 0.00041047664916823545, 0.00010322520943459955, 0.7504245420625424, 0.852642162200071, -1.544092613860887, 1.4492877324035565, -0.18456539903906438, -0.8240002899305545, -0.6092950996611981, -0.48242254515457544]"
20,HEA,,,10000,0.01,-4.99536217195,"[0.04766754981230943, 0.00021443107201076362, 0.0003455733585018745, 0.0, 0.046078650901161644, 8.271602917764856e-07, 1.820084402221952e-07, 0.005461236063505749, 2.925463709815242, -0.1432131477082016, -0.568597444885108, 0.9445299361367774, -0.32365997977884975, -2.2297422716222317, -0.17647521312284775, 3.1004434431051764, 0.0018175462427181357, 0.0031567409556370724, 4.3096320574252753e-05, -0.00014653034589187707, -0.0006626253907680351, 0.0019297448564508926, 0.00029611340732316817, -0.00043335129153375087, -0.5413379776445579, 1.0583283956300797, 1.921048774198943, -1.5762392281133126, -0.17315297182691275, -0.7834686862288662, 0.0007430179027846614, -3.141592653589793, -8.308855530205295e-07, 0.0, 0.0, 0.0, 0.0, 0.0, 0.0, 0.030527838572568283, -0.6068181033233608, 0.030591462908143963, 1.557710439131543, -2.8681278940322215, 0.08553727866741669, 2.6597215836401302, 0.49395942028090795, 0.006218661669066009, -2.660682256667149e-08, 0.0, 0.0, 0.0, 0.0, 0.0, 3.0052037599504235e-05, -0.03697548823700078, 2.3146215890997297, -0.16989705117608384, 0.9680015365697572, -0.6861323401513337, 0.3866049371121867, -3.1385468703753556, 0.8541204673712111, -2.7340863183135715]"
21,UCCSD,,,1000,0.0,-5.227826453915,"[0.006109862131960306, -6.1776974561830026e-06, -0.0003223485694866734, 0.003340031544244143, 0.005965853753412351, 4.766694237087559e-05, 0.00011561284270808194, 0.003007348726651275, 0.02265341649933738, -0.047955822046858096, 0.0, 0.0, 0.045560810357539505, 7.295212307808062e-05, -0.028521565777111124, 0.023114837586261268, 0.0, 0.0, 0.0232518506169827, -0.12735974364788466, 6.601028774393393e-05, 0.04570799994527447, 0.0, 0.0, -0.026841657785863317, 0.02250927208223426]"
22,UCCSD,,,5000,0.0,-5.227827027985,"[0.006031126680589114, 5.1875371275262946e-08, 8.900645110273115e-08, -0.003197756884363035, 0.006023706774720146, -6.347298140118338e-08, -7.648782843447418e-08, -0.0032022399515076686, -0.022456822526769577, -0.04818317050374434, -1.4974543413391747e-08, -5.323889745961268e-08, -0.045715346574316314, 2.1827516443348324e-08, -0.028565145625133667, -0.023191535077700463, -3.6262635087737226e-08, -1.623409011211761e-08, -0.023191568540788132, -0.12739103485487457, 2.6144350792357836e-08, -0.045939484447787116, 2.943367251493335e-08, 1.420396326626238e-09, -0.026763336873836845, -0.022571792759761025]"
23,UCCSD,,,5000,1e-06,-5.226257335742,"[0.006012372887908313, 9.159975382791916e-09, -3.4553991107768624e-08, -0.0031970583637601613, 0.006015139887675316, 1.2325958074722376e-09, -3.3074810784428467e-08, -0.003211707413783916, -0.02244967215741632, -0.04815211523825602, 2.011269308483706e-08, 2.42864267197756e-08, -0.045695158333306465, -7.38530828333278e-09, -0.02855290388787576, -0.023181988484110107, -6.124244887491993e-09, 1.2085257884592219e-08, -0.02318483018127842, -0.12736965016554655, -1.2930653323203636e-08, -0.04593125984694775, -2.111086081359948e-08, 2.81230439083225e-08, -0.026764708419395856, -0.022573547514826438]"
24,UCCSD,,,5000,2e-06,-5.22468856726,"[0.005993674572653191, -3.3077878508239086e-08, 7.3734932136199235e-09, -0.0031962792772217506, 0.006006520642312331, 2.0931756617419263e-08, -4.6531225759922405e-09, -0.0032211548472131715, -0.02244256995134007, -0.04812116653743764, 2.4278895018829785e-08, -1.4399619102107487e-08, -0.045675012892333125, -1.0603690936308791e-09, -0.02854066835916709, -0.023172321559854592, 1.957350254533114e-09, -1.1156775570308623e-08, -0.023178053035518585, -0.12734836104813346, 2.6704256519120746e-08, -0.04592305797992248, 2.2225630024733088e-10, 4.267843054358396e-10, -0.0267659962441709, -0.022575376611469997]"
25,UCCSD,,,5000,5e-06,-5.219987799013,"[0.0059376114499879885, 1.864019384472543e-08, -8.629993834147806e-09, -0.003194130013062602, 0.005980628372166129, 1.4469959339452464e-08, -1.911473346161116e-10, -0.003249513967128587, -0.022421165881882782, -0.048028267661403945, -3.778059106583472e-08, 4.2910627608337524e-08, -0.045614607791683165, -3.117459626368931e-08, -0.02850393813709609, -0.023143577095367962, 7.77236508731149e-09, -1.662794748650321e-08, -0.023157691194312005, -0.1272843373729135, -1.483995148156933e-08, -0.04589847711192749, -7.575922925970932e-09, 2.3008613281406193e-08, -0.026769984608167638, -0.022580792042806608]"
26,UCCSD,,,5000,1e-05,-5.212171610544,"[0.005844331484324708, -1.8555739209102693e-08, 5.3853743240713934e-08, -0.0031904789228535783, 0.005937714023003943, 9.48091006790925e-09, -6.605388090055573e-08, -0.0032967463569507096, -0.022385521214028738, -0.04787385284418398, -1.2019320858211279e-08, 1.875197112483963e-08, -0.045514120586519505, 1.4892016842312059e-08, -0.028442858009214776, -0.023095663775040985, -2.9095159766940703e-08, -3.131154091109999e-08, -0.023123983862146258, -0.12717796845486562, -6.716376589960069e-09, -0.04585756801070987, 4.176215229371771e-09, -4.100259040766455e-09, -0.02677668847647033, -0.022589783141414473]"
27,UCCSD,,,5000,2e-05,-5.196608088515,"[0.005658798670891237, 3.3928206728218065e-08, 7.452819544523412e-08, -0.003183061355961782, 0.005852004873403415, 9.732271186895536e-09, -6.969144100104995e-08, -0.003390963162388432, -0.022314217211400436, -0.047566630373791795, 1.2914265756482611e-08, -1.6231685400620873e-08, -0.04531376583869508, -2.8009058035122934e-08, -0.028321062345409993, -0.023000098558428057, 1.823471657446338e-09, 2.7189797099035376e-08, -0.023056585612450355, -0.12696534557535716, -1.0447665061492949e-08, -0.04577591882836789, -1.0037620881317013e-08, 1.9369618549992652e-08, -0.02678996091757736, -0.022607563079812567]"
28,UCCSD,,,5000,5e-05,-5.150463596585,"[0.005109614650583921, -1.9590485823083876e-08, -4.2274617006012955e-08, -0.0031598917048824005, 0.005596997450003903, 2.000390371651071e-09, 1.227248637828876e-07, -0.003671896235296331, -0.022100245979311116, -0.04665698802970604, -1.1271183342629123e-08, 2.0586728232691045e-08, -0.044718322657001305, -3.56899754847723e-09, -0.027958718313438116, -0.022716126044948437, 1.9346293562350366e-08, -3.712087887461579e-08, -0.022856215731422304, -0.1263299501051417, -1.233922191158639e-08, -0.04553231740029828, -8.063600002305291e-09, 4.984431918754012e-09, -0.02682960562996447, -0.022659790148537425]"
29,UCCSD,,,5000,0.0001,-5.075345010808,"[0.0042197708314250775, 1.3121534056558064e-08, 3.258702463455254e-08, -0.003118433137535844, 0.005178901747154244, 3.342567761409373e-08, 1.8637281480077963e-08, -0.00413418201113538, -0.021743667594024088, -0.04518052454879673, 3.55570788376992e-09, -1.227922622514955e-08, -0.04374395947297821, -6.6074360143020505e-09, -0.0273646718112902, -0.022250821538803946, 1.878118312296362e-08, 2.9083603926086732e-09, -0.022527452458475913, -0.12527882602292653, -5.999328782593077e-09, -0.04513132009059147, 5.4378695814188585e-09, 1.4881598606734196e-08, -0.02689479087581212, -0.022742825324431788]"
30,UCCSD,,,5000,0.0002,-4.931587292137,"[0.002534383450640709, -3.2368925285827175e-08, 1.2521100401961097e-08, -0.003025389577999124, 0.004369648670804288, 5.69155957956658e-09, -3.6323882671952366e-09, -0.005037343014620855, -0.021032412206362004, -0.04236837885472894, 3.396539883594753e-08, 1.7474356460935606e-08, -0.041860497432347245, -1.7138304447486677e-08, -0.026213017787092726, -0.021349934211880563, 1.1262395271563282e-09, -2.9404520465962062e-08, -0.02188942326675701, -0.12320704531173211, 2.8743195231753277e-08, -0.04434684690645521, -9.600380813424732e-10, -1.7272022711251678e-12, -0.02702163849038747, -0.022895556586211365]"
31,UCCSD,,,5000,0.0005,-4.547866196341,"[-0.0017844833833441326, 2.6543367754216463e-08, 1.6095068679175324e-08, -0.002679349943711603, 0.002162474539315931, -9.593264116286425e-09, -6.165430133865996e-08, -0.007586416726938677, -0.01894124303846005, -0.034939503013459855, 4.479767435920845e-09, -3.349518608080473e-08, -0.03668654280875701, -1.154106373969938e-09, -0.023033307622424885, -0.018865445507368753, -1.701044520712329e-08, 3.246540098743562e-08, -0.020117205792882946, -0.11724340042007803, 1.3075766192407272e-08, -0.04212344527565874, -1.8555448599375975e-08, -5.299645996518082e-10, -0.02737260825657779, -0.02326382526902966]"
32,UCCSD,,,5000,0.001,-4.041776413609,"[-0.006733476969742997, 3.2358961960929044e-08, -5.9199716593272546e-08, -0.0019483450610163775, -0.0007908714430910793, -1.3176561046777108e-08, -2.6402459034976337e-08, -0.011352445189685026, -0.01571103075566188, -0.02527772611682155, 1.706968866785965e-08, -9.606477373281793e-09, -0.02940579619517368, 1.653184558419726e-08, -0.01854831433419636, -0.01534981114817674, -3.988829986026535e-09, -8.712850061701897e-09, -0.01756562430827769, -0.10814169042264311, 1.1053712697484878e-08, -0.038791803612102105, 1.9723986118719735e-08, 1.199006699886747e-08, -0.027855589568612532, -0.023665504015750377]"
33,UCCSD,,,10000,0.0,-5.227827027985,"[0.006031148085659634, 2.4853204717305103e-08, -2.0659887547535453e-07, 0.0031978315193183986, 0.006023795156987858, -2.1126565919864782e-08, 4.399426872320059e-08, 0.0032022157818443423, 0.02245683755198615, -0.048183147390566144, -6.713315129785858e-09, -1.3426630259571716e-08, 0.0457153286532752, 3.391789578243796e-08, -0.028565157124378966, 0.023191545595630865, 2.985488699544282e-10, -5.35871014903051e-08, 0.023191591663898614, -0.12739102410697328, 2.0718623218932775e-08, 0.04593949507325649, -2.9480484603765004e-08, -2.90219224959811e-08, -0.026763314299121703, 0.02257177917462885]"
34,UCCSD,,,10000,1e-05,-5.212171610544,"[0.005844305259879132, -3.505538241605224e-08, 1.962097910032945e-08, 0.00319049891984577, 0.005937733135907518, 2.1950786187967186e-08, 1.329013280488129e-08, 0.0032967067623409043, 0.02238551993801608, -0.04787387258176277, -1.7993500694399322e-08, -1.4129508348494924e-08, 0.045514075834566695, 8.969607028494095e-09, -0.028442887709292392, 0.023095668763925215, 1.7000847223198223e-08, -6.34587957676179e-09, 0.02312393261071869, -0.12717796451760932, 3.852272423112326e-09, 0.04585749346159826, 1.8354016376645534e-08, -1.2180892486251542e-08, -0.026776681568363422, 0.022589774122867383]"
35,UCCSD,,,10000,2e-05,-5.196608088516,"[0.005658816941890994, -1.128167293402164e-08, -1.6558921025576806e-08, -0.0031830580452024003, 0.005851985298606614, 9.735178918030802e-09, -3.155940534697847e-08, -0.0033909883830743753, -0.02231420153025123, -0.04756665253929786, 9.810411233050344e-09, 4.6052087642651526e-08, -0.04531375973681383, 5.31318077677686e-09, -0.028321076738442426, -0.023000144475999292, 2.5784891475090233e-09, 5.866944852114022e-09, -0.02305658561245036, -0.1269653662457365, -9.033105050892607e-09, -0.04577586435385359, -9.284686759132113e-10, 1.388838701116078e-09, -0.02678996365553308, -0.022607563079812567]"
36,UCCSD,,,10000,5e-05,-5.150463596585,"[0.005109638400465681, 1.5937471425994803e-08, -5.493692894167332e-09, -0.0031599058926979487, 0.005597002370895603, 5.746534512079974e-09, 4.947133617818042e-08, -0.0036718753346848838, -0.022100257952207922, -0.046657024379880715, -4.908188083149067e-09, -3.2283367138716607e-09, -0.04471829199256121, 2.2054204732237766e-09, -0.027958702891448767, -0.022716103701567524, -1.2667982129167438e-08, -2.5000464267027757e-08, -0.022856165811730823, -0.12632994732748157, 1.3319305494460952e-08, -0.04553236734626731, 3.3637980193805674e-10, -2.789363580579481e-08, -0.026829615831378835, -0.022659790238837366]"
37,UCCSD,,,10000,0.0001,-5.075345010808,"[0.0042197626431405896, 3.046389811840973e-09, -6.787863705182312e-08, 0.0031183928961394914, 0.005178905117002171, -4.472339531171751e-08, 9.835033836560872e-08, 0.0041341309203436274, 0.021743683356472983, -0.045180472968410074, -2.183447734784965e-08, 2.743637523599812e-09, 0.04374401587044763, 1.3063037582576042e-08, -0.027364710700678602, 0.0222508279781701, 1.7485913408604178e-08, 2.6878946378345134e-08, 0.02252743091620619, -0.1252788706121042, -3.848351626971033e-08, 0.04513131677474663, -1.3093282293385026e-08, 1.2982040339978113e-09, -0.026894789174785806, 0.022742860310427455]"
38,UCCSD,,,10000,0.0002,-4.931587292137,"[0.0025343911607202288, 3.046094361453428e-08, 6.104737355959198e-08, -0.003025405113372871, 0.004369569712934809, 6.688719853423887e-09, -5.165015403101171e-08, -0.005037369088952858, -0.021032387461778792, -0.04236846355778009, 2.4039376312794483e-08, 6.702314700501183e-09, -0.04186047002328799, 5.738444346978106e-09, -0.026212991610365777, -0.021349925486244075, 2.2202399100116618e-08, 3.723323905318133e-08, -0.02188940637229042, -0.12320700278885782, 5.13763136634432e-09, -0.044346862940576486, 2.157151155628001e-08, 2.9491154317886276e-08, -0.027021641541221355, -0.022895575444387094]"
39,UCCSD,,,10000,0.0005,-4.547866196341,"[-0.0017845013505299791, 2.3686812713441808e-08, -3.249158224254734e-08, -0.0026793540220946396, 0.0021625579047234, 1.7351279540647694e-09, 4.636348675679986e-08, -0.007586409617364354, -0.01894124948655447, -0.034939524055586715, -6.2499541088151314e-09, -3.2423403741662063e-10, -0.03668649739211367, 2.349609820463943e-08, -0.02303330141875448, -0.018865513042118236, 3.294724345750365e-08, -4.339628913036666e-09, -0.0201172433617364, -0.11724348877473759, 2.704020513849648e-08, -0.042123426920047356, 1.8951808167589004e-08, 6.705144183360078e-09, -0.02737262897251025, -0.023263843451532568]"
40,UCCSD,,,10000,0.001,-4.041776413609,"[-0.006733435745320599, -3.427057189434117e-08, -4.7400276847713045e-08, 0.001948345492658691, -0.0007909045830247563, -6.976269006130185e-09, -3.2579181380493895e-08, 0.011352469223090132, 0.015711077969844386, -0.0252777092222941, 7.891292857126516e-09, 1.2204105883772811e-08, 0.02940576074355239, -3.7699035863662964e-08, -0.01854828354391739, 0.015349801919323086, 7.471097780799751e-09, 2.3559536298803963e-08, 0.017565607177764044, -0.10814166275915667, -8.59587698974465e-09, 0.03879181224945959, 1.6092133749532932e-08, 1.7351100102153182e-08, -0.027855568520574855, 0.0236655008115383]"
41,UCCSD,,,10000,0.01,-2.5194472845,"[-0.0003405309314585144, -1.3018873852223254e-08, -7.234790226597435e-08, -0.0034939696060353, -0.0015023238996895246, 1.0785442728146145e-07, 3.430356751697943e-08, 0.03571276220199726, 0.00014843815971780835, -1.467150496894738e-05, 9.887882433913731e-09, -6.481652568866488e-09, 0.00011417056823113165, -1.062946681563555e-07, -0.00016003184975485664, 0.00018028153047567298, 7.974328465357717e-09, 7.615563822297147e-07, 0.002241753019171337, -0.029184659217332456, -4.1677516940948485e-07, 0.011235703093350887, -4.624987081716548e-09, 6.937480622574823e-09, -0.026913350292069194, 0.02466881929463196]"
42,UCCSDT,,,1000,0.0,-5.227813896148,"[0.006728262853735982, -0.00021520055038688724, 0.001340097618145659, -0.002865716159760598, 0.0059098663033002406, -0.0002626607245911218, 0.0004941909930519425, -0.003189313859192747, -0.022585349312894683, -0.04981236208606001, 0.0, 0.0, -0.045347853447768524, 0.00017765908467785797, -0.02809841539614867, -0.022847166074882637, 0.0, 0.0, -0.022911600256935876, -0.1264973288280083, -0.0004307659146789804, -0.04723153634167325, 0.0, 0.0, -0.026245371252675932, -0.02249500169530166, 0.0, 0.0, -0.0006847940319697105, -0.0018198635918099156, 0.0, 0.0, 0.0, 0.0]"
43,UCCSDT,,,5000,0.0,-5.227836183997,"[0.006030140736660441, 2.3351717195724964e-08, -1.2797138637571202e-07, -0.0030891697730920454, 0.00602288457580967, -5.333181848990155e-08, 8.739346653380553e-08, -0.00309284464824698, -0.02245668749671799, -0.048205639343209844, 1.3609166015666387e-08, 5.0314535560248474e-08, -0.04577355921635736, -1.849177300668605e-08, -0.02850958563313346, -0.02324992656869728, -1.817755965771612e-08, 3.453736334966065e-08, -0.023249919474186767, -0.12730716097617936, 4.884140946390642e-08, -0.04599762719644197, -6.855323888570109e-09, -5.455752254919369e-08, -0.026840427707721923, -0.0225714674718092, -0.000163308270289196, -2.979613809930948e-08, 1.6230275463275544e-08, -0.0010903877582427708, -0.000162543074460803, -1.2655190602604525e-08, -2.5555645280747135e-08, -0.0010895267202522987]"
44,UCCSDT,,,5000,1e-06,-5.221805202858,"[0.00594046311390818, -6.719093228046302e-09, -4.195608119437713e-08, -0.003105391331440122, 0.006009115909896837, 3.255429276269037e-08, 7.657943527281267e-08, -0.003110746779110018, -0.022439649523968548, -0.04811823309743755, 9.791324935437313e-09, 1.4243658443208827e-08, -0.04571337360169332, 2.0599645321297515e-09, -0.028463606175111913, -0.02321388309397128, -9.890378861331129e-09, 5.448668412277325e-10, -0.02322563361648055, -0.12718708399237244, 2.449555997841349e-08, -0.045933371365057915, 2.5871464507039404e-10, -1.1081530262403212e-09, -0.026819530008850213, -0.022577705981931047, -0.000162294580953971, -2.3288515601958878e-08, 1.0460262570229584e-08, -0.0010882544097878877, -0.0001620625039707469, -7.52214560056272e-09, 5.742519443611553e-09, -0.001086805245139049]"
45,UCCSDT,,,5000,2e-06,-5.215788668411,"[0.005850945468575706, -1.466351877059133e-08, -5.412264652129904e-09, -0.0031216374884434966, 0.005995356016022493, 9.999181265702806e-10, 3.5272198633623886e-08, -0.003128585564158751, -0.022422658727511233, -0.048030864443030744, 2.330813270009505e-09, -4.0771394828232104e-09, -0.0456531915783296, -1.1207456223741968e-08, -0.028417673704132243, -0.023177841939969808, 3.5559478886584547e-09, -3.185176551481761e-08, -0.023201423867388743, -0.12706722191605035, -1.6877906846068114e-08, -0.045869272016640386, -1.937314731240057e-08, 4.748792845627753e-09, -0.026798675367006232, -0.022583895225372814, -0.00016124517617945657, -3.1986388953758255e-09, -2.3161231056756854e-08, -0.0010860708347277541, -0.00016161014607839956, -1.1008735147236464e-08, 2.3999303080787854e-08, -0.001084122722641517]"
46,UCCSDT,,,5000,5e-06,-5.197825374778,"[0.005583908609762149, -2.886824085087147e-08, -4.3798353240115487e-08, -0.003169950897162964, 0.005953789031886229, 2.0472482648237844e-09, 6.249784764165711e-08, -0.0031821955442990126, -0.022371524976347062, -0.04776952005361143, 2.2953386918417348e-08, 5.0436083804538667e-08, -0.04547287582388348, -1.896412296298736e-09, -0.0282802637564257, -0.023070004520627418, -3.2698426687600154e-08, -1.1497356376941042e-08, -0.023128703930294946, -0.12670799470225402, 5.5745146337896895e-08, -0.045677441690616855, 2.353774184222893e-10, 9.611160497329767e-09, -0.026736171017927267, -0.02260236369968357, -0.00015815432482700669, 7.76853278080236e-09, 3.838865600010061e-09, -0.0010795276759032243, -0.0001603288087517882, 2.323668036633074e-09, -2.7308806302749296e-08, -0.001075998154516579]"
47,UCCSDT,,,5000,1e-05,-5.168172043772,"[0.005143794865449985, -1.990721567613988e-09, 3.411030877979333e-08, -0.003248843966154163, 0.0058836795933383465, -2.7720017314907472e-08, -1.6698855762287175e-08, -0.003272335017225225, -0.02228595477648937, -0.047336387228929806, -1.1146672820206777e-08, 1.601926964144897e-13, -0.04517325709985934, -4.094873880052845e-09, -0.028052485850186038, -0.022890967420311797, 4.0247171668500195e-13, 1.1378636794048656e-08, -0.02300784533368392, -0.12611065189664444, -1.0042681069162699e-08, -0.045359436947213734, -1.3673351990297005e-08, 2.458404915197064e-08, -0.026632217870348904, -0.02263287679486132, -0.0001531295008804061, -1.8648536504867265e-09, 2.1432454653853758e-08, -0.0010688281739998308, -0.0001582052674705477, -1.62214920190003e-08, -2.0129045488826246e-08, -0.0010626843474827446]"
48,UCCSDT,,,5000,2e-05,-5.109919636647,"[0.00428172637685229, 1.834289795889287e-08, 1.1119727537155713e-08, -0.003401339032650089, 0.005740429162029354, -8.59501088249574e-10, -4.5969306893163776e-09, -0.003455122416489885, -0.022113710998511914, -0.04647909025665076, 6.971995229673247e-09, 8.007453742064765e-09, -0.04457724805449843, -3.876702802702756e-08, -0.027601478087062627, -0.02253547008616038, 2.3239145351606204e-09, 1.1973851380678336e-08, -0.022767237638194864, -0.12492180979195369, -1.1668152589994494e-08, -0.044730741270827594, -1.3042307038526318e-08, 4.255678215583198e-09, -0.026425084692684647, -0.02269207350001398, -0.00014341323935811601, 1.4828880508252606e-08, 4.548899139062634e-08, -0.0010477907289168434, -0.0001542913058356091, 1.1904335565987094e-08, 2.9871430313149336e-09, -0.0010365968346440564]"
49,UCCSDT,,,5000,5e-05,-4.943280264109,"[0.001838269586393054, -6.597222415389772e-09, 1.4013994241306247e-08, -0.0038175419623692245, 0.005290091503765466, 3.257002379934724e-08, 6.5094254654646045e-09, -0.0040218406920082715, -0.021589471609631528, -0.04397855754004934, -1.0987690001872419e-08, -5.3162315849106114e-09, -0.04281480190297973, 7.026025820990971e-09, -0.026283782633300726, -0.02148975330042629, -2.0891315120015552e-08, 2.2847482447675267e-08, -0.02205442848178297, -0.12140172106532138, 1.84192612644861e-09, -0.042898562299942336, -2.5149865848630534e-08, -2.0735534539429546e-08, -0.02581011004085074, -0.022858035986720673, -0.00011760314743141886, 0.0, 0.0, -0.000987781523600789, -0.00014534412357063587, -6.799840091149727e-09, -1.4071232573097614e-09, -0.0009630807569638812]"
50,UCCSDT,,,5000,0.0001,-4.690631392471,"[-0.0017828796418093607, -6.679171657424567e-09, -8.544008030857493e-08, -0.004386112755972067, 0.004488113938752578, 2.5560895348559536e-09, 1.2090189209393427e-07, -0.005021802713273028, -0.02069745963748803, -0.040043036893755934, 6.663676964787953e-10, 9.125151920275722e-09, -0.039964479687565696, -6.162092734084655e-10, -0.02420272392387271, -0.019817951012852025, 1.9273634960698198e-08, -9.504174716836556e-09, -0.02089728848839857, -0.11569367524097343, 3.2307787429722606e-09, -0.04001686836740692, 1.4120305843409146e-08, 2.83260560953194e-08, -0.02480579438170015, -0.023097766254226687, -8.340205262938422e-05, 1.8595795512309767e-08, -3.666604956233363e-08, -0.0008970058768259109, -0.00013984350017933275, -1.6699513915352594e-09, 1.4211353127839095e-08, -0.0008560187571914409]"
51,UCCSDT,,,5000,0.0002,-4.266341896048,"[-0.0074998819171447195, 5.22053454086566e-09, 7.159811013875709e-08, -0.005132995451675039, 0.002797066430969495, -2.0309855859779762e-08, -3.300660912003751e-08, -0.00718462860020461, -0.018888061279109983, -0.03300078987301419, -1.3456812445491083e-09, -5.365569396702112e-09, -0.034597099463451256, 5.308049627582831e-09, -0.020447573207214065, -0.016746177974866397, 1.1428844946031811e-12, 5.960706510270305e-11, -0.0187047954948897, -0.1048902933504868, -3.2016966794401637e-09, -0.034838161661869135, 1.6001248752080777e-08, -1.0933106638080022e-08, -0.02287178206002173, -0.023457425383542483, -3.849207474044903e-05, -1.1309523798221154e-09, 1.2968187575773269e-08, -0.0007441505396624593, -0.00016194878963365894, 1.89473154116445e-08, -2.63144780792746e-10, -0.0006967214985674239]"
52,UCCSDT,,,5000,0.0005,-3.448679367942,"[-0.015458137902846274, -3.4592151698247177e-09, 2.9490563778559643e-08, 0.005338882743699035, -0.0017437083006038826, -1.9735235692055666e-08, -9.516787444739453e-09, 0.014319365717322466, 0.013763406164422246, -0.017612315346145803, 1.6645888017955847e-08, 4.079190332892496e-08, 0.021244068118116775, -3.123723386151917e-08, -0.011958999851073461, 0.00964020221382514, 1.1670028018703522e-08, 1.3966685195821186e-09, 0.01313891698209607, -0.07736296909298662, -7.220046250861498e-08, 0.023032059905002927, 1.0515850019669012e-09, 1.4598533424706476e-08, -0.017658291598516916, 0.02383799484602775, -1.2582377177593814e-05, -2.102492064537295e-08, 2.1981973755089295e-12, -0.00044523630501400895, 0.00037412372119134815, 3.1607952720213684e-08, 3.286799093588038e-08, -0.000536858330855955]"
53,UCCSDT,,,5000,0.001,-2.866167507022,"[-0.013412469449655268, -1.980748767806009e-08, -5.279639571546902e-09, 0.002849256421451425, -0.005410884602169705, 5.1973652931464485e-11, -2.0070494772088935e-07, 0.026032509237804535, 0.007336059701958031, -0.005292005312544725, 7.225159138457034e-09, -3.670861117305838e-08, 0.007750375635900044, 1.915088265255162e-08, -0.00435379358755218, 0.003339706412297469, -4.929327073534439e-12, 1.525425980800011e-08, 0.00692063576504332, -0.04553810367633536, 4.428251600339718e-08, 0.011565380826040719, -1.3826457753740349e-08, 9.559341639758856e-09, -0.01093686082367165, 0.02314074495721591, -2.8989016280579894e-05, -2.5186182941831415e-08, -9.637011263766178e-09, -0.00025697002887566816, 0.0005886074097303776, 1.6149913184767927e-08, 8.525361627669217e-08, -0.000615261547136184]"
54,UCCSDT,,,10000,0.0,-5.227836183997,"[0.006030138317305058, 4.553863875538606e-08, 7.254328550447102e-08, 0.0030891197622880525, 0.006022837912501388, 2.320266580126792e-08, -7.706642264931344e-08, 0.0030929715038158717, 0.022456742340731313, -0.04820564094050574, -7.870175505906875e-09, -5.569026100926575e-12, 0.04577364359893055, 6.530372856608519e-08, -0.028509575135832223, 0.02324992769389033, -6.1284038338015595e-09, -1.077173404068936e-08, 0.02324990304212833, -0.12730713592643317, 7.419688901960927e-08, 0.045997635016876565, -2.386989079213437e-08, -2.202916186440722e-08, -0.02684037338139025, 0.02257146960658419, 0.00016332627254435974, -2.050998541311497e-08, -2.6261739073685203e-08, -0.0010904457187760894, 0.00016251144565159245, 2.3602541444453873e-08, -2.9120734700014095e-08, -0.0010895094089288363]"
55,UCCSDT,,,10000,1e-05,-5.168172043772,"[0.005143825939037488, 1.5046085534777773e-09, 1.2460620388391193e-07, 0.0032488620196954926, 0.005883635450020684, 5.7350284812930863e-08, -1.936975853348326e-08, 0.003272335660588188, 0.02228598535258807, -0.04733639957286302, 1.1501136952328002e-08, -1.247063249918613e-08, 0.04517329676897307, 2.3603880347122584e-08, -0.02805254703656282, 0.022890939497342402, -9.527946337870392e-09, -3.6716596032253394e-08, 0.023007832205210868, -0.12611065994931842, -1.7667922561810105e-08, 0.04535950996280648, -5.5479129195772035e-09, -3.778200123569085e-08, -0.026632188354676695, 0.02263283450720729, 0.00015310943012392724, 1.876992562893923e-08, 7.698995281960106e-09, -0.0010687981785137118, 0.00015817571378587343, -2.242541543724054e-08, 6.5163126122390626e-09, -0.001062641552600475]"
56,UCCSDT,,,10000,2e-05,-5.109919636647,"[0.004281734311193722, 9.056632772270823e-09, -3.0322148457420475e-08, 0.0034013413839872244, 0.00574039377791837, -2.5810883949770393e-09, 1.7288156960431057e-08, 0.0034550488864728605, 0.02211371392248274, -0.046479071642470074, -2.215109581212101e-09, -2.66828916750792e-08, 0.04457721230782895, -1.4724552629906201e-08, -0.02760144932685461, 0.022535422877433785, 1.6188317930856047e-09, 1.2793740440956017e-08, 0.02276722033277183, -0.12492173156128533, 1.802873398641642e-08, 0.04473071142837688, -8.429712341267504e-09, 2.9402351368159023e-08, -0.02642510796694536, 0.022692055033877397, 0.00014344972302136636, 6.096719270217203e-09, -1.56447352811175e-08, -0.0010477551752924833, 0.0001542820476107493, 9.63960033967972e-09, 1.2630373536169327e-08, -0.0010366295591516808]"
57,UCCSDT,,,10000,0.0001,-4.690631392471,"[-0.0017827753271078056, -4.051831802022051e-09, -2.138673840769233e-08, 0.004386136398398672, 0.004488135872279624, -1.080979096704466e-08, -4.968674349793564e-08, 0.005021780273750584, 0.020697469903163616, -0.040043062822179426, 8.583110803775802e-10, 3.013543918666735e-08, 0.0399645220610757, -1.872521933351999e-09, -0.02420268954766224, 0.019817924351332, 2.23848552553914e-13, -2.389583298513033e-13, 0.020897301770179084, -0.1156937107856025, -1.4953331199762998e-08, 0.04001681147522507, -1.9171010284132633e-08, -5.91050560389007e-09, -0.024805772845527155, 0.023097766692895254, 8.338839108236886e-05, 1.7771133041655823e-08, -1.3060293488170402e-08, -0.0008970019852058896, 0.00013982429926650744, -1.3286697368672097e-08, -5.446690902682627e-09, -0.0008560340311291044]"
58,UCCSDT,,,10000,0.001,-2.866167507022,"[-0.01341247867017751, -5.066215521699368e-08, 6.320071475947201e-08, 0.002849348658744156, -0.005410743845458757, 5.213043678140531e-08, -2.7034718123315496e-08, 0.02603238381556549, 0.007336135037344647, -0.005291951053260131, -1.4063676135062613e-08, 1.4495390712403748e-08, 0.0077504407008163086, 3.5306387450717557e-09, -0.004353911660186713, 0.00333972367600304, -4.283813132312552e-08, -2.4056521945804226e-08, 0.006920679960507617, -0.045538185194514885, 2.2363657806796044e-08, 0.011565368907240985, -9.166294707064121e-09, 3.4716517324332887e-08, -0.01093681343993965, 0.0231407270781824, -2.8899967442733053e-05, 1.659150113187615e-08, -2.9424387335524964e-08, -0.0002569309213080999, 0.0005885411692978824, -4.641030372622029e-09, -5.228238200358349e-08, -0.0006151755713364914]"
59,UCCSDT,,,10000,0.01,-2.462889453982,"[0.0, -1.7947575033094226e-15, 1.1965050022062817e-15, 0.0, 2.3930100044125632e-14, 0.0, -5.204170427930421e-18, 0.06818237810706486, 0.0, 0.0, 1.1780972450961732e-10, 0.0, 0.0, -5.890486225480866e-12, 0.0, -1.1965050022062815e-13, 0.0, 0.0, 0.0, 0.0, 2.3930100044125632e-14, -4.712388980384693e-11, 4.664528780296442e-11, 1.1965050022062814e-12, -1.1965050022062814e-12, -1.4726215563702166e-12, -2.3445534167892392e-07, 1.1965050022062814e-12, 5.890486225480866e-11, 0.0, 5.982525011031408e-15, 0.0, 5.890494941559702e-05, 0.00012841253937481456]"
60,tVHA,1.0,0.0,1000,0.0,-5.186615873229,"[9.374291667584409, -1.412785532248199e-07, 2.0044447242693]"
61,tVHA,1.0,0.026797978742,1000,0.0,-5.186615873229,"[4.497312521233733, 1.802668177620803e-07, 5.980800437204239]"
62,tVHA,1.0,0.053595957484,1000,0.0,-5.186615873229,"[9.424777960713747, 1.0277894142401796e-07, -1.27276903563454]"
63,tVHA,1.0,0.080017711242,1000,0.0,-5.186615873229,"[9.109898095500292, 1.0121361643337263e-07, -1.7795840164897359]"
64,tVHA,1.0,0.106439465001,1000,0.0,-5.186615873229,"[4.2949091224434115, 1.5986626217099775e-07, -3.5835498890713673]"
65,tVHA,1.0,0.13096497634,1000,0.0,-5.186615873229,"[4.2949091224434115, 1.5986626217099775e-07, -3.5835498890713673]"
66,tVHA,1.0,0.155490487679,1000,0.0,-5.186615873229,"[0.23188871192005128, -6.045918487584117e-07, 7.933680524563603]"
67,tVHA,1.0,0.180015999018,1000,0.0,-5.186615873229,"[4.3786484746251, 1.2379386298700996e-07, 5.973090092255601]"
68,tVHA,1.0,0.204541510357,1000,0.0,-5.203645023229,"[1.9997773723603034, 0.007673853984955502, 1.9376727542283523]"
69,tVHA,1.0,0.204541510357,5000,0.0,-5.203645023229,"[1.9997782041768906, 0.007673666299530353, 1.9376719725733118]"
70,tVHA,1.0,0.204541510357,5000,1e-06,-5.203415952727,"[1.9997714542445637, 0.007661656345029154, 1.9375193407276488]"
71,tVHA,1.0,0.204541510357,5000,2e-06,-5.2031869061,"[1.9997644419827694, 0.007649369807298279, 1.9373681840619577]"
72,tVHA,1.0,0.204541510357,5000,5e-06,-5.202499909436,"[1.9997448456315903, 0.007612870458389156, 1.9369114123200268]"
73,tVHA,1.0,0.204541510357,5000,1e-05,-5.201355392207,"[1.9997116608111547, 0.007552590504093315, 1.9361510908183832]"
74,tVHA,1.0,0.204541510357,5000,2e-05,-5.19906814592,"[1.9996470048736978, 0.007431920613347047, 1.9346297064273057]"
75,tVHA,1.0,0.204541510357,5000,5e-05,-5.192220685087,"[1.999450228080035, 0.007069510348444629, 1.930069295652151]"
76,tVHA,1.0,0.204541510357,5000,0.0001,-5.180855662127,"[1.9991260042533647, 0.006467619461661795, 1.9224809027050938]"
77,tVHA,1.0,0.204541510357,5000,0.0002,-5.158302057362,"[1.9984918373976028, 0.0052710145871283495, 1.9073547309690493]"
78,tVHA,1.0,0.204541510357,5000,0.0005,-5.092026185729,"[1.9966874256727827, 0.0017366567828577249, 1.8623686694745114]"
79,tVHA,1.0,0.204541510357,5000,0.001,-4.986011673016,"[1.9940254495312701, -0.003973705205302802, 1.78876816220289]"
80,tVHA,1.0,0.228254796663,1000,0.0,-5.203645023229,"[1.9997777932635241, 0.007673592018777635, 1.9376718997483078]"
81,tVHA,1.0,0.25196808297,1000,0.0,-5.203645023229,"[1.9997782021385566, 0.007673445415281677, 1.9376720599633164]"
82,tVHA,1.0,0.27317283102,1000,0.0,-5.203645023229,"[1.9997777136348727, 0.0076738663978257226, 1.9376719023733586]"
83,tVHA,1.0,0.294377579069,1000,0.0,-5.203645023229,"[1.999777468382256, 0.007673811949827263, 1.9376723075853215]"
84,tVHA,1.0,0.313938345443,1000,0.0,-5.204798346347,"[1.9904302031741152, 0.011474521733292456, 2.0739140015683026]"
85,tVHA,1.0,0.333499111817,1000,0.0,-5.205021481448,"[1.6670985896992874, -0.013895179340397626, 1.393054095621278]"
86,tVHA,1.0,0.351750181136,1000,0.0,-5.205028090923,"[1.6670167087508982, -0.01482910509285276, 1.3930285420862891]"
87,tVHA,1.0,0.370001250454,1000,0.0,-5.205028090923,"[1.6670167087508982, -0.01482910509285276, 1.3930285420862891]"
88,tVHA,1.0,0.388064788183,1000,0.0,-5.206339172086,"[1.6953031369461709, -0.010867745054395877, 1.4999181348619808]"
89,tVHA,1.0,0.406128325911,1000,0.0,-5.20776607679,"[1.7241776850970898, -0.007263415058519427, 1.6146566203667156]"
90,tVHA,1.0,0.424156859983,1000,0.0,-5.206756468913,"[1.7343843821750244, -0.004263951156438416, 1.5092618469696901]"
91,tVHA,1.0,0.442185394055,1000,0.0,-5.207040603705,"[1.733853061856465, -0.0032241003197507785, 1.5322837325887244]"
92,tVHA,1.0,0.460213928127,1000,0.0,-5.207925673991,"[1.7649104993924671, 0.0019475868568599964, 1.5939987689537793]"
93,tVHA,1.0,0.478242462199,1000,0.0,-5.206408764407,"[1.7066412470234815, -0.004202505291299047, 1.4989617492834064]"
94,tVHA,1.0,0.495908025331,1000,0.0,-5.208689591557,"[1.7980274625287613, 0.0075879822457374175, 1.6317169374206781]"
95,tVHA,1.0,0.513573588462,1000,0.0,-5.203341214601,"[1.7198860191167764, 0.151238363002179, 1.2791102169456]"
96,tVHA,1.0,0.513573588462,5000,0.0,-5.203341214601,"[1.719885999270494, 0.15123823028765265, 1.2791094233794131]"
97,tVHA,1.0,0.513573588462,5000,1e-06,-5.202869255278,"[1.7199058914263226, 0.1512057862086742, 1.2789275562793883]"
98,tVHA,1.0,0.513573588462,5000,2e-06,-5.202397388105,"[1.7199253007716064, 0.15117290503159297, 1.2787457789072898]"
99,tVHA,1.0,0.513573588462,5000,5e-06,-5.200982339287,"[1.7199835997355493, 0.15107342445627925, 1.278198060487804]"
100,tVHA,1.0,0.513573588462,5000,1e-05,-5.198625765708,"[1.720079948877221, 0.15090912132107626, 1.277288174416062]"
101,tVHA,1.0,0.513573588462,5000,2e-05,-5.193919513648,"[1.7202741991402508, 0.1505800906027991, 1.2754687625912964]"
102,tVHA,1.0,0.513573588462,5000,5e-05,-5.17985573694,"[1.7208632206463073, 0.14959109579265012, 1.2700278047253675]"
103,tVHA,1.0,0.513573588462,5000,0.0001,-5.156598172252,"[1.7218642453190858, 0.14794206882784217, 1.261014191301908]"
104,tVHA,1.0,0.513573588462,5000,0.0002,-5.110756870426,"[1.7239325077181542, 0.1446383778119885, 1.2431925191131747]"
105,tVHA,1.0,0.513573588462,5000,0.0005,-4.978450508064,"[1.730674413731823, 0.1346984370282201, 1.1913475639191262]"
106,tVHA,1.0,0.513573588462,5000,0.001,-4.774241824743,"[1.7436712659950169, 0.11811199027014624, 1.1101774513685883]"
107,tVHA,1.0,0.531236084016,1000,0.0,-5.203986701528,"[1.81482999441402, 0.3274030763903217, 1.3172748366058247]"
108,tVHA,1.0,0.54889857957,1000,0.0,-5.201824499557,"[1.7302148880106205, 0.2800845365953033, 1.160960798789231]"
109,tVHA,1.0,0.566535579659,1000,0.0,-5.204233047616,"[1.8072792338695371, 0.3296552233203307, 1.3257219147409285]"
110,tVHA,1.0,0.584172579748,1000,0.0,-5.202059254993,"[1.7263577599280346, 0.28309360960489327, 1.17493953282679]"
111,tVHA,1.0,0.601809579838,1000,0.0,-5.204479471793,"[1.8008012865879677, 0.3305619583052267, 1.3328340479628495]"
112,tVHA,1.0,0.619446579927,1000,0.0,-5.201513039134,"[1.3161021091575407, 0.2085592818748495, 0.9288226729933938]"
113,tVHA,1.0,0.63664700518,1000,0.0,-5.202344674717,"[1.3701294424226922, 0.22139406005442416, 0.9753630081742319]"
114,tVHA,1.0,0.653847430434,1000,0.0,-5.202657224804,"[1.4322476678387832, 0.38200245638794805, 0.9876973177583791]"
115,tVHA,1.0,0.670502878605,1000,0.0,-5.204140130174,"[1.5091740743601547, 0.583304761930493, 1.0673034433645134]"
116,tVHA,1.0,0.687158326776,1000,0.0,-5.202531400302,"[1.5061285894527265, 0.6453167986672325, 0.9876156167295376]"
117,tVHA,1.0,0.703176952948,1000,0.0,-5.202202094833,"[1.5739267659442107, 0.7635468841813866, 0.9978055073477483]"
118,tVHA,1.0,0.719195579119,1000,0.0,-5.200370683315,"[1.24444154850533, 0.5552792148119698, 0.7376826937202975]"
119,tVHA,1.0,0.735063507221,1000,0.0,-5.200902303648,"[1.2824364452981836, 0.5804858746175571, 0.7718351023322214]"
120,tVHA,1.0,0.750931435322,1000,0.0,-5.204629327883,"[1.2587967674168365, 0.6035262300250457, 0.8011377542436867]"
121,tVHA,1.0,0.766769074103,1000,0.0,-5.204930539036,"[1.2595800121107708, 0.6139505790754354, 0.8166025085645573]"
122,tVHA,1.0,0.782606712884,1000,0.0,-5.209712584759,"[1.2670663314125714, 0.6597773637140916, 0.8738313424421318]"
123,tVHA,1.0,0.798444351665,1000,0.0,-5.209858202091,"[1.2886254962817905, 0.6638175583468116, 0.8790056606640905]"
124,tVHA,1.0,0.814281990446,1000,0.0,-5.209493506116,"[1.2663165371057286, 0.6536223467203472, 0.8681872359112405]"
125,tVHA,1.0,0.82397955502,1000,0.0,-5.209742100704,"[1.2651010094178199, 0.6601132206106182, 0.8745622108034434]"
126,tVHA,1.0,0.833677119594,1000,0.0,-5.210508564874,"[1.2572214282160772, 0.6495519533929132, 0.8597661123792816]"
127,tVHA,1.0,0.843052784765,1000,0.0,-5.211293600424,"[1.2503999185573702, 0.6405867163990906, 0.8470801024050612]"
128,tVHA,1.0,0.852428449935,1000,0.0,-5.211280661831,"[1.2512681405946382, 0.6399372467358879, 0.8462286354557302]"
129,tVHA,1.0,0.861116322494,1000,0.0,-5.210749923589,"[1.2346193921895543, 0.6257221788427842, 0.8282970048897904]"
130,tVHA,1.0,0.869804195052,1000,0.0,-5.210749923589,"[1.2346193921895543, 0.6257221788427842, 0.8282970048897904]"
131,tVHA,1.0,0.87819268367,1000,0.0,-5.210748349156,"[1.2503981509857693, 0.6946229185966523, 0.8311286130543394]"
132,tVHA,1.0,0.886581172289,1000,0.0,-5.211471731193,"[1.2920556525572255, 0.7823159010397435, 0.8525192063270575]"
133,tVHA,1.0,0.894848131842,1000,0.0,-5.211435528121,"[1.291999007374395, 0.7812712433202456, 0.8509857151624913]"
134,tVHA,1.0,0.903115091394,1000,0.0,-5.211398690177,"[1.2919348834041848, 0.7802627013947336, 0.8494031297743829]"
135,tVHA,1.0,0.903115091394,5000,0.0,-5.211398690177,"[1.291935078050087, 0.7802630799599688, 0.849403536720502]"
136,tVHA,1.0,0.903115091394,5000,1e-06,-5.210394591176,"[1.2919223140705953, 0.7801177645889323, 0.8492839923501677]"
137,tVHA,1.0,0.903115091394,5000,2e-06,-5.209390890278,"[1.2919102507960845, 0.779973423701918, 0.8491650184806989]"
138,tVHA,1.0,0.903115091394,5000,5e-06,-5.206382174492,"[1.2918743248690352, 0.7795415223778862, 0.8488092309160785]"
139,tVHA,1.0,0.903115091394,5000,1e-05,-5.201375594365,"[1.2918140109049017, 0.7788199927777458, 0.8482154474683802]"
140,tVHA,1.0,0.903115091394,5000,2e-05,-5.191392156084,"[1.2916943403314138, 0.7773812477171862, 0.8470314558628951]"
141,tVHA,1.0,0.903115091394,5000,5e-05,-5.161678101106,"[1.2913404544196134, 0.7730711001619976, 0.8434839608752229]"
142,tVHA,1.0,0.903115091394,5000,0.0001,-5.112932212729,"[1.2907669830806787, 0.7659129558556887, 0.8375944687207406]"
143,tVHA,1.0,0.903115091394,5000,0.0002,-5.018282840602,"[1.289680092402866, 0.7516957013857157, 0.8259034582472515]"
144,tVHA,1.0,0.903115091394,5000,0.0005,-4.755684553247,"[1.286919162081933, 0.7098874973408731, 0.7915646105257635]"
145,tVHA,1.0,0.903115091394,5000,0.001,-4.380856977283,"[1.2840354009020118, 0.6431956167085099, 0.736859377724558]"
146,tVHA,1.0,0.911382050947,1000,0.0,-5.211424706442,"[1.2917064295569043, 0.7807223217535508, 0.8505847327074738]"
147,tVHA,1.0,0.914285714286,1000,0.0,-5.21345341424,"[1.287439934144698, 0.8132286154510356, 0.8833079889619798]"
148,tVHA,1.0,0.9196490105,1000,0.0,-5.211449229802,"[1.2914562927441575, 0.7812229939785678, 0.851659515392898]"
149,tVHA,1.0,0.927617009057,1000,0.0,-5.211470068924,"[1.2911380569376067, 0.7811638071903775, 0.852349864940525]"
150,tVHA,1.0,0.928571428571,1000,0.0,-5.213110849456,"[1.282834991700733, 0.8012380516274434, 0.8716935279798597]"
151,tVHA,1.0,0.935585007614,1000,0.0,-5.211439624681,"[1.2915935277427573, 0.7809838639043788, 0.8511086749839938]"
152,tVHA,1.0,0.942857142857,1000,0.0,-5.214157699672,"[1.2918816854763855, 0.8286103676055768, 0.8973884020214197]"
153,tVHA,1.0,0.943553006171,1000,0.0,-5.211461204461,"[1.291311017093843, 0.7810480273940912, 0.8518384974002315]"
154,tVHA,1.0,0.951521004728,1000,0.0,-5.211430135806,"[1.2917235275706476, 0.7807336229914889, 0.8505643658710711]"
155,tVHA,1.0,0.957142857143,1000,0.0,-5.213286752643,"[1.2953122468807488, 0.8321250937019612, 0.8778860312053643]"
156,tVHA,1.0,0.957982978339,1000,0.0,-5.212368107282,"[1.2984617492193118, 0.7930484995577731, 0.8636432085094107]"
157,tVHA,1.0,0.964444951949,1000,0.0,-5.21236810081,"[1.2984612862459968, 0.7930440420972191, 0.8636425408172633]"
158,tVHA,1.0,0.970906925559,1000,0.0,-5.213321300285,"[1.3051011277482447, 0.805368841273988, 0.8767083458027016]"
159,tVHA,1.0,0.971428571429,1000,0.0,-5.213420296676,"[1.2958628759131254, 0.8634635912157965, 0.880287773941598]"
160,tVHA,1.0,0.977368899169,1000,0.0,-5.213509539768,"[1.3042904480721482, 0.815950863479287, 0.885757232516865]"
161,tVHA,1.0,0.981742567665,1000,0.0,-5.213133302618,"[1.2848921396502881, 0.8029484749249955, 0.8743915497515558]"
162,tVHA,1.0,0.985714285714,1000,0.0,-5.21307018417,"[1.2969829722080544, 0.8497421461503536, 0.8718432892211129]"
163,tVHA,1.0,0.986116236161,1000,0.0,-5.213453414308,"[1.2873861522993852, 0.8131109287673306, 0.883225630991517]"
164,tVHA,1.0,0.989683984122,1000,0.0,-5.213110849503,"[1.2828919228528106, 0.8013331077586767, 0.871770002766831]"
165,tVHA,1.0,0.993251732082,1000,0.0,-5.214157699752,"[1.2918104898692877, 0.8285474805017617, 0.8973338979946544]"
166,tVHA,1.0,0.996259827523,1000,0.0,-5.213286752638,"[1.2952767536323297, 0.8321081373389716, 0.8778650184379898]"
167,tVHA,1.0,0.999267922964,1000,0.0,-5.213420296704,"[1.2958639339406663, 0.8635119806868634, 0.8803222600704157]"
168,tVHA,1.0,0.999633961482,1000,0.0,-5.213070184194,"[1.2969561691909717, 0.8497180031033926, 0.871835015325782]"
169,tVHA,1.0,1.0,1000,0.0,-5.213467039506,"[1.3142688433004626, 0.8614080856868049, 0.8840251734591265]"
170,tVHA,1.0,1.0,5000,0.0,-5.213467039506,"[1.314268412458308, 0.861407447416634, 0.884024571208954]"
171,tVHA,1.0,1.0,5000,1e-06,-5.212247426398,"[1.3142535560091575, 0.8612146227995482, 0.8838743497836333]"
172,tVHA,1.0,1.0,5000,2e-06,-5.211028402907,"[1.3142392609993783, 0.8610234864355718, 0.8837249227389097]"
173,tVHA,1.0,1.0,5000,5e-06,-5.207374867074,"[1.3141945787957487, 0.8604457404769185, 0.8832738396305748]"
174,tVHA,1.0,1.0,5000,1e-05,-5.201297404544,"[1.314120927987634, 0.8594849974289585, 0.8825243714278594]"
175,tVHA,1.0,1.0,5000,2e-05,-5.189186457201,"[1.3139751754622455, 0.8575660327041961, 0.881026719252359]"
176,tVHA,1.0,1.0,5000,5e-05,-5.153202719924,"[1.3135467631870594, 0.851828507364458, 0.8765530322606532]"
177,tVHA,1.0,1.0,5000,0.0001,-5.094375629516,"[1.3128647632580304, 0.8423264278270786, 0.869155065444456]"
178,tVHA,1.0,1.0,5000,0.0002,-4.980887591814,"[1.3116176107500044, 0.8235523927954101, 0.8545766506371114]"
179,tVHA,1.0,1.0,5000,0.0005,-4.671304982259,"[1.3088211987567804, 0.7690777428810148, 0.8125514548262908]"
180,tVHA,1.0,1.0,5000,0.001,-4.243899059389,"[1.3072903625294106, 0.6844139597046681, 0.7479210699143539]"
181,tVHA,2.0,0.0,1000,0.0,-5.186615873229,"[8.473089006875629, 8.713376628697983, 1.0295514491412014e-05, 7.039329932531662e-07, 2.2853032565682816, 6.647728380327827]"
182,tVHA,2.0,0.0,2000,0.0,-5.186615873229,"[8.490673307624139, 8.673945402552524, -2.6431440327150736e-07, 2.459901037498362e-07, 3.316533082629925, 1.869111705339347]"
183,tVHA,2.0,0.026797978742,1000,0.0,-5.186615873215,"[8.523872008653465, 7.6827965266964995, 7.174380806061149e-05, 3.918849362817602e-05, 5.08296096457807, 9.42477796076938]"
184,tVHA,2.0,0.026797978742,2000,0.0,-5.186615873229,"[8.480603805946902, 7.743434889532072, 9.66335601522629e-07, 1.183058996218175e-06, 9.19290229198321, 9.42274075037841]"
185,tVHA,2.0,0.053595957484,1000,0.0,-5.186612748012,"[8.417861407820874, 8.171936192255286, 0.03125616292887304, 0.03932669283229407, 5.4443136562874255, 9.42477796076938]"
186,tVHA,2.0,0.053595957484,2000,0.0,-5.186615873226,"[8.46361170399041, 7.342329448828028, 3.33420825534089e-05, 3.9748340520763835e-05, 5.789069759942498, 9.36946071067753]"
187,tVHA,2.0,0.080017711242,1000,0.0,-5.186615873003,"[8.440945874977512, 8.630764151310785, 0.00030348619144574234, 0.0002012910055746675, 9.240475119388677, -8.520051633298161]"
188,tVHA,2.0,0.080017711242,2000,0.0,-5.186615873229,"[8.444471754184043, 8.594659376277516, -1.4791037258971686e-07, 2.080893390616633e-07, 9.205695663534508, -8.616670532505259]"
189,tVHA,2.0,0.106439465001,1000,0.0,-5.186615872666,"[8.47378353174695, 8.71803344376778, 0.00041913448520463904, 0.0005224839744390259, 8.445315063190503, -1.7260962569993312]"
190,tVHA,2.0,0.106439465001,2000,0.0,-5.186615873215,"[8.383580568773993, 8.15301955058967, 7.973666192953074e-05, 6.97848665349072e-05, 2.396602568759799, 9.40669228371498]"
191,tVHA,2.0,0.13096497634,1000,0.0,-5.186615839659,"[8.381104417533901, 8.139447124325834, -0.0038980196998542136, -0.0033198235631578797, -7.806923674998413, 8.106567708375957]"
192,tVHA,2.0,0.13096497634,2000,0.0,-5.186615873215,"[8.383580568773993, 8.15301955058967, 7.973666192953074e-05, 6.97848665349072e-05, 2.396602568759799, 9.40669228371498]"
193,tVHA,2.0,0.155490487679,1000,0.0,-5.186615715256,"[8.451254735345385, 8.747766308455688, 0.00843641131079112, 0.007262688677001656, 1.285238467225743, -0.9216431229990167]"
194,tVHA,2.0,0.155490487679,2000,0.0,-5.186615873229,"[8.540491165696922, 9.05545289232585, 1.0497325069916567e-07, 2.583340157068521e-07, 7.5079855224029375, -5.3534318343339935]"
195,tVHA,2.0,0.180015999018,1000,0.0,-5.186612319739,"[8.36410599187906, 8.209985091717666, -0.033555208739089834, -0.04180931062152403, 2.5748045856093955, 7.44239716108317]"
196,tVHA,2.0,0.180015999018,2000,0.0,-5.186615873229,"[8.45326000850289, 7.766056545658213, 1.0579133574788437e-07, 2.9055903176911635e-07, -9.039133127062996, 6.151071842615126]"
197,tVHA,2.0,0.204541510357,1000,0.0,-5.186615872737,"[8.538484671926838, 9.030585853454356, 0.00047069130796117, 0.000406162817962687, 8.296556905494286, -1.487399907734476]"
198,tVHA,2.0,0.204541510357,2000,0.0,-5.205205419424,"[9.182264771761076, 4.783581826602721, -0.14708193151290586, -0.07152944056998273, 3.1145419776131975, 5.743204154408348]"
199,tVHA,2.0,0.204541510357,5000,0.0,-5.205205419426,"[9.182266172166655, 4.78357485892598, -0.14709642930832695, -0.0715460122815022, 3.114539791225728, 5.743204214063761]"
200,tVHA,2.0,0.204541510357,5000,1e-06,-5.204746880237,"[9.182722632650588, 4.783491803745946, -0.1470422193766898, -0.07155549862826238, 3.1130651257280935, 5.7416944411719175]"
201,tVHA,2.0,0.204541510357,5000,2e-06,-5.204288438372,"[9.183177300142347, 4.783409350055155, -0.146980825992938, -0.07155861004300582, 3.1115755834567684, 5.740178947033527]"
202,tVHA,2.0,0.204541510357,5000,5e-06,-5.202913696462,"[9.184544856222475, 4.783161220376147, -0.14679270617414603, -0.07156368810415195, 3.107129890674428, 5.735651406259225]"
203,tVHA,2.0,0.204541510357,5000,1e-05,-5.200624404022,"[9.186839298425532, 4.782743990658181, -0.14648804930060638, -0.07158106284541324, 3.0996978430508118, 5.728084133209144]"
204,tVHA,2.0,0.204541510357,5000,2e-05,-5.19605309791,"[9.191444438438435, 4.781899783847733, -0.14586758548021994, -0.07160349717170011, 3.0848244983284427, 5.712959652812029]"
205,tVHA,2.0,0.204541510357,5000,5e-05,-5.182397180135,"[9.205526900149673, 4.7792534993990134, -0.1440679430685593, -0.07172315511546772, 3.0399077627461084, 5.667397116624091]"
206,tVHA,2.0,0.204541510357,5000,0.0001,-5.159829132679,"[9.229839002058426, 4.774487958005594, -0.14113498014210507, -0.07196649176155707, 2.9641816736819644, 5.591001082296367]"
207,tVHA,2.0,0.204541510357,5000,0.0002,-5.115401109459,"[9.28210400507371, 4.7634744800284885, -0.13561561215793774, -0.07269233823834145, 2.8091430854252177, 5.436229483335571]"
208,tVHA,2.0,0.204541510357,5000,0.0005,-4.987563286378,"[9.42477796076938, 4.714720805104422, -0.11807332217963062, -0.07453901469263355, 2.3510570295394873, 4.999488441723731]"
209,tVHA,2.0,0.204541510357,5000,0.001,-4.791243335224,"[9.42477796076938, 4.561587758833998, -0.07288000946097839, -0.06971404965921066, 1.6733906164805616, 4.458858593292413]"
210,tVHA,2.0,0.228254796663,1000,0.0,-5.205205416615,"[9.182596997856386, 4.78378884615461, -0.14625386561871834, -0.07065357772374414, 3.11380931649826, 5.742644174580251]"
211,tVHA,2.0,0.228254796663,2000,0.0,-5.205282423509,"[9.144643010994784, 4.785091494159593, -0.14299933110126728, -0.06835740991284237, 3.2093789672303026, 5.821637361754899]"
212,tVHA,2.0,0.25196808297,1000,0.0,-5.205282423296,"[9.144599974795316, 4.785152441637678, -0.14274231376977803, -0.06809259851599551, 3.209422263345389, 5.821746396584153]"
213,tVHA,2.0,0.25196808297,2000,0.0,-5.205387406902,"[9.180117596847902, 4.77457587274761, -0.2718312349778951, -0.16362297648107182, 3.1778566653651437, 5.7566522834838425]"
214,tVHA,2.0,0.27317283102,1000,0.0,-5.20538740693,"[9.180125715337955, 4.774560804299546, -0.2718771933596835, -0.16367448940148785, 3.1778355387992328, 5.756626063167108]"
215,tVHA,2.0,0.27317283102,2000,0.0,-5.205583032947,"[9.20187860994074, 4.768296323019137, -0.39225090464681633, -0.2505055115405209, 3.1695986754570433, 5.722879505746169]"
216,tVHA,2.0,0.294377579069,1000,0.0,-5.205583033033,"[9.201878678203379, 4.768298160400344, -0.39225297153131977, -0.2505065756276135, 3.1696079281717933, 5.722885933363574]"
217,tVHA,2.0,0.294377579069,2000,0.0,-5.205672704188,"[9.077876977097475, 4.7141187204269865, -0.4500662710319947, -0.29927390238491774, 3.254725288258578, 5.8600776307807525]"
218,tVHA,2.0,0.313938345443,1000,0.0,-5.205672704259,"[9.077887773135938, 4.714130682254975, -0.4500367961691728, -0.29925090197504467, 3.2547163157560886, 5.860068695487678]"
219,tVHA,2.0,0.313938345443,2000,0.0,-5.209210094757,"[8.21485552713126, 4.374250711590861, -0.5980404037824025, -0.4099159777309864, 4.506154116213615, 7.589009425789843]"
220,tVHA,2.0,0.333499111817,1000,0.0,-5.209210093166,"[8.215266833942195, 4.3744441888114, -0.5974753004742983, -0.4093124533393338, 4.505518475880747, 7.588260215499298]"
221,tVHA,2.0,0.333499111817,2000,0.0,-5.210864207398,"[4.547521240718787, 0.9782160631068769, 0.11556227328234164, 0.028332385040451265, 3.842809800678502, 3.6981794799394914]"
222,tVHA,2.0,0.351750181136,1000,0.0,-5.21084087623,"[4.5272429950265325, 1.0668768704542584, 0.1300674514422315, 0.03535947426036375, 3.7603465050642075, 3.7264827476579967]"
223,tVHA,2.0,0.351750181136,2000,0.0,-5.210618973433,"[4.522980029030383, 0.9808473252406746, 0.11012140738587442, 0.028764535186478535, 3.770553929633214, 3.6124645489136364]"
224,tVHA,2.0,0.370001250454,1000,0.0,-5.210618973456,"[4.522989468645814, 0.9808441780037442, 0.11012080020766718, 0.028769998707612432, 3.770576370613628, 3.6124950419443485]"
225,tVHA,2.0,0.370001250454,2000,0.0,-5.210618973433,"[4.522980029030383, 0.9808473252406746, 0.11012140738587442, 0.028764535186478535, 3.770553929633214, 3.6124645489136364]"
226,tVHA,2.0,0.388064788183,1000,0.0,-5.210626954775,"[4.436722828352211, 0.8819434562682512, 0.08762043690286367, 0.026240559339939414, 3.8725538486438404, 3.3574851506685306]"
227,tVHA,2.0,0.388064788183,2000,0.0,-5.21062695476,"[4.4366988931099485, 0.8819589066916206, 0.08762191557549881, 0.026236442425777256, 3.8725267479604972, 3.357453397184952]"
228,tVHA,2.0,0.406128325911,1000,0.0,-5.208541578537,"[9.42477796076938, 3.1792346308130104, -0.2406360016202833, -0.19758069178471238, -0.7163379571020134, 3.1043245744668235]"
229,tVHA,2.0,0.406128325911,2000,0.0,-5.208541578546,"[9.42477796076938, 3.1792683901932404, -0.24057758312483224, -0.19753272174776276, -0.716317274856928, 3.1043206581645415]"
230,tVHA,2.0,0.424156859983,1000,0.0,-5.211055778813,"[4.318143253604351, 1.009504619948851, 0.1399356850515718, -0.039083835404456126, 3.7110758759794216, 3.1807735535459285]"
231,tVHA,2.0,0.424156859983,2000,0.0,-5.211055778785,"[4.318141300270527, 1.0095059769371226, 0.13993566785708017, -0.039084118902505675, 3.7110702321788285, 3.180773979139448]"
232,tVHA,2.0,0.442185394055,1000,0.0,-5.21070652605,"[4.336667551742776, 0.9649796411734244, 0.11465167530313541, -0.08544959197901975, 3.752108101823052, 3.186127131978095]"
233,tVHA,2.0,0.442185394055,2000,0.0,-5.210857227419,"[4.285301093793236, 0.9636874308187142, 0.1253322251727402, -0.09595524883313145, 3.7281818810646445, 3.0804574791776047]"
234,tVHA,2.0,0.460213928127,1000,0.0,-5.210857227438,"[4.285301458103475, 0.9636915303920927, 0.1253335944563691, -0.09595650245981907, 3.728183347001352, 3.0804636575753968]"
235,tVHA,2.0,0.460213928127,2000,0.0,-5.208363112501,"[9.42477796076938, 3.3230974088576364, -0.14984181405638675, -0.11478427069473623, -0.594691484085897, 3.0503706308559253]"
236,tVHA,2.0,0.478242462199,1000,0.0,-5.208363112444,"[9.42477796076938, 3.3231520391083693, -0.14973631857853714, -0.11469878418667606, -0.5946647715988875, 3.0503742951524897]"
237,tVHA,2.0,0.478242462199,2000,0.0,-5.210923002968,"[4.440737692726361, 1.0361630094825796, 0.2028544266239111, -0.18965295027996804, 3.7233558309812382, 3.470567566807401]"
238,tVHA,2.0,0.495908025331,1000,0.0,-5.210923003038,"[4.440728030266078, 1.0361516482223445, 0.2028493804746769, -0.1896551829597916, 3.7233583205181056, 3.470548242886359]"
239,tVHA,2.0,0.495908025331,2000,0.0,-5.209183671503,"[9.42477796076938, 3.3938823373249742, -0.28864986703655354, -0.20861803257655798, -0.5185758750060105, 3.1653470052021246]"
240,tVHA,2.0,0.513573588462,1000,0.0,-5.209183671457,"[9.42477796076938, 3.3939007554965084, -0.2886036905938531, -0.20856615338482692, -0.5185504955062024, 3.165343790068551]"
241,tVHA,2.0,0.513573588462,2000,0.0,-5.211544014689,"[1.2570318047481923, 2.9925136129472687, 3.596713989630151, -3.032950240154538, -2.079267513174713, 4.70257699389027]"
242,tVHA,2.0,0.513573588462,5000,0.0,-5.211563698539,"[1.2761261067185758, 2.9002821851272733, 3.918265503654707, -3.35421107895806, -1.8506598211118117, 4.501811736151905]"
243,tVHA,2.0,0.513573588462,5000,1e-06,-5.210581296639,"[1.2609784410162532, 2.9574105338778676, 3.711079519120028, -3.1482896380442345, -1.9901511000380876, 4.620825695145727]"
244,tVHA,2.0,0.513573588462,5000,2e-06,-5.209611221469,"[1.2649458075382456, 2.9397753879122703, 3.775295780525595, -3.2106306834944407, -1.9449545809897841, 4.5822654483479575]"
245,tVHA,2.0,0.513573588462,5000,5e-06,-5.206692328972,"[1.2613333289046007, 2.9399775552526863, 3.770064309213634, -3.2070717538248283, -1.9255808461659316, 4.56368125111379]"
246,tVHA,2.0,0.513573588462,5000,1e-05,-5.201688403471,"[1.2435104144617917, 3.2578920040137382, 2.774802110690036, -2.2007097671440716, -2.6105599688753567, 5.123587684167827]"
247,tVHA,2.0,0.513573588462,5000,2e-05,-5.192165273901,"[1.2351450990954875, 3.015026072438513, 3.4940143634401544, -2.935580662146262, -2.0491859000678936, 4.65782174587776]"
248,tVHA,2.0,0.513573588462,5000,5e-05,-5.163470354117,"[1.1938585513701443, 3.1266329643212236, 3.0851428892594415, -2.5366302192850716, -2.149016452773733, 4.715674599370299]"
249,tVHA,2.0,0.513573588462,5000,0.0001,-5.112073088163,"[5.087655905597014, 3.140290898538211, 0.4052960540998417, 0.3884529850914532, 0.5201458657225939, 2.85750093086838]"
250,tVHA,2.0,0.513573588462,5000,0.0002,-5.023407530293,"[5.186652588864169, 3.2184304533343635, 0.3683965991060379, 0.3929778179236901, 0.4481814514105489, 2.792342099558842]"
251,tVHA,2.0,0.513573588462,5000,0.0005,-4.776891667123,"[5.369902944335855, 3.362342981674187, 0.28581381762248625, 0.38541471696517227, 0.3387365307275547, 2.632290534193869]"
252,tVHA,2.0,0.513573588462,5000,0.001,-4.423244566013,"[5.5893884415138775, 3.512726311165614, 0.18951393740738967, 0.3520745459666371, 0.2650120236367239, 2.4266484297018174]"
253,tVHA,2.0,0.531236084016,1000,0.0,-5.211536431694,"[1.2528378871850796, 3.0111811677250055, 3.5334726085463934, -2.971354324904291, -2.114817367736089, 4.727737770937985]"
254,tVHA,2.0,0.531236084016,2000,0.0,-5.206792872081,"[7.590848151837003, 4.161315699014329, 1.1770607258353332, 1.6667215237662258, 1.4960634499015226, 3.9395503995783536]"
255,tVHA,2.0,0.54889857957,1000,0.0,-5.206792490236,"[7.57449691053025, 4.147472826981776, 1.1686988443928303, 1.6584148801576406, 1.4712330602027937, 3.924575914999543]"
256,tVHA,2.0,0.54889857957,2000,0.0,-5.203065857639,"[6.1130790671355, 3.2607789447613076, 0.6721916554532865, 0.9431097522234655, 0.622011544498859, 2.868797702074553]"
257,tVHA,2.0,0.566535579659,1000,0.0,-5.203064635343,"[6.097910067511192, 3.2650864431154822, 0.6577412207222477, 0.9282506717267476, 0.5965329617492688, 2.8474699147421836]"
258,tVHA,2.0,0.566535579659,2000,0.0,-5.206887261575,"[7.853053443142989, 4.341278073522519, 1.1632675645455763, 1.664128379527073, 1.6997387213344446, 3.958440094549384]"
259,tVHA,2.0,0.584172579748,1000,0.0,-5.20688725965,"[7.852599131042277, 4.340632519664606, 1.162040723706483, 1.6630894069420927, 1.6985545048044393, 3.957609824814882]"
260,tVHA,2.0,0.584172579748,2000,0.0,-5.202974644813,"[6.478733328222664, 3.4051497416735512, 0.5719799149575971, 0.9469279261423449, 0.5154319095584963, 2.805435156967312]"
261,tVHA,2.0,0.601809579838,1000,0.0,-5.202974644017,"[6.477247535703655, 3.4048481850095764, 0.571505089282502, 0.946229476436696, 0.5148282289655235, 2.804780240131091]"
262,tVHA,2.0,0.601809579838,2000,0.0,-5.207179554992,"[7.991873353102769, 4.434344934184551, 1.1560424875006072, 1.6355950572096902, 1.812020007109306, 3.9373269718333708]"
263,tVHA,2.0,0.619446579927,1000,0.0,-5.207162583602,"[7.988627649114562, 4.385525104154859, 1.0721700133044214, 1.556704694728928, 1.725480431267003, 3.863829033024145]"
264,tVHA,2.0,0.619446579927,2000,0.0,-5.206384375479,"[4.2190286810598865, 2.258399799647765, 0.5940814737362514, 0.7370588306938806, 1.50225952468523, 2.668066683536882]"
265,tVHA,2.0,0.63664700518,1000,0.0,-5.206384376542,"[4.219030225189156, 2.2583996205356964, 0.5940825681462114, 0.7370605567972849, 1.5022649779199289, 2.6680692922661757]"
266,tVHA,2.0,0.63664700518,2000,0.0,-5.206356221859,"[4.126725991625046, 2.404752437455927, 0.536046482024142, 0.7169446376732078, 1.344500346694239, 2.564536027749848]"
267,tVHA,2.0,0.653847430434,1000,0.0,-5.206356222825,"[4.126723813123441, 2.404750505866473, 0.5360473324183845, 0.7169449451599597, 1.3445063700649476, 2.5645389446631124]"
268,tVHA,2.0,0.653847430434,2000,0.0,-5.207474133549,"[4.075415977216232, 2.452156043359157, 0.7252823540532991, 1.1282813353415446, 1.5940769928198812, 2.624340505191084]"
269,tVHA,2.0,0.670502878605,1000,0.0,-5.207474065996,"[4.074577272158533, 2.4534842336864355, 0.7228002519999007, 1.1265874953071138, 1.587928643289082, 2.6212131303106325]"
270,tVHA,2.0,0.670502878605,2000,0.0,-5.212548777598,"[4.018149697127159, 2.3916623956743197, 1.328202549469117, 1.7668442230490005, 2.464167852324061, 3.048702179327257]"
271,tVHA,2.0,0.687158326776,1000,0.0,-5.212548777068,"[4.018202669556974, 2.3918012559841166, 1.3281046353333577, 1.766958702013639, 2.464109247127697, 3.0488702859008265]"
272,tVHA,2.0,0.687158326776,2000,0.0,-5.206235431017,"[1.0867683681844476, 1.969752471467494, 4.467164855188503, -2.9052940638761124, -0.3031529587361126, 2.4663879755297167]"
273,tVHA,2.0,0.703176952948,1000,0.0,-5.206133688893,"[0.9029981921631917, 2.1379483217202075, 3.8197041367500493, -2.2888999329468245, -0.5204849531617117, 2.643710309839634]"
274,tVHA,2.0,0.703176952948,2000,0.0,-5.205899175906,"[0.8393253799970107, 2.30099210881449, 3.5642105389616976, -1.7555775192800098, -0.735197764652591, 2.891611246698783]"
275,tVHA,2.0,0.719195579119,1000,0.0,-5.20584737034,"[0.9602096544367789, 2.1774153730239387, 3.9948787529630083, -2.1792619484587608, -0.5344838297930866, 2.6973204514653117]"
276,tVHA,2.0,0.719195579119,2000,0.0,-5.208297348576,"[3.9293792307525313, 2.680858224222723, 1.3601976300912504, 1.9721806554494936, 1.560105690051982, 2.447261792461386]"
277,tVHA,2.0,0.735063507221,1000,0.0,-5.2082959706,"[3.9263565180714157, 2.6750516906273245, 1.3465169506851093, 1.9567068453681162, 1.544466629148765, 2.428471296229662]"
278,tVHA,2.0,0.735063507221,2000,0.0,-5.209107302486,"[3.845859211612723, 2.734536626794676, 1.3763191904705183, 2.0299330296009277, 1.6184403895907304, 2.5064460026349273]"
279,tVHA,2.0,0.750931435322,1000,0.0,-5.209103541515,"[3.8409293870328014, 2.7274856021855194, 1.3563735362886713, 2.009161790588373, 1.5912253562050367, 2.4808820933847033]"
280,tVHA,2.0,0.750931435322,2000,0.0,-5.210678612741,"[3.9225936403592505, 2.579820119888778, 1.0868602186502354, 1.8608882483849105, 1.2322561005064747, 2.336486193037259]"
281,tVHA,2.0,0.766769074103,1000,0.0,-5.210675544515,"[3.9137826339275046, 2.5691858150568274, 1.0733990105956512, 1.8388922644665562, 1.214747039685456, 2.311280824024263]"
282,tVHA,2.0,0.766769074103,2000,0.0,-5.211584777578,"[3.9485329193646628, 2.6035521049126613, 1.1666118150283906, 1.9536367363546359, 1.315545590845037, 2.448971651484693]"
283,tVHA,2.0,0.782606712884,1000,0.0,-5.211582562823,"[3.9432884084472812, 2.5987105939522994, 1.1496347150298174, 1.9351178780785925, 1.2933921798699062, 2.4319633833828203]"
284,tVHA,2.0,0.782606712884,2000,0.0,-5.215092925352,"[3.9270423949525286, 2.543218817633992, 0.9830497615143537, 1.8984199533038404, 1.0933713736838926, 2.397984894501895]"
285,tVHA,2.0,0.798444351665,1000,0.0,-5.215091136152,"[3.919120036965097, 2.536127616114297, 0.9738521206877175, 1.8774161706285162, 1.0793510037002494, 2.382752341730053]"
286,tVHA,2.0,0.798444351665,2000,0.0,-5.215452014309,"[3.8929122806628182, 2.6050775101536807, 0.9968283144429781, 1.928230444902366, 1.1252951586210211, 2.4279202341551533]"
287,tVHA,2.0,0.814281990446,1000,0.0,-5.215449574283,"[3.8795022767305234, 2.5921106056272585, 0.9873276486858205, 1.9036646384972973, 1.1127233862524544, 2.4100620867146176]"
288,tVHA,2.0,0.814281990446,2000,0.0,-5.215195872278,"[3.982448953016089, 2.5757896405021814, 1.0371819873528456, 1.9397051891242405, 1.142916494436076, 2.4450739743895307]"
289,tVHA,2.0,0.82397955502,1000,0.0,-5.215195858893,"[3.9817553961834844, 2.5752334388240143, 1.0359021236785688, 1.9380939116665519, 1.1412258972294569, 2.443785513890256]"
290,tVHA,2.0,0.82397955502,2000,0.0,-5.215020244034,"[3.9228252952392415, 2.5406439297481787, 0.975299011286165, 1.8883756091584112, 1.0816423402153086, 2.3823580647988836]"
291,tVHA,2.0,0.833677119594,1000,0.0,-5.215020244761,"[3.922686179743865, 2.540569584597684, 0.9748950608097979, 1.8880067053589538, 1.0811262833512785, 2.382030397227119]"
292,tVHA,2.0,0.833677119594,2000,0.0,-5.215980951449,"[3.9227084129728853, 2.5094812709100287, 0.9945674191751543, 1.8984327394612297, 1.105452448900777, 2.3929811375877827]"
293,tVHA,2.0,0.843052784765,1000,0.0,-5.21597986976,"[3.914699379855881, 2.501534094737905, 0.988909160718731, 1.8846406184951028, 1.0975461346767077, 2.3790267693552902]"
294,tVHA,2.0,0.843052784765,2000,0.0,-5.216986622329,"[3.918427556182331, 2.4782029216321746, 1.018422441431507, 1.9123071648975574, 1.1346191384646485, 2.4088753099948703]"
295,tVHA,2.0,0.852428449935,1000,0.0,-5.216981864373,"[3.8979025100241698, 2.466129808710634, 1.0039743365269087, 1.8774174692136507, 1.1145398514954623, 2.3857940299785008]"
296,tVHA,2.0,0.852428449935,2000,0.0,-5.216972068854,"[3.9161452463892537, 2.464674615288619, 1.0205427050412457, 1.899299871825213, 1.135303948454125, 2.3951507005347255]"
297,tVHA,2.0,0.861116322494,1000,0.0,-5.216971021627,"[3.909990296241549, 2.4615786530232073, 1.0085778013244409, 1.8853717441012632, 1.1228265190166764, 2.3847519854514525]"
298,tVHA,2.0,0.861116322494,2000,0.0,-5.216243606309,"[3.9662329602366677, 2.425290216945891, 1.0196414023072942, 1.8610409555268896, 1.1164990078334638, 2.350276229669851]"
299,tVHA,2.0,0.869804195052,1000,0.0,-5.21623433127,"[3.925563224216061, 2.401696742476096, 1.0032330042585427, 1.8263169769126486, 1.0925873886721131, 2.3132763921392976]"
300,tVHA,2.0,0.869804195052,2000,0.0,-5.216243606309,"[3.9662329602366677, 2.425290216945891, 1.0196414023072942, 1.8610409555268896, 1.1164990078334638, 2.350276229669851]"
301,tVHA,2.0,0.87819268367,1000,0.0,-5.217197839758,"[3.997729220492264, 2.515299483963947, 1.0232023676371935, 2.1986851975646666, 1.219916791320981, 2.452367864931748]"
302,tVHA,2.0,0.87819268367,2000,0.0,-5.217214692303,"[4.027597430080288, 2.535974932388009, 1.0597570174304463, 2.2644093160529617, 1.272740205452629, 2.5021169203071]"
303,tVHA,2.0,0.886581172289,1000,0.0,-5.219485515642,"[3.974455991840795, 2.5889758120745303, 1.3131629838378531, 2.4443815541704694, 1.3682155836045427, 2.5650909684093257]"
304,tVHA,2.0,0.886581172289,2000,0.0,-5.219509605004,"[4.002009179871251, 2.6078540414259783, 1.3715989284857795, 2.5099953522617895, 1.4220739867103585, 2.6321779813576445]"
305,tVHA,2.0,0.894848131842,1000,0.0,-5.219498551323,"[3.965886089370648, 2.5471751116625443, 1.365473035359909, 2.378786126828989, 1.3681418342409826, 2.5554872967120135]"
306,tVHA,2.0,0.894848131842,2000,0.0,-5.219543451076,"[4.017851056572504, 2.602681791992914, 1.4276021438506974, 2.4882274397310207, 1.425956180911736, 2.6333256996813836]"
307,tVHA,2.0,0.903115091394,1000,0.0,-5.219591717743,"[4.015737776414012, 2.588080942534536, 1.4333756781213935, 2.419350934343064, 1.392222935476345, 2.600283431766476]"
308,tVHA,2.0,0.903115091394,2000,0.0,-5.219606408518,"[4.036465998259036, 2.60284349672957, 1.485595237740763, 2.4753725753698292, 1.4329083269341039, 2.6421691266956735]"
309,tVHA,2.0,0.903115091394,5000,0.0,-5.219606496967,"[4.038334779855, 2.6041986894335185, 1.4894131325999465, 2.479576764628894, 1.436782199667004, 2.6462412582798267]"
310,tVHA,2.0,0.903115091394,5000,1e-06,-5.217584849694,"[4.037781675913923, 2.6041075464813845, 1.4872855179973048, 2.4777015276402485, 1.4348041822510686, 2.644381597248718]"
311,tVHA,2.0,0.903115091394,5000,2e-06,-5.215564851924,"[4.037230265759464, 2.6040182704222645, 1.485161216357434, 2.475827412176677, 1.4328278618226178, 2.642521945650595]"
312,tVHA,2.0,0.903115091394,5000,5e-06,-5.209514739539,"[4.035582570466725, 2.603754760807459, 1.478807367342055, 2.4702278430607145, 1.4269224518227028, 2.636967120027279]"
313,tVHA,2.0,0.903115091394,5000,1e-05,-5.19946405917,"[4.032855308215723, 2.603333043869072, 1.4682754935543048, 2.4609553734606266, 1.4171385727336445, 2.627770192741842]"
314,tVHA,2.0,0.903115091394,5000,2e-05,-5.179485133063,"[4.027485263789477, 2.6025570732102867, 1.4474648381523196, 2.4426519306579157, 1.3978231416006897, 2.609622478993496]"
315,tVHA,2.0,0.903115091394,5000,5e-05,-5.120513739035,"[4.012007163101841, 2.6007347183521525, 1.386960567224322, 2.389599894887186, 1.3418077234643297, 2.5570743929480604]"
316,tVHA,2.0,0.903115091394,5000,0.0001,-5.025355061271,"[3.9882941398718983, 2.599228793980404, 1.2923576829334473, 2.3070824980343554, 1.2546734610578838, 2.475523654952932]"
317,tVHA,2.0,0.903115091394,5000,0.0002,-4.846123002977,"[3.9482412958046513, 2.600827839092955, 1.1248313848472153, 2.1618399619300996, 1.1018287595833507, 2.3327599329199358]"
318,tVHA,2.0,0.903115091394,5000,0.0005,-4.384057770248,"[-1.530528684143453, 2.773315615265229, 0.3640233559885796, 1.2575084236414726, 0.25407253286054327, 1.5312983125349362]"
319,tVHA,2.0,0.903115091394,5000,0.001,-3.819761787158,"[-1.717213388807939, 2.769173521348046, 0.29367122628643566, 1.1854017243183643, 0.16697462158803744, 1.5012795176446905]"
320,tVHA,2.0,0.911382050947,1000,0.0,-5.219531753371,"[3.9895738038290456, 2.5852715336429624, 1.3564248883839904, 2.4303638976383564, 1.3764086352830645, 2.57838983125293]"
321,tVHA,2.0,0.911382050947,2000,0.0,-5.219554666295,"[4.01892947957381, 2.6070150618210506, 1.4213157136166814, 2.497859532791709, 1.4316739550536013, 2.640465363593458]"
322,tVHA,2.0,0.9196490105,1000,0.0,-5.219497251367,"[3.9625622666652354, 2.5851988613557753, 1.2722863538725835, 2.429215322149842, 1.3544832906037645, 2.549543144601669]"
323,tVHA,2.0,0.9196490105,2000,0.0,-5.219544706357,"[4.000740988299235, 2.6114809679925295, 1.3584823738318135, 2.5226081565966125, 1.4308348286111925, 2.6402651732203406]"
324,tVHA,2.0,0.927617009057,1000,0.0,-5.219561154179,"[3.9629777923882914, 2.5839371687057433, 1.2515331333249138, 2.4446103727656485, 1.3464335136353163, 2.5747597365423385]"
325,tVHA,2.0,0.927617009057,2000,0.0,-5.219613976865,"[4.0026052006920585, 2.620577683833507, 1.3321875535591192, 2.5513943715169267, 1.442541345519801, 2.6557279146584607]"
326,tVHA,2.0,0.935585007614,1000,0.0,-5.219465948606,"[3.970456919855873, 2.5892788014651966, 1.3171742872420324, 2.445636031196594, 1.3675905859539779, 2.581590776236588]"
327,tVHA,2.0,0.935585007614,2000,0.0,-5.219486321412,"[4.000747797284992, 2.6088373247147194, 1.3668234249400806, 2.512449190991577, 1.4261113861849535, 2.6318934866596493]"
328,tVHA,2.0,0.943553006171,1000,0.0,-5.219520515452,"[3.9638021909019594, 2.589095058539544, 1.2669671440016055, 2.4465864616241166, 1.365041626071388, 2.576719548902813]"
329,tVHA,2.0,0.943553006171,2000,0.0,-5.219556691092,"[4.002475339462423, 2.6171310036976667, 1.339282630764016, 2.540085055400426, 1.4360286134106668, 2.645561679764361]"
330,tVHA,2.0,0.951521004728,1000,0.0,-5.219414255645,"[3.9670127712946393, 2.5834708732333755, 1.319436136215662, 2.4252356992970814, 1.3572427046757636, 2.565921397935167]"
331,tVHA,2.0,0.951521004728,2000,0.0,-5.219439070488,"[4.0005289662545405, 2.6058832814561166, 1.3749707607167976, 2.5014520231354727, 1.4206191959850099, 2.623696178582886]"
332,tVHA,2.0,0.957982978339,1000,0.0,-5.220231615774,"[4.010916371306832, 2.618400925576506, 1.3487602359369335, 2.507940175190053, 1.394407531132269, 2.632177464218624]"
333,tVHA,2.0,0.957982978339,2000,0.0,-5.220231614641,"[4.010957764595995, 2.61843790777668, 1.3488059066989988, 2.508028453986988, 1.3944627999240042, 2.6322436545033265]"
334,tVHA,2.0,0.964444951949,1000,0.0,-5.220267981269,"[4.015695308107873, 2.6146707318470384, 1.3514254594321042, 2.505743792662277, 1.3970471889297398, 2.6294777659665987]"
335,tVHA,2.0,0.964444951949,2000,0.0,-5.220268049707,"[4.017431995910091, 2.6160159068906994, 1.3541458241354178, 2.509285272924932, 1.4002775441846746, 2.632916567878392]"
336,tVHA,2.0,0.970906925559,1000,0.0,-5.221076147479,"[4.009637042409949, 2.6120501380173518, 1.3097703701223677, 2.4823428340235467, 1.352162856742213, 2.6114308152456713]"
337,tVHA,2.0,0.970906925559,2000,0.0,-5.221080002665,"[4.023557361052646, 2.627121392946022, 1.3244003230005552, 2.5107687826537464, 1.370183197089506, 2.637693115773483]"
338,tVHA,2.0,0.977368899169,1000,0.0,-5.221183812339,"[3.9728079302969004, 2.568797618789924, 1.2554274498944997, 2.4266003027805816, 1.2912092003511564, 2.55840830622779]"
339,tVHA,2.0,0.977368899169,2000,0.0,-5.221226733697,"[4.024640060983835, 2.621435971586636, 1.298544805324125, 2.5199091272178116, 1.3477296670184697, 2.645767544286414]"
340,tVHA,2.0,0.981742567665,1000,0.0,-5.220651683845,"[4.072584988703319, 2.624266850462664, 1.1298081356822984, 2.5564555771025033, 1.324417802130423, 2.6250533113970977]"
341,tVHA,2.0,0.981742567665,2000,0.0,-5.220673146102,"[4.112044385311488, 2.6559260316554916, 1.1609878337327508, 2.639396582809687, 1.3702155736276591, 2.6814245446345257]"
342,tVHA,2.0,0.986116236161,1000,0.0,-5.220790978073,"[3.9718509630518803, 2.51926284990855, 1.2191205274146781, 2.3534230071281272, 1.250399219380054, 2.5257684252117283]"
343,tVHA,2.0,0.986116236161,2000,0.0,-5.22084735833,"[4.048219559804682, 2.5715457145426606, 1.2700004419306892, 2.4809902048809933, 1.3128016603575803, 2.6113398702611987]"
344,tVHA,2.0,0.989683984122,1000,0.0,-5.220625408884,"[4.1046929664862315, 2.6441384715144407, 1.16039587550998, 2.6321532343662337, 1.3707052928346064, 2.670338690515965]"
345,tVHA,2.0,0.989683984122,2000,0.0,-5.220625407732,"[4.104732234931347, 2.644175668210864, 1.1604536389541207, 2.632250247034051, 1.37078469286006, 2.670425494394692]"
346,tVHA,2.0,0.993251732082,1000,0.0,-5.222336471055,"[3.9175704734426864, 2.4526381013279073, 1.3321167244491705, 2.415707443928431, 1.3589189580232315, 2.551178592688816]"
347,tVHA,2.0,0.993251732082,2000,0.0,-5.222380384942,"[3.9686519915288416, 2.505934542527814, 1.3733926393903564, 2.5116741342004025, 1.411995196665147, 2.6352644202035425]"
348,tVHA,2.0,0.996259827523,1000,0.0,-5.221989822182,"[3.98912635842221, 2.5347628778958295, 1.2088668401885247, 2.5710444083033748, 1.3738824791533826, 2.5645849396174594]"
349,tVHA,2.0,0.996259827523,2000,0.0,-5.22233501147,"[4.12000169561311, 2.6866860011694254, 1.3115787705928095, 2.8757878938002843, 1.5364229814868378, 2.833176307836748]"
350,tVHA,2.0,0.999267922964,1000,0.0,-5.220799297617,"[3.9319676668281867, 2.4669839246755956, 1.2209282335702656, 2.4020144781521413, 1.2026703177205946, 2.4162432306472867]"
351,tVHA,2.0,0.999267922964,2000,0.0,-5.221018808684,"[4.057755453782567, 2.590121341694129, 1.3295815481263302, 2.6261557390818164, 1.3302492954187755, 2.609200018096211]"
352,tVHA,2.0,0.999633961482,1000,0.0,-5.22072717002,"[4.006777092099465, 2.571728047893857, 1.1208110391489505, 2.5342876535714884, 1.2607552774151047, 2.5024896970421953]"
353,tVHA,2.0,0.999633961482,2000,0.0,-5.220935531863,"[4.125998631357348, 2.692523194092634, 1.2079719263978852, 2.7899640540337765, 1.3868345979882988, 2.6929899359799325]"
354,tVHA,2.0,1.0,1000,0.0,-5.221577601844,"[4.054000238367852, 2.657025832378522, 1.38059005465249, 2.6820941725492977, 1.3931052391640537, 2.685616892276404]"
355,tVHA,2.0,1.0,2000,0.0,-5.221577601849,"[4.054015630078686, 2.657098507700865, 1.3802983500302208, 2.6819300377589936, 1.3928261005233566, 2.685435197657462]"
356,tVHA,2.0,1.0,5000,0.0,-5.22157760185,"[4.054018366642589, 2.6571006001498723, 1.3803040176546861, 2.681935077044428, 1.3928299742465733, 2.6854420192875414]"
357,tVHA,2.0,1.0,5000,1e-06,-5.219123671026,"[4.053329582711163, 2.6569625462902273, 1.3779794096466833, 2.6795497836395117, 1.3905212804143594, 2.6831989666090017]"
358,tVHA,2.0,1.0,5000,2e-06,-5.216672175484,"[4.052638928778326, 2.6568239769495157, 1.3756505132561347, 2.6771656693990318, 1.388212651771954, 2.6809569777887576]"
359,tVHA,2.0,1.0,5000,5e-06,-5.209332271901,"[4.050581310089494, 2.656419639313957, 1.3686956965689066, 2.6700422604609804, 1.3813184528313107, 2.6742611432668415]"
360,tVHA,2.0,1.0,5000,1e-05,-5.197147538288,"[4.047188014035297, 2.655774859024782, 1.3571956233068883, 2.658279656121651, 1.369935544685088, 2.6632083810534137]"
361,tVHA,2.0,1.0,5000,2e-05,-5.172958444367,"[4.040539004957395, 2.654598450329172, 1.3345230619730875, 2.6351548289421634, 1.347556737139068, 2.6414916085110116]"
362,tVHA,2.0,1.0,5000,5e-05,-5.101809200073,"[4.021636956880018, 2.6518915377648247, 1.2690217196487328, 2.5687934953060982, 1.2833595847513184, 2.5792768591841435]"
363,tVHA,2.0,1.0,5000,0.0001,-4.987793978633,"[3.9934878627932604, 2.6497681491129437, 1.167891248997115, 2.4674824189736806, 1.1855631309121715, 2.4846625931514064]"
364,tVHA,2.0,1.0,5000,0.0002,-4.771898958823,"[0.20935349866847405, 2.477638132321874, 0.7831316688919396, 0.9411233864940776, 0.11604709095937973, 1.6423345014774626]"
365,tVHA,2.0,1.0,5000,0.0005,-4.247425097711,"[-1.5337310191849218, 2.795824535364791, 0.39833361549125346, 1.3530724612048513, 0.2294342132351581, 1.5852223545754072]"
366,tVHA,2.0,1.0,5000,0.001,-3.640672029331,"[-1.7783119803690814, 2.816424604464185, 0.32413821891589756, 1.252213864231733, 0.15464766485881892, 1.52269404532288]"
367,tVHA,3.0,0.0,1000,0.0,-5.186514294182,"[9.42477796076938, 9.42477796076938, -5.695034730916831, 0.20585964103405047, 0.3314766075119566, 0.23475314740773637, 1.4317494943287443, 5.325364417218198, -4.258728331049742]"
368,tVHA,3.0,0.026797978742,1000,0.0,-5.186609739548,"[9.421449966980962, 9.42477796076938, -2.41071999111224, 0.05778566251609579, 0.08149407114033752, 0.05862923279650134, 8.921159571625223, -9.42477796076938, 9.42477796076938]"
369,tVHA,3.0,0.053595957484,1000,0.0,-5.18660989035,"[9.215182618008352, 9.42477796076938, -2.1833893519200185, 0.05821770530353261, 0.07910198313370978, 0.058807093244796035, 7.474536439391061, -9.42477796076938, 9.42477796076938]"
370,tVHA,3.0,0.080017711242,1000,0.0,-5.186603549729,"[9.42477796076938, 9.42477796076938, -2.1964867517503563, 0.09571345283423215, 0.10653235275430195, 0.09664563554352557, 9.42477796076938, -9.42477796076938, 9.42477796076938]"
371,tVHA,3.0,0.106439465001,1000,0.0,-5.18660659611,"[9.42477796076938, 9.42477796076938, -2.660292096956238, 0.07153967071076513, 0.10535214181417488, 0.07600724059364655, -1.291527979350774, -9.42477796076938, 9.42477796076938]"
372,tVHA,3.0,0.13096497634,1000,0.0,-5.186599301817,"[9.42477796076938, 9.42477796076938, -2.3137636064817486, 0.11664412820026915, 0.12912815841096947, 0.09331971429694644, 9.407626207603943, -9.42477796076938, 9.42477796076938]"
373,tVHA,3.0,0.155490487679,1000,0.0,-5.18661471545,"[9.42477796076938, 9.42477796076938, 9.032124951880235, 0.030922279253885333, 0.032493866066759115, 0.025284458935728674, -1.5024574057367728, -9.42477796076938, 9.42477796076938]"
374,tVHA,3.0,0.180015999018,1000,0.0,-5.186610385666,"[9.42477796076938, 9.42477796076938, -6.4865173664745175, 0.054397860786178726, 0.07707193238289164, 0.0561333781658071, 9.42477796076938, -7.700370268118267, 9.42477796076938]"
375,tVHA,3.0,0.204541510357,1000,0.0,-5.186615872434,"[9.42477796076938, 9.42477796076938, -9.42477796076938, 0.0006786962219240838, 0.000974832662831918, 0.0006207126596722847, -8.302302997379034, -9.42477796076938, -9.42477796076938]"
376,tVHA,3.0,0.228254796663,1000,0.0,-5.20466624069,"[7.943106116177467, 7.0396099612276135, 1.3073428802858165, 0.6195236137885028, 0.24388921528711463, 0.48259493057134545, -1.6361270125942726, 5.06813396544911, 2.1497064687081586]"
377,tVHA,3.0,0.25196808297,1000,0.0,-5.212563243494,"[9.42477796076938, 8.955314594702964, 3.1730610251466187, 0.25521756306208, 0.3856539374199588, 0.2294267896159847, -8.923943211851764, -5.847097704506376, 1.2774730792901363]"
378,tVHA,3.0,0.27317283102,1000,0.0,-5.204659215809,"[6.752282890529638, 6.9126461570556295, 0.9312858574092711, 0.682605943317399, 0.11026173375160904, 0.5546482903815624, -1.373800222164365, 5.71825851312242, 1.5298470927670125]"
379,tVHA,3.0,0.294377579069,1000,0.0,-5.204856972489,"[5.533452476897607, 6.037395889144033, 1.4882774461372341, 0.7992155603646873, -0.2071880993808143, 0.6457258634579814, -0.4982045898532719, 5.836652715648798, 2.06825062409224]"
380,tVHA,3.0,0.313938345443,1000,0.0,-5.205231446399,"[3.187619228216554, 6.308988550866323, 0.5094700838432726, 1.2325554441563733, -0.7824711031920684, 0.733459855978338, 0.17725561545956198, 6.135554431440981, 1.9262223794554547]"
381,tVHA,3.0,0.333499111817,1000,0.0,-5.209192119755,"[2.225834818561675, 8.195151999277385, -2.7408067556105262, 1.7977201601205097, -1.0339472931506029, 0.8354383481821055, -5.264084046029682, 9.36854789532741, -3.2288184096128822]"
382,tVHA,3.0,0.351750181136,1000,0.0,-5.216123562023,"[9.42477796076938, 6.881873698112942, 5.217396944306446, -0.38946959680255994, -0.02660330432266239, -0.12967587803758393, -7.06136024206759, -5.768596577440697, 2.6640380562465262]"
383,tVHA,3.0,0.370001250454,1000,0.0,-5.216032265015,"[9.42477796076938, 8.197965437867762, 4.232390775675841, -0.2144506483274586, 0.0636875542768217, -0.05101615232765517, -7.288702734488477, -5.183255841605931, 2.8985442074259202]"
384,tVHA,3.0,0.388064788183,1000,0.0,-5.213408966396,"[9.42477796076938, 7.856736476805242, 4.517678351338218, -0.344661606602197, -0.021118198854716587, -0.1581149165198535, -5.709874860159561, -3.597978271848759, 3.9075391635073506]"
385,tVHA,3.0,0.406128325911,1000,0.0,-5.21351167343,"[9.42477796076938, 8.210917002096934, 4.507631842479793, -0.2696402518908092, 0.03517362160604356, -0.0970376853580465, -3.9896661628027434, -1.21847736001936, 5.694707023705403]"
386,tVHA,3.0,0.424156859983,1000,0.0,-5.214534557855,"[9.42477796076938, 7.956963134202162, 4.447464531003122, -0.37462394476148575, -0.026964686126292405, -0.17169823957578279, -5.422928508113477, -2.996697991330276, 4.356246929697356]"
387,tVHA,3.0,0.442185394055,1000,0.0,-5.213213994857,"[9.42477796076938, 8.125095350666637, 4.440645960629047, -0.31254441255397536, 0.027379951918307905, -0.13772865958572467, -4.784167611804946, -2.1992740538453024, 4.882114276684277]"
388,tVHA,3.0,0.460213928127,1000,0.0,-5.213662856637,"[9.42477796076938, 8.340498354521078, 4.401657110689822, -0.3088151686103099, 0.05036831046285485, -0.1199484389341165, -4.782460572565773, -2.0654234492891623, 5.05488986626583]"
389,tVHA,3.0,0.478242462199,1000,0.0,-5.213696782606,"[9.42477796076938, 8.44360861484375, 4.586449637873421, -0.2048670200512665, 0.17072075646333373, -0.030283126451851237, -4.13646581832956, -1.467640234389141, 5.386938592842667]"
390,tVHA,3.0,0.495908025331,1000,0.0,-5.214758880011,"[9.42477796076938, 7.90473372828858, 4.463494848248217, -0.5689354489839666, -0.2285100064007199, -0.2892393474300232, -5.879873266027337, -3.46600478947935, 4.289487421830643]"
391,tVHA,3.0,0.513573588462,1000,0.0,-5.214529723614,"[9.42477796076938, 8.377963294271154, 4.623314799133828, -0.3330524163426142, 0.14436771980345758, -0.07607719701833207, -4.127197253412943, -1.4254363529568144, 5.461136302484219]"
392,tVHA,3.0,0.531236084016,1000,0.0,-5.21239780845,"[1.8418932965863601, 4.430276919138525, 1.8639001936758606, 2.3532257974546837, -1.5029931653823883, 0.6135358190903996, -4.587065817353378, 7.992093573222892, 1.3142077383209458]"
393,tVHA,3.0,0.54889857957,1000,0.0,-5.217206638271,"[2.459641822685475, 1.1326204640461697, 4.704873233664271, 1.43737343713708, 6.352090626531258, -6.3123032874859515, -4.919385013889961, 5.114630316031305, 3.205063855500528]"
394,tVHA,3.0,0.566535579659,1000,0.0,-5.213567892773,"[2.079114592357543, 1.8156203662617747, 3.226491260466023, 7.082580676539857, -6.258157430950963, 0.9422522580204062, -3.259436125110807, 5.900374839708368, 2.8417381218180684]"
395,tVHA,3.0,0.584172579748,1000,0.0,-5.217189884907,"[2.8179553912300515, 5.6599174114238435, 0.5215443094244758, 2.6312735460195906, -1.0509438674942373, 1.8061333827959674, -3.4766133538227413, 7.287365152464545, 0.8026019018839989]"
396,tVHA,3.0,0.601809579838,1000,0.0,-5.213813232361,"[1.6936917583862745, 2.3410507128887614, 2.862408457975423, 6.585549262774149, -5.4955181613674995, 0.681240848261979, -3.612254749688591, 6.3271411087157645, 3.7267135253297172]"
397,tVHA,3.0,0.619446579927,1000,0.0,-5.218145990266,"[3.081657206168667, 4.935016256833456, 1.0206303645161738, 4.308295302331745, -2.643121623940085, 2.8054004749795407, -2.793921306006314, 7.225024536811835, 1.7460391763186607]"
398,tVHA,3.0,0.63664700518,1000,0.0,-5.216030713476,"[6.286526686922723, 4.647683264567762, 1.7727087163150492, 3.6640563567785396, -0.3611528927143227, 4.121725289583434, 2.7077603428702375, 4.827623580224149, 3.7257309284292233]"
399,tVHA,3.0,0.653847430434,1000,0.0,-5.218478100391,"[6.401977534962873, 4.91722861275518, 1.9335079563796123, 4.211578931649355, -0.005399212490346002, 4.749342740663517, 2.7911653609216094, 5.527964450812368, 4.138517622482276]"
400,tVHA,3.0,0.670502878605,1000,0.0,-5.213675953378,"[-0.9720130353433772, 4.899113474881508, 3.339688261356026, -0.7582417007988642, 1.6831266113874834, 1.8692407345881983, -3.2745596609708514, 5.244824691647773, 4.478352244706757]"
401,tVHA,3.0,0.687158326776,1000,0.0,-5.217647897646,"[-0.6714814010590944, 5.040584508490802, 2.9983315973649627, 1.651173542456044, 0.5300203727407202, 2.110073894321525, -2.4640395889495372, 5.803438749006718, 5.032479839019538]"
402,tVHA,3.0,0.703176952948,1000,0.0,-5.212869432986,"[-0.546735596681887, 4.634280257119909, 2.9773522077684618, 1.8623194680648654, 0.42849265402733305, 2.0179505493922987, -2.936427817424306, 5.551633208414394, 4.316557895766625]"
403,tVHA,3.0,0.719195579119,1000,0.0,-5.209350084816,"[-0.632604520943148, 4.826096234900473, 2.128143631764623, 1.2390950033007995, 1.8071074238605993, 1.6760840056680095, -3.5301304810925114, 6.569486786791394, 3.2240154124454428]"
404,tVHA,3.0,0.735063507221,1000,0.0,-5.209899241212,"[4.955178063648148, 3.436700454246806, 2.872363665472367, 2.079317052955795, 1.0879762682626994, 2.528102390599779, 1.7362239050269217, 2.2257257998432385, 2.3691102610681085]"
405,tVHA,3.0,0.750931435322,1000,0.0,-5.210039374011,"[-0.3795425976142985, 4.131072372781215, 2.7022174846998546, 1.5634080053320403, 0.9548408380578604, 1.7348953641345606, -2.986587745318954, 5.328544414451336, 3.2466539234548737]"
406,tVHA,3.0,0.766769074103,1000,0.0,-5.212388892306,"[4.724131831338397, 3.239848759409885, 3.045482390119451, 2.3644485468748604, -0.09670787903289611, 3.3576635502994825, 1.3987880795124905, 1.8038512095609915, 2.6242950225645956]"
407,tVHA,3.0,0.782606712884,1000,0.0,-5.215262189287,"[5.891493830368079, 4.304120710573, 2.692451212397229, 3.088440346809392, 1.3119600922920487, 3.976549420567597, 1.7416158546813145, 3.226521515495582, 2.6925427663836254]"
408,tVHA,3.0,0.798444351665,1000,0.0,-5.215236222709,"[5.579345149510765, 1.6854294330307311, 2.6006114967275655, 1.2475661156515374, 2.402108005028957, 0.5853941183897511, 1.482753518079773, 2.431482869555477, 1.2863874721978816]"
409,tVHA,3.0,0.814281990446,1000,0.0,-5.21599718683,"[0.3910294968204262, 4.784631300452057, 3.6331276260182297, -0.688357554986939, 2.3086642223421885, 2.363151357167952, 3.66429777337635, -2.1723091975596844, 3.626852263261304]"
410,tVHA,3.0,0.82397955502,1000,0.0,-5.217747454585,"[6.086189179665853, 2.3319618312514336, 2.5086744412258173, 3.224317151194949, -0.24310252829663564, 3.9462675417935045, 1.7838133359078892, 3.08397348120578, 1.1647053606342757]"
411,tVHA,3.0,0.833677119594,1000,0.0,-5.215788091798,"[-0.41724052176458454, 6.208845935947503, 3.662911816230772, -1.6694103525461992, 3.172693943204679, 2.926438182553774, 3.5879970904013927, -1.9095626099864962, 3.6804240097356216]"
412,tVHA,3.0,0.843052784765,1000,0.0,-5.214934108958,"[-0.19569370214269474, 3.1665203452484114, 2.516416457732754, 3.1849460166427024, -0.9344405964491493, 0.8333312932957904, -1.8817384396769838, 3.2852597299060187, 3.164066273707686]"
413,tVHA,3.0,0.852428449935,1000,0.0,-5.215490516554,"[0.13505039837640537, 2.8418750325883027, 2.114027813673424, 3.8953632391051825, -1.484356963020653, 0.36716440247830967, -1.4028296073297046, 2.9975345627227483, 2.5498246147661634]"
414,tVHA,3.0,0.861116322494,1000,0.0,-5.217497957568,"[0.1476098044243957, 5.45070879073282, 3.6072239590497324, 0.19867147003382107, 1.3406303564428783, 2.7898534197204645, 3.7424134984526134, -2.0757246664560123, 3.6618272221946855]"
415,tVHA,3.0,0.869804195052,1000,0.0,-5.219044725895,"[5.8366168874027355, 3.0281238455595183, 2.519724129113308, 2.8434549412852417, 0.4297504668726779, 3.7202247637391377, 1.7054650067059463, 2.8399778680558456, 1.9873663010625335]"
416,tVHA,3.0,0.87819268367,1000,0.0,-5.217267562891,"[-3.507309310568991, 6.185166695252894, 2.8369790860231667, 2.848350932695252, 0.3798927281657075, 0.8917659001828376, 1.0604940139290886, 1.4599291462638657, 2.86787410996262]"
417,tVHA,3.0,0.886581172289,1000,0.0,-5.219038263671,"[0.7787208245496997, 4.537914098141668, 3.5194130233198604, -1.2650473522961847, 3.7934989376476813, 2.1725306452754296, 2.9089970794825906, -1.3082009181656507, 3.885556672811029]"
418,tVHA,3.0,0.894848131842,1000,0.0,-5.219319923689,"[0.34120907456743954, 5.392140985783936, 3.5659086041153554, -1.5485031680045136, 3.8386168452476195, 2.6675454367292826, 2.2804871587676443, -0.3885309920151876, 3.7522116018215925]"
419,tVHA,3.0,0.903115091394,1000,0.0,-5.219177247821,"[1.3723820513531344, 4.186932167025159, 3.384687736622362, -0.9396950192947273, 4.045942207464787, 1.6115673846467555, 2.4617900846323852, -0.8663638254052657, 3.9613794554237045]"
420,tVHA,3.0,0.911382050947,1000,0.0,-5.219222808061,"[0.7962849567883962, 4.79461810979456, 3.5340230807243707, -1.2137723050796794, 3.8085888378813366, 2.2927849671093856, 2.590664454525018, -0.8303238547813836, 3.881603408587214]"
421,tVHA,3.0,0.9196490105,1000,0.0,-5.219962295654,"[4.9393408905398, 1.4924404128625193, 3.0997491388057465, 1.2889269444156783, 2.6265175758309303, 1.2834235445364692, 1.8584659009025666, 0.6882177471142115, 3.2037874374483195]"
422,tVHA,3.0,0.927617009057,1000,0.0,-5.219565699412,"[4.278024226786243, 2.360591450148885, 2.758346158836652, 0.6499994997323948, 3.432003890362575, 0.6123276177885614, 1.567737738015904, 0.8048917856423692, 3.1129276223454823]"
423,tVHA,3.0,0.935585007614,1000,0.0,-5.220096844544,"[5.058557818429215, 2.4904402534807515, 2.5402132396091135, 1.1212396569939167, 3.5995791481888277, 0.5236175328043928, 1.814290403147811, 1.9960334878550443, 2.2328668611819205]"
424,tVHA,3.0,0.943553006171,1000,0.0,-5.219777304219,"[3.6617958700274604, 4.020702468863128, 3.185477507216339, 0.352760399121838, 2.822349689653511, 2.127880578763551, 1.440062956689728, 1.462602411952691, 3.4105963429249178]"
425,tVHA,3.0,0.951521004728,1000,0.0,-5.21966192134,"[4.0299236006803065, 2.779581907540381, 3.1714735503479345, 0.8212593930298886, 2.523545668957885, 1.7554060510335157, 1.6927808254135974, 0.9009483358948118, 3.251003077646849]"
426,tVHA,3.0,0.957982978339,1000,0.0,-5.220108410939,"[2.235724030779882, 3.840253622074008, 3.616989589827604, 0.5555174213386049, 1.787014028665332, 2.7648811654690415, 1.8304422996662908, 0.14401691584320822, 3.767442583870935]"
427,tVHA,3.0,0.964444951949,1000,0.0,-5.21977752416,"[1.1750013409719235, 4.375014373459445, 3.450231724154304, -1.0986263322690206, 3.7812526992402624, 1.974521996087023, 2.3548508734629916, -0.6659039626858089, 3.850219420800031]"
428,tVHA,3.0,0.970906925559,1000,0.0,-5.220953938813,"[3.4420362547027206, 3.033124117596877, 3.0934855142388034, 0.1042962965139411, 3.4541858801048066, 1.0048785260425503, 1.5937033725629606, 0.47459250117681706, 3.4467203545965854]"
429,tVHA,3.0,0.977368899169,1000,0.0,-5.221913415642,"[-4.3136966345201015, 6.170423077447134, 3.1696234072154703, 2.2168658236446444, 1.5536990263490678, 1.6737323500779104, 1.1364496483081372, 1.886009968172788, 2.8982799447872183]"
430,tVHA,3.0,0.981742567665,1000,0.0,-5.221723154156,"[5.668778380675611, 1.0747273683926077, 3.2091453608356604, 1.5478321303243194, 2.62175792590626, 1.2543861862240733, 1.831678849025685, 1.2198342058630982, 2.718955750994848]"
431,tVHA,3.0,0.986116236161,1000,0.0,-5.220303936158,"[2.0986876347707746, 3.883720816658802, 3.1247978480461907, -0.815041759429679, 3.8138825545147212, 1.323292371465559, 1.6244002934541413, 0.1281452018738432, 3.5958960901645733]"
432,tVHA,3.0,0.989683984122,1000,0.0,-5.221868012785,"[4.333522752348117, 3.8347014817975085, 3.2625317967293563, 1.2246046975719629, 1.6327936049748908, 3.077216288369924, 1.4630822005060542, 1.6710320230922586, 3.2900815187634134]"
433,tVHA,3.0,0.993251732082,1000,0.0,-5.222975382328,"[0.33093517440367515, 5.26982159541435, 3.60754240434664, -0.4182106451758163, 2.6731842514583075, 3.339631709965227, 3.5553750432198266, -1.532341087821575, 4.057781956609124]"
434,tVHA,3.0,0.996259827523,1000,0.0,-5.221827868314,"[-1.1632161829421057, 4.774991562343637, 3.111652692690084, 4.014031486091328, -1.0300017841000135, 1.6321348215444638, -0.4149145920168008, 2.4311563425605724, 4.098925722974318]"
435,tVHA,3.0,0.999267922964,1000,0.0,-5.222224777624,"[-3.9417119367457945, 6.845453691575228, 3.032495026219346, 2.8787261269382833, 1.4408384296349737, 1.8117934464567762, 1.5779189779782374, 2.0141396378396657, 2.9574971341832246]"
436,tVHA,3.0,0.999633961482,1000,0.0,-5.221459979862,"[-3.527282570476326, 5.436305936056818, 2.895944335992155, 3.694098009438555, 1.014398846254917, 0.32730003786701245, -0.1846800970648051, 2.0295809376070495, 3.9068771876203394]"
437,tVHA,3.0,1.0,1000,0.0,-5.225616442592,"[6.458539466338845, 6.492118785017377, 4.087144588464649, 2.1478326314725713, 3.829555282648129, 5.193638108230327, 1.7907359789941109, 3.924574615379169, 4.810636260666071]"
438,tVHA,4.0,0.0,1000,0.0,-5.186604294054,"[9.42477796076938, 9.42477796076938, 8.845018562831795, -0.02402650417746643, 0.03899644434303894, 0.10838996439213687, 0.0422590334112164, 0.13030563290111447, 1.3966741979054547, 1.8930553715137801, 1.182378470380044, -2.4400382475759015]"
439,tVHA,4.0,0.026797978742,1000,0.0,-5.186610744979,"[9.42477796076938, 8.968562794190479, 9.42477796076938, -5.658596825146613, 0.023818578647805993, 0.08892817221558047, 0.035618305417540574, 0.08251561957013216, 8.832488185029522, -9.42477796076938, 9.42477796076938, -9.42477796076938]"
440,tVHA,4.0,0.053595957484,1000,0.0,-5.186614436736,"[9.42477796076938, 9.42477796076938, 9.42477796076938, -6.901936035040554, 0.019909289621683472, 0.047232642146276434, 0.025301939340549487, 0.033493685737005965, 9.248792100288096, -9.42477796076938, 9.42477796076938, -9.42477796076938]"
441,tVHA,4.0,0.080017711242,1000,0.0,-5.186605306288,"[9.42477796076938, 8.38543862836003, 9.42477796076938, 9.42477796076938, 0.07993142636146229, 0.08481974970155076, 0.09005088261055678, 0.10445008188690022, 8.289001053888558, -9.42477796076938, -9.42477796076938, -9.42477796076938]"
442,tVHA,4.0,0.106439465001,1000,0.0,-5.18661652922,"[4.1682836475367, 9.129283263397598, 2.1089035725462226, 4.944675197475375, 0.04139580633025634, -0.069700714591554, 0.13462710124091634, -0.11443643306218912, 8.886406290077009, 9.42477796076938, 9.42477796076938, -9.42477796076938]"
443,tVHA,4.0,0.13096497634,1000,0.0,-5.186615520365,"[9.42477796076938, 9.42477796076938, 9.42477796076938, 9.42477796076938, 0.021645574336528486, 0.010304566488276597, 0.02245584918951018, 0.009892461199082497, -5.598213788962695, 2.9406700604833564, -4.59670587420338, -9.42477796076938]"
444,tVHA,4.0,0.155490487679,1000,0.0,-5.186612764661,"[9.42477796076938, 8.175844694940286, 8.548221554504162, -3.185826247016405, 0.011235877155891907, 0.07083364054870418, 0.005648012140861497, 0.07412030047346879, -4.504225421804483, -9.42477796076938, 9.42477796076938, 9.42477796076938]"
445,tVHA,4.0,0.180015999018,1000,0.0,-5.186659319195,"[-9.320302830071608, 9.42477796076938, 9.42477796076938, 2.093321823951511, -1.1220282644390749, 0.0040602601168574426, 1.1034662603388, -0.0789081771794535, 9.42477796076938, 9.42477796076938, 9.42477796076938, 9.42477796076938]"
446,tVHA,4.0,0.204541510357,1000,0.0,-5.186614593606,"[9.42477796076938, 9.42477796076938, 9.42477796076938, 9.42477796076938, 0.020392220612997558, 0.04378592476554015, 0.02577569897593998, 0.031808949755958674, 9.42477796076938, -9.42477796076938, 9.42477796076938, 9.424777960769378]"
447,tVHA,4.0,0.228254796663,1000,0.0,-5.211975208239,"[4.8271345051729835, 9.42477796076938, 9.392250455299065, 5.5181584855242365, -0.5484119150244666, 0.9936141751847991, -0.11413676133464945, 0.5943606816432385, -9.42477796076938, -2.909178451052403, -6.628354102665611, 2.5385069794975106]"
448,tVHA,4.0,0.25196808297,1000,0.0,-5.211137248071,"[1.9982718647341016, 9.42477796076938, 9.42477796076938, 9.42477796076938, -1.1113564808008733, 1.102091622043859, -0.10099775766458864, 0.19171861399756462, 5.727541321479089, -9.42477796076938, -2.4000047063090086, 1.941175423946921]"
449,tVHA,4.0,0.27317283102,1000,0.0,-5.212400554742,"[4.817648986697169, 9.42477796076938, 9.239239222368688, 5.78043709726167, -0.7562441863177589, 1.2240396250634753, -0.2256043909027649, 0.6860558641840212, -9.42477796076938, -3.4957719245604295, -7.1354621105125915, 1.827472563478275]"
450,tVHA,4.0,0.294377579069,1000,0.0,-5.212067603882,"[1.5597978362501048, 9.42477796076938, 9.42477796076938, 9.42477796076938, -2.592401415799917, 2.578045004393921, -0.6148273165032309, 0.2682411336753514, 3.935909749954777, -9.42477796076938, -3.4204026525593294, 0.5800184369867283]"
451,tVHA,4.0,0.313938345443,1000,0.0,-5.211176470841,"[2.0851576664003657, 9.42477796076938, 9.42477796076938, 9.42477796076938, -1.2496672262819915, 1.1707718737011827, -0.15909767029590044, 0.19313581916654943, 5.304273653766533, -9.42477796076938, -2.695314835489712, 1.3374697704174265]"
452,tVHA,4.0,0.333499111817,1000,0.0,-5.210579388647,"[-4.175311242405832, 9.352592965980206, 9.42477796076938, 8.807097791603706, -2.4493789640672397, 1.7401940187857847, 1.7971382699101865, -0.3263385869714298, 0.5883933047186595, -9.42477796076938, -3.833634107050379, -0.6352788770463176]"
453,tVHA,4.0,0.351750181136,1000,0.0,-5.213059287698,"[-8.710425260604143, 8.735341142753212, 7.165317747418271, 1.386823944389533, 1.9663942449597633, 0.8382273488796569, -2.016300578889429, 0.45107265479988157, 2.0525575280657575, 3.2533883354194018, 7.071286584794672, 6.641937692673933]"
454,tVHA,4.0,0.370001250454,1000,0.0,-5.215949909065,"[2.2645076376638773, 4.5269499589079185, 6.068600184716617, 1.9404093474724884, 2.334043141218415, 0.05008884983878556, -1.5110523173627048, 1.9953591359131055, 7.993671187277139, -7.429526902106891, 9.42406559130712, 4.227341670646024]"
455,tVHA,4.0,0.388064788183,1000,0.0,-5.220930798372,"[2.413075748274637, 9.123910830051381, 9.42477796076938, 5.084338718754363, 4.113325390610534, -4.131824844079283, 0.8889686259829328, -0.6354831046775316, -9.42477796076938, 9.42477796076938, 3.359140288123228, 8.687104220931479]"
456,tVHA,4.0,0.406128325911,1000,0.0,-5.220301995057,"[3.447619474402599, 9.42477796076938, 6.7147599174948756, 7.370379524492373, 1.0836089139548024, -1.0892305695231648, 0.6457917892050826, -0.38453647325859075, -9.42477796076938, 7.51323586436293, -3.722624550573917, 9.424777960769378]"
457,tVHA,4.0,0.424156859983,1000,0.0,-5.219666382729,"[2.6240812147688404, 9.42477796076938, 8.524803524272631, 5.454568915629383, 4.576563577474743, -4.907203720408928, 0.7576162966818916, -1.0717656619565785, -8.929506041204553, 9.42477796076938, 2.6954090688832584, 7.934878597741134]"
458,tVHA,4.0,0.442185394055,1000,0.0,-5.215830050516,"[-1.5655668606850202, 0.9453661092916408, 5.576785252152833, 2.9219484439483256, 2.006000797801165, 2.2838375981457224, -3.5071480170962186, -0.7681863396453139, -2.065125121715023, -2.5681287277378897, 9.42477796076938, 5.8320883967487225]"
459,tVHA,4.0,0.460213928127,1000,0.0,-5.214095469431,"[-4.021312925432784, 9.42477796076938, 6.980723986585561, 1.842540908220928, 1.8853241221633763, -0.846047116380142, -1.098881543414981, 0.38176065985625196, 0.608805534420495, 3.2063020083761176, 9.42477796076938, 6.638190175126516]"
460,tVHA,4.0,0.478242462199,1000,0.0,-5.217379950016,"[2.7181951243976448, 9.027474115090143, 9.42477796076938, 5.570237351181623, 4.036956224478417, -3.9188627564490286, 1.0207512580335796, -0.6346368260214011, -7.489473341848981, 6.9376191419670175, 1.9877240126524836, 8.459039695444469]"
461,tVHA,4.0,0.495908025331,1000,0.0,-5.217179066617,"[-0.5918751955979371, 1.5530816882561864, 5.34312004227591, 2.5368732689984217, 6.285142176346964, -1.1219221695741604, -4.237125206883137, -1.4627718725667191, -5.145607575071153, 1.6747402013072814, 9.320190773369028, 5.559127597448404]"
462,tVHA,4.0,0.513573588462,1000,0.0,-5.220567018492,"[5.281149022882491, 2.38314511729521, 4.11537562453358, 3.6040414319911998, 0.5697187021771208, 3.008934455730882, -3.010228342794931, 0.7037716591150178, 5.075868068557671, -5.319509792464561, 9.42477796076938, 6.161527499933816]"
463,tVHA,4.0,0.531236084016,1000,0.0,-5.20864665101,"[1.8682102574230595, 4.958721741971164, 6.254784602900951, 1.70600060841591, 3.3135022274536245, -1.0867266086478402, -0.3824543885263979, 1.780254018996696, 3.4321512718762426, -2.4853966797158558, 5.760665637530181, 2.302784029966716]"
464,tVHA,4.0,0.54889857957,1000,0.0,-5.216762937278,"[-2.4577011058481695, 1.4065954418801785, 2.1431216850045134, 6.275254233519675, -0.4195344592981519, 4.841399519883888, -3.557555688096394, 1.1335756439009743, 0.6187619737942329, -7.21913381121141, 6.827592743092781, 6.074915778515553]"
465,tVHA,4.0,0.566535579659,1000,0.0,-5.212995489819,"[-7.8211838781989425, 3.757278287423014, 0.3814455847793853, 7.08572810864087, 0.7653141629715962, 2.7237584776975448, 4.8830051472816285, -6.007198758487637, 0.5361583185904363, -6.048163771883666, 1.654139229853072, 8.58523473288561]"
466,tVHA,4.0,0.584172579748,1000,0.0,-5.216590398628,"[9.42477796076938, -8.39021567547178, 2.948721246808409, 7.878079595551226, 0.6433653625913334, 2.2329480669119466, 2.8045632464111208, -1.9652944713075784, -1.2232241920972853, 1.7757291804176547, -3.773511148580001, 9.42477796076938]"
467,tVHA,4.0,0.601809579838,1000,0.0,-5.210713941412,"[-0.3627515007017603, 7.045511447892101, -2.3606684704303618, 7.192617600337954, -1.5457595758679146, 4.279662327513933, 3.0307633974443693, -3.140027991080228, 6.021139550326133, -7.438671548840489, 4.136395875810788, 3.3790845328859094]"
468,tVHA,4.0,0.619446579927,1000,0.0,-5.216531256607,"[3.5019441786635435, -0.26390233179422096, 1.6965260219701537, 6.7214266656477175, -1.080268424904216, 5.254825384895245, 0.8274323456429735, -3.440958112089286, -6.319087325093474, -0.3725701372762332, 1.3721732426797497, 9.42477796076938]"
469,tVHA,4.0,0.63664700518,1000,0.0,-5.213460080666,"[6.333655141423671, 9.42477796076938, -2.4170162436001386, 4.227315265701765, 4.397130413981148, 0.4305708064095245, 4.876229852872953, -0.23611516345366773, 1.8365964014920837, 3.7805091279509124, 1.5581592740641, 4.9938391750442435]"
470,tVHA,4.0,0.653847430434,1000,0.0,-5.215268337983,"[6.402682900941656, 9.21879843544206, -0.8065265402686587, 3.948373501599174, 3.661417558558565, 2.276250264367933, 8.179260792529172, -4.01944178063872, 0.6558196184865686, 4.115114972038803, 2.121730529435314, 4.6788022127097175]"
471,tVHA,4.0,0.670502878605,1000,0.0,-5.21375506807,"[0.29851141335115217, 7.28289319419505, 0.4332845114949433, 3.7760283346485197, 0.17785025564604307, 1.0670433756005573, 3.8413965109239947, -1.4198326873869966, 6.453442939843126, -4.37606896755849, -0.27602114945097994, 5.853605266535911]"
472,tVHA,4.0,0.687158326776,1000,0.0,-5.21760811674,"[-1.3782379288750184, 6.522250701655797, -0.7055591838085713, 4.647052558804349, 2.551298573330252, 0.567659488492291, 2.5857806027284633, -0.38969783208811504, -3.2296252421452065, 7.096596782780026, 5.838506214629758, 0.9989590444048431]"
473,tVHA,4.0,0.703176952948,1000,0.0,-5.212901512923,"[-0.707022133374212, 6.203978514967808, -0.7407699144202318, 4.611184857898854, 2.437940665765002, 0.7789227938844715, 3.4064683785513346, -0.8702995977879743, -3.942445234661991, 7.283832860130374, 5.380554000714547, 0.29900745678600216]"
474,tVHA,4.0,0.719195579119,1000,0.0,-5.207164175891,"[0.723852837034851, -2.313806657584645, -1.565934534898577, 9.42477796076938, 3.4991313560862127, -0.16855803811741946, -0.46914110791616564, 1.0318389175766853, -2.7877848828362164, 7.180667558253958, -1.303046999602151, 1.6848274198420525]"
475,tVHA,4.0,0.735063507221,1000,0.0,-5.209919883415,"[2.524069033230564, 7.036596080920093, -0.791967021669767, 4.625934891147596, 5.963196839225957, -2.5065787039215035, 4.319878785098568, -0.20767897731961277, 2.172932041369893, 0.6709095695893101, 0.9472714845228727, 3.7279666710897317]"
476,tVHA,4.0,0.750931435322,1000,0.0,-5.210269374939,"[0.18347303229916775, 5.101818695611968, -0.45785935674658373, 2.761207192810645, 6.158795001840094, -1.3587997930647036, 2.0127836044477334, -1.4187755019755035, -2.839254828542005, 6.30126107051008, 2.30861525396996, 1.799908428753339]"
477,tVHA,4.0,0.766769074103,1000,0.0,-5.213115390256,"[5.0071369718061565, 3.6043812144216805, 1.8150610463837236, 4.050804310330578, 5.624735918469851, -4.4837540935994324, 5.223877902586269, 1.5976219271972787, 1.670435534021295, 1.3913027098338084, 1.2229387769188658, 3.194602571568078]"
478,tVHA,4.0,0.782606712884,1000,0.0,-5.213292255221,"[0.49080499934117433, 8.719265758119484, -0.8452788800257104, 3.5993036405804903, 0.5844352105425333, 2.866698751011675, 4.146111068047819, -1.1855470934286108, 3.7398909482991547, -1.7151775349397071, -0.6431029909876772, 5.025877656066223]"
479,tVHA,4.0,0.798444351665,1000,0.0,-5.213855832322,"[0.9285854432746248, 3.4916743696997896, -0.8451813958534451, 3.810953209070589, -2.375975457346012, 9.033109233708826, -2.6731198914826764, -0.4618630682653002, 2.8908528843831647, -3.0105339734028123, 3.529007500197238, 1.0277281543969692]"
480,tVHA,4.0,0.814281990446,1000,0.0,-5.217443602093,"[-0.05746943667162692, 8.048957729641401, 0.15983947446308347, 4.045754860631268, 0.059738770520483285, 1.8495006060319719, 3.1664224711237976, 0.4732225493582899, 4.164659795877685, -2.383957102244633, -1.0979822574417775, 5.614767504062176]"
481,tVHA,4.0,0.82397955502,1000,0.0,-5.216640662197,"[1.5173645675652656, 6.216183948065222, -0.36563449935332304, 4.078383277775332, 0.7606504024349969, 3.108558950658259, 5.918748771798973, -3.946121538608839, 3.34495766524697, -2.242798978693435, 1.7161594802390063, 3.3164874703323184]"
482,tVHA,4.0,0.833677119594,1000,0.0,-5.217532813774,"[0.295571838362849, 9.42477796076938, -1.7284821304887772, 3.87806160850015, 0.23124575003107614, 2.747684850917085, 3.0138583430604093, 0.3359080450097652, 4.957796251471246, -3.06822886010473, -0.2496647412418423, 4.8742336549784095]"
483,tVHA,4.0,0.843052784765,1000,0.0,-5.21783200537,"[-0.013362983863187825, 7.999819144971726, 0.03718974717281662, 3.6048027331261876, -0.6511350303062093, 2.9959021719873995, 3.869142857063382, -0.7617107398684013, 3.906536404597121, -2.2432009697537363, -0.5402729480811574, 5.000056776705321]"
484,tVHA,4.0,0.852428449935,1000,0.0,-5.219234284923,"[-0.5728916657430733, 9.424777960769378, -0.5320507418770485, 3.5056019253130137, -2.7262910803969627, 5.586535959687975, 3.7741021103463948, -0.6994331046656413, 3.8143485092903795, -1.9900018847282133, -0.31611865314893284, 4.919317800375429]"
485,tVHA,4.0,0.861116322494,1000,0.0,-5.21718813994,"[1.272258883842762, 5.694539751882298, 0.05248662518077955, 4.125284643660788, -0.6731682321119428, 3.197005973107875, 2.0495934545820855, 0.3992740362464363, 2.97275090657623, -1.2562269659977485, 1.2469728928654444, 3.4918297462710632]"
486,tVHA,4.0,0.869804195052,1000,0.0,-5.213031525294,"[0.12690230341893924, -3.3467907045320975, 0.796276752290602, 4.845821149777772, -4.822968703493806, 3.178283095108856, 5.340223836694896, -0.7395927873171819, 2.4203098976669004, -1.1423723787946027, -0.8930422176026145, 3.2163301307279397]"
487,tVHA,4.0,0.87819268367,1000,0.0,-5.21866842238,"[-0.2265800180680814, 8.572449397180982, 0.02932359222375428, 3.751410228204687, -1.1001389051419546, 3.900386764736993, 4.719899358743609, -0.986126095888809, 1.72666461623637, 0.2973315291139524, 0.8386784566511404, 3.7434571168352826]"
488,tVHA,4.0,0.886581172289,1000,0.0,-5.220135025514,"[-1.4112829049210138, 7.349323041388141, 0.8280410312722966, 3.9016625522838657, 0.5784825758136246, 2.1964343729722735, 4.41634096925992, -0.05155846103122021, -0.4205298735445243, 2.8211869153225364, 1.2615327061121744, 3.7462023967020004]"
489,tVHA,4.0,0.894848131842,1000,0.0,-5.219833748649,"[-4.339839110936514, 6.221324417596847, 1.7666187927061219, 3.9919436346910926, 1.0572493893695274, 1.5448913023316886, 2.9589106283941606, 0.9978679628691844, -0.41652216556966887, 2.5152321624943266, 0.8136958181557792, 4.502878681975487]"
490,tVHA,4.0,0.903115091394,1000,0.0,-5.220153022124,"[-0.8119004174492692, 6.645158654234674, 1.1105214911459114, 3.72092256567207, 2.1306330330727192, 0.8076143164970159, 4.060419102891563, -0.12203688372643028, -0.7704297880477196, 3.2338087434327627, 1.4729032439245744, 3.6974937002420964]"
491,tVHA,4.0,0.911382050947,1000,0.0,-5.220426823561,"[-0.021829782724701347, 7.6026830414323685, 0.8265737011018748, 3.921707865192368, 1.1678733307771714, 1.8376702751445273, 4.67996774670986, 0.036047277833088656, -0.18381979599497694, 2.8564941389238374, 1.6519434013092393, 3.5598254695042546]"
492,tVHA,4.0,0.9196490105,1000,0.0,-5.220857922561,"[3.0571172650705165, 7.155402765068226, 0.9045696288574657, 3.646773924277333, 2.2931207864844394, 1.2931976577296318, 6.568272323554554, -1.308655746051534, 0.8210302578511669, 2.044969713369838, 1.5560468892184303, 3.622452188684934]"
493,tVHA,4.0,0.927617009057,1000,0.0,-5.219764131192,"[-2.5003625348683687, 6.305757847332049, 1.3347280167948168, 3.2617438179626674, 3.302032743465697, 0.3119429655097047, 3.5752617266571747, -0.8891150775460056, -0.5928921250898181, 2.9586087293376995, 3.17172879637673, 2.2661085229977496]"
494,tVHA,4.0,0.935585007614,1000,0.0,-5.220479145127,"[-4.846711285318677, 7.775291979351616, 1.671394906050252, 3.6474334568563425, 1.0792355646055025, 2.075993111414477, 4.131565223886264, 0.2989159693355675, 0.768881557441813, 2.5390793708490342, 1.6643943100211165, 3.207314083257896]"
495,tVHA,4.0,0.943553006171,1000,0.0,-5.222868449785,"[7.907250270057279, 7.553593595661842, 1.2791238477703848, 3.7209090839140635, 1.6599327032149596, 3.0069370417610664, 5.22062638127742, 0.4103193364536594, 1.044985590504417, 3.237641360099842, 1.0364542100627878, 4.258325442074636]"
496,tVHA,4.0,0.951521004728,1000,0.0,-5.220438764158,"[-9.42477796076938, 8.037855772620848, 1.1629151824751278, 3.3631140700797943, -0.7623893641591583, 2.860998546751595, 6.8763510449236875, -1.769539857796896, -0.6257523439418271, 2.29317467771218, 2.1469168363576454, 3.1701875269234017]"
497,tVHA,4.0,0.957982978339,1000,0.0,-5.221354679312,"[-1.047888682709732, 9.150585191543467, 0.8159346257255901, 4.375730699698938, -2.256161299131401, 4.741029217772439, 3.768559856693139, 1.6063690545753664, 3.638622631972181, -1.138200651164416, 0.9489562445096207, 4.279451557044785]"
498,tVHA,4.0,0.964444951949,1000,0.0,-5.221220138992,"[-0.8238934880965181, 7.775973458935205, 0.7549322897519251, 4.042878595180461, 0.6206484601633947, 2.1884049712910785, 4.42904876173726, 0.1860543220023386, -0.26204761301755897, 2.766888345450861, 1.5917389647386102, 3.548488499029622]"
499,tVHA,4.0,0.970906925559,1000,0.0,-5.221456292102,"[0.544047553838632, 7.5881142587417605, 0.34077924501494683, 3.5070467968881607, -2.882568823068617, 6.795324508799382, 5.011780868133512, -2.387939970972673, 2.3605358292911385, -0.20386549468103587, 1.6732905347874563, 3.193598892909848]"
500,tVHA,4.0,0.977368899169,1000,0.0,-5.224662355234,"[8.142794108626688, 8.356193946765776, 0.609700516480512, 4.022979572415303, 1.4315358679601702, 3.7689012363860517, 5.064545425378075, 0.2875236407982976, 1.1009105594865796, 3.4257128826317427, 1.5782176166838233, 3.6975066636443104]"
501,tVHA,4.0,0.981742567665,1000,0.0,-5.22119493747,"[1.9857798693069633, 6.1754025297955595, 0.2929922966342048, 3.683959711341966, -1.3848068253362709, 5.158492979913533, 3.8705306415262144, -1.5576596067240351, 2.2034409115446874, -0.06398443014516417, 1.990496666285675, 2.885401169523882]"
502,tVHA,4.0,0.986116236161,1000,0.0,-5.221535904389,"[0.08561304616132827, 7.665637608900495, 1.2082963113761584, 3.545411561417419, -2.6277415172216023, 5.303106524293989, 5.431752556282856, -1.6501607234366564, 1.9924971125063702, 0.14710251023506604, 1.4578520897344518, 3.3995847733751265]"
503,tVHA,4.0,0.989683984122,1000,0.0,-5.221944030836,"[-0.07237606823567933, 8.309297466633716, 0.5280124967642256, 4.198016247426386, -1.6730733440729244, 4.505242823866758, 5.18416193201749, -0.5184840570366822, 3.0410433262594627, -0.5939061569827806, 2.5292836783730053, 2.6751807267371075]"
504,tVHA,4.0,0.993251732082,1000,0.0,-5.223140060307,"[-0.067286447485401, 7.710522043101047, 0.8888913073117088, 3.593364458010133, -2.678966910995751, 5.994862960924646, 5.138024209437013, -1.2311663315088635, 3.9346537037399347, -1.4487917396509613, 2.3438946005422303, 2.9263878280315767]"
505,tVHA,4.0,0.996259827523,1000,0.0,-5.222625650013,"[-0.7447123390689554, 7.343133121094953, 2.3040804647954762, 3.9338240477736806, -2.784854734694611, 4.383856923412685, 4.722803563236739, 0.8511417644070782, 3.489038991708995, -0.9504777691056462, 0.7760934543548297, 4.496238749869346]"
506,tVHA,4.0,0.999267922964,1000,0.0,-5.221250830544,"[2.5652029713808835, 5.367953992258835, 0.004534111928915263, 4.4094915731091655, -1.539667831536366, 5.33362983759033, 0.7079879318522958, 1.3425474014106529, 2.218835387007341, -0.12638156825724345, 4.049343316268649, 0.8943380759631192]"
507,tVHA,4.0,0.999633961482,1000,0.0,-5.221565708083,"[1.4465993925732987, 6.205634426614257, 0.6891938684193466, 3.7005042208264385, -2.746852932151275, 6.651551139339472, 3.3384906677030717, -1.1480033055541687, 2.655707664405851, -0.5547161696357448, 2.1923887332069096, 2.8668242395623973]"
508,tVHA,4.0,1.0,1000,0.0,-5.227213321621,"[8.319657107008405, 8.665057974873589, 8.98460785264358, 4.757400929126469, 3.2486987283924984, 3.6102758023193977, 8.11788753884386, 5.875756826480379, 1.4789684399315401, 4.4038201282438365, 6.474773485862927, 6.313575372444165]"
509,tVHA,5.0,0.0,1000,0.0,-5.186600886414,"[9.42477796076938, 9.42477796076938, 9.42477796076938, 9.42477796076938, -8.391034777829944, 0.3457385810801582, -0.10317524994306629, 0.5198448602832366, -0.1088424406914284, 0.30811413218755235, 0.028708657671017143, 1.6504036298809144, 4.39073325308116, 3.0674919409900636, 2.365077725735792]"
510,tVHA,5.0,0.0,5000,0.0,-5.18661602661,"[9.422510652963961, 9.42477796076938, 9.42477796076938, 9.42477796076938, -5.3658153488238565, 0.4256748288964719, -0.4037952394918292, 0.837576872939904, -0.40983458119588334, 0.4174565531773924, 3.401689591117922, 1.7520365392835549, 9.421113637582046, 5.954586197519641, 1.8112640130702533]"
511,tVHA,5.0,0.026797978742,1000,0.0,-5.186631814682,"[9.42477796076938, 9.42477796076938, 9.42477796076938, 8.991212931528377, -9.42477796076938, 0.7763863543821868, -0.6629050727185766, 1.5268942066811388, -0.7511836468441357, 0.77578506142553, 6.496989445515837, 9.42477796076938, -9.42477796076938, -9.42477796076938, 9.42477796076938]"
512,tVHA,5.0,0.026797978742,5000,0.0,-5.186687247287,"[9.42477796076938, 9.42477796076938, 9.398352059143477, 8.655100704713327, -9.42477796076938, 1.3825875599073225, -1.3286233057390144, 2.844928937871887, -1.595439129773155, 1.4352199801513201, 8.373115080968592, 9.42477796076938, -9.42477796076938, -9.42477796076938, 9.42477796076938]"
513,tVHA,5.0,0.053595957484,1000,0.0,-5.186644509408,"[9.42477796076938, 9.42477796076938, 9.42477796076938, 9.42477796076938, -4.136406842242106, 0.8364932770792974, -0.7350405707580798, 1.6144663664781067, -0.7626562070284715, 0.7972792702686522, 4.173526199289357, 9.42477796076938, 9.42477796076938, 9.42477796076938, 9.42477796076938]"
514,tVHA,5.0,0.053595957484,5000,0.0,-5.186685420297,"[9.42477796076938, 9.42477796076938, 9.42477796076938, 9.42477796076938, -3.9703093478968885, 1.3047312905036428, -1.1475345116303404, 2.5307232981875263, -1.2065241593636864, 1.2381989643349733, 6.054847764173987, 9.42477796076938, 9.42477796076938, 9.42477796076938, 9.42477796076938]"
515,tVHA,5.0,0.080017711242,1000,0.0,-5.186640139732,"[9.42477796076938, 9.42477796076938, 9.42477796076938, 9.42477796076938, -4.712705010996572, 0.8493823743027656, -0.6075178874318499, 1.66975892279215, -0.6497341076252885, 0.8948446128905538, 9.132230499203745, 9.42477796076938, 9.42477796076938, 9.42477796076938, 9.42477796076938]"
516,tVHA,5.0,0.080017711242,5000,0.0,-5.186697913216,"[9.419430618194907, 9.42477796076938, 9.42477796076938, 9.42477796076938, -4.318428809723012, 1.3776609318328723, -1.1478972092607544, 2.6852272746784904, -1.2406220981710487, 1.3349691467014502, -2.746638793598864, 9.42477796076938, 9.42477796076938, 9.42477796076938, 9.42477796076938]"
517,tVHA,5.0,0.106439465001,1000,0.0,-5.186697576474,"[9.42477796076938, 9.42477796076938, 9.42477796076938, 9.388401426308477, -4.7419959642523, 1.043923216189656, -0.8780325962144696, 2.0207731145681826, -0.9450332635435468, 1.0054096196706286, -9.110088008198268, 9.42477796076938, 9.42477796076938, 9.42477796076938, 9.42477796076938]"
518,tVHA,5.0,0.106439465001,5000,0.0,-5.186796705754,"[9.42477796076938, 9.42477796076938, 9.42477796076938, 9.42477796076938, -3.9717085145457953, 1.7389418486459731, -1.3870119408129153, 3.221344348428727, -1.4306760190256482, 1.5134706554332729, -6.507538199704573, 9.42477796076938, 9.424777960769378, 9.42477796076938, 9.42477796076938]"
519,tVHA,5.0,0.13096497634,1000,0.0,-5.186704058056,"[9.42477796076938, 9.42477796076938, 9.42477796076938, 9.42477796076938, -4.210218752241174, 1.1948765727136395, -0.975231543343606, 2.2097011901075323, -1.0040187152322715, 1.0693943532841135, 5.402754069311861, 9.42477796076938, 9.42477796076938, 9.42477796076938, 9.42477796076938]"
520,tVHA,5.0,0.13096497634,5000,0.0,-5.186796705754,"[9.42477796076938, 9.42477796076938, 9.42477796076938, 9.42477796076938, -3.9717085145457953, 1.7389418486459731, -1.3870119408129153, 3.221344348428727, -1.4306760190256482, 1.5134706554332729, -6.507538199704573, 9.42477796076938, 9.424777960769378, 9.42477796076938, 9.42477796076938]"
521,tVHA,5.0,0.155490487679,1000,0.0,-5.186647194148,"[9.42477796076938, 9.42477796076938, 9.42477796076938, 9.42477796076938, -3.786249779072133, 0.8704338512162162, -0.7597006051507196, 1.6977522583751259, -0.797101572491867, 0.8476816433505692, 6.530451276961282, 9.42477796076938, 9.42477796076938, 9.42477796076938, 9.42477796076938]"
522,tVHA,5.0,0.155490487679,5000,0.0,-5.186971475121,"[9.424676631834869, 9.42477796076938, 9.42477796076938, 9.42477796076938, -2.19891832622765, 3.0621328147369145, -2.7573018804950653, 5.7806937572937915, -3.007513354137885, 2.5143574865517513, 8.165073300278637, 9.42477796076938, 9.42477796076938, 9.42477796076938, 9.42477796076938]"
523,tVHA,5.0,0.180015999018,1000,0.0,-5.186649870592,"[9.42477796076938, 9.42477796076938, 9.42477796076938, 9.42477796076938, -2.7785544037671004, 0.9565207936318993, -0.842998365147039, 1.844118794305506, -0.8707530448878849, 0.9254429135319968, 6.123140014340418, 9.42477796076938, 9.42477796076938, 9.42477796076938, 9.42477796076938]"
524,tVHA,5.0,0.180015999018,5000,0.0,-5.186633776059,"[9.424599336972529, 9.42477796076938, 9.42477796076938, 9.42477796076938, -2.5382004268967515, 0.9567491170796973, -0.8723749389504605, 1.862312561454937, -0.8994241530054808, 0.9120023727239297, 1.514321679403262, 9.42477796076938, 9.42477796076938, 9.42477796076938, 9.42477796076938]"
525,tVHA,5.0,0.204541510357,1000,0.0,-5.186632073372,"[9.42477796076938, 9.42477796076938, 9.42477796076938, 9.42477796076938, -2.2174407263296905, 1.1050515355280357, -0.8845702340184369, 2.0423373080660747, -0.9178662429590385, 0.9992073788594903, -8.183887835978124, 9.42477796076938, 9.42477796076938, 9.424777960769378, 9.42477796076938]"
526,tVHA,5.0,0.204541510357,5000,0.0,-5.213349389171,"[-1.5466356073689307, 9.42477796076938, 9.42477796076938, 9.42477796076938, 8.073527577981398, -9.42477796076938, 9.402630652686852, 0.00219066411924402, -0.8568443500535969, 0.47493191047250294, -7.301987732612646, -9.42477796076938, 2.66881473785977, -9.42477796076938, 4.423499345404766]"
527,tVHA,5.0,0.204541510357,5000,1e-06,-5.212133320816,"[-1.216250788309136, 9.02045477762289, 9.42477796076938, 9.42477796076938, 8.19707738095012, -9.151708553412625, 9.42477796076938, -0.5837614415485017, -0.6966688985495082, 0.30239810372106346, -7.336260698415719, -9.424777960769378, 2.864049128712082, -9.42477796076938, 4.444937600500747]"
528,tVHA,5.0,0.204541510357,5000,2e-06,-5.210990170028,"[-1.5053976963235023, 9.42477796076938, 9.42477796076938, 9.42477796076938, 8.052528625721699, -9.42477796076938, 9.42477796076938, -0.08582647884938223, -0.8411132234327454, 0.4425449749086519, -7.265702185260997, -9.42477796076938, 2.6289034704770224, -9.42477796076938, 4.477130838203792]"
529,tVHA,5.0,0.204541510357,5000,5e-06,-5.207413690225,"[-1.749000652885728, 9.42477796076938, 9.42477796076938, 9.42477796076938, 8.155505786901056, -9.42477796076938, 9.06130942106836, 0.6153776756048361, -1.1142891496075316, 0.6413489587213914, -7.259753294498698, -9.42477796076938, 2.840786848952548, -9.42477796076938, 4.328262592537327]"
530,tVHA,5.0,0.204541510357,5000,1e-05,-5.201539989475,"[-1.6950584632071657, 9.42477796076938, 9.424777960769378, 9.42477796076938, 8.142024172592297, -9.42477796076938, 9.14407772769467, 0.4686313549561268, -1.0267932091373935, 0.5916398003509342, -7.234054832183383, -9.42477796076938, 2.8776251547180083, -9.42477796076938, 4.451927228455789]"
531,tVHA,5.0,0.204541510357,5000,2e-05,-5.189829976327,"[-1.2372798835468988, 9.021944386756225, 9.42477796076938, 9.42477796076938, 8.215916898429258, -9.20931761201138, 9.42477796076938, -0.5599392949063269, -0.727530930740134, 0.30287310436411197, -7.207815738839102, -9.42477796076938, 2.9726526201258308, -9.42477796076938, 4.625263137374279]"
532,tVHA,5.0,0.204541510357,5000,5e-05,-5.155014944685,"[-1.5614416103296376, 9.42477796076938, 9.42477796076938, 9.42477796076938, 8.05935529273564, -8.174689779838214, 7.722535385370005, 0.8235922928737265, -0.9702287770749712, 0.6588767958448623, -6.612722330851669, -9.42477796076938, 2.5521117174889847, -9.42477796076938, 4.738050714411155]"
533,tVHA,5.0,0.204541510357,5000,0.0001,-5.098371230947,"[0.31624810783094803, 7.409795155712958, 9.42477796076938, 9.42477796076938, 9.42477796076938, -1.1037967357118057, 0.4644621514781134, 1.0990983475663245, -0.5841617655333187, 0.5947637628528537, 9.42477796076938, -9.42477796076938, -5.135131238001543, 2.395880359962987, 4.228835333942168]"
534,tVHA,5.0,0.204541510357,5000,0.0002,-4.991945970029,"[0.3903837452911444, 7.150082487746735, 9.42477796076938, 9.42477796076938, 9.42477796076938, -0.4509445172816552, -0.04338389000164902, 0.895324466272708, -0.373825692374939, 0.42942930190165085, 9.42477796076938, -9.42477796076938, -4.285295577496468, 1.8848683969152733, 5.1169392367152895]"
535,tVHA,5.0,0.204541510357,5000,0.0005,-4.703567043405,"[1.0292369584320906, 6.69265045898471, 9.42477796076938, 9.42477796076938, 9.42477796076938, -0.2256886219137055, 0.0208853162147193, 0.46704148729121253, -0.05434420081089038, 0.13551654821164105, 7.661466270693364, -9.42477796076938, -0.7252339411713673, -0.10910420319335265, 6.768979585320842]"
536,tVHA,5.0,0.204541510357,5000,0.001,-4.308539716739,"[1.9646298429665112, 5.910184013850099, 9.42477796076938, 9.42477796076938, 9.42477796076938, 0.0787442339587494, -0.0846150165143359, 0.17077926811337532, 0.14265258860567342, -0.18487306548249294, 4.820268898092374, -6.5973572961525235, 1.2271380853329994, -0.26272290391669245, 7.702714419335029]"
537,tVHA,5.0,0.228254796663,1000,0.0,-5.211836486108,"[0.6801864549414629, 9.047750255650953, 9.42477796076938, 9.42477796076938, 7.714977473016216, -1.428977473013382, 1.4692652339418868, 0.8225042473885755, -0.1770814528513841, 0.7872114923952341, -5.7752542760449685, -9.42477796076938, -0.9959873264117038, -9.42477796076938, 4.58182136459599]"
538,tVHA,5.0,0.228254796663,5000,0.0,-5.213196616822,"[-1.3864748963626512, 9.42477796076938, 9.42477796076938, 9.42477796076938, 8.1931703449549, -9.424777960769378, 9.424777960769378, -0.247161617508194, -0.8698659684374077, 0.41849673385929415, -7.010981264706903, -9.42477796076938, 1.6539262722394477, -9.42477796076938, 3.838697229676477]"
539,tVHA,5.0,0.25196808297,1000,0.0,-5.209561094103,"[3.6646877430203353, 9.42477796076938, 9.42477796076938, 9.42477796076938, 7.454808711354206, -1.2909091958660035, 1.0221697947887112, 0.38285323101107516, -0.3379684928714687, 0.7264320295552273, 2.0259631972633922, -9.42477796076938, -2.373544672382902, -2.365258085805679, 4.050603136085414]"
540,tVHA,5.0,0.25196808297,5000,0.0,-5.213879227347,"[-1.556542122708704, 9.42477796076938, 9.42477796076938, 9.382050825238103, 8.32521275402981, -7.405853828746971, 6.367212259350662, 2.1845216658883055, -1.688188964931572, 1.3879215236421947, -6.771489250183297, -9.42477796076938, 1.315693151904966, -9.42477796076938, 3.2957491880772363]"
541,tVHA,5.0,0.27317283102,1000,0.0,-5.210045420204,"[9.42477796076938, 9.411869283024107, 9.424777960769378, 9.42477796076938, 7.8441203178214, -0.20355123395177643, -0.23552266683730408, 1.1910717816790135, -0.550811835781742, 0.9546026760032742, 1.1367829073715847, -9.42477796076938, -2.4529888882403377, -4.295726589524627, 4.112281878370345]"
542,tVHA,5.0,0.27317283102,5000,0.0,-5.215464668746,"[-1.62789630598997, 9.42477796076938, 9.42477796076938, 9.42477796076938, 8.35640476082827, -9.42477796076938, 9.246898750090393, 0.411055409500368, -0.8569235228121437, 0.6319433247417181, -7.112398169055219, -9.42477796076938, 1.8935702606996871, -9.42477796076938, 3.646865632784581]"
543,tVHA,5.0,0.294377579069,1000,0.0,-5.211519219659,"[1.0195808367936396, 9.42477796076938, 9.42477796076938, 9.42477796076938, 7.1391664843635265, -1.1449872051963257, 0.4804876799564724, 1.5275929562652735, -0.9342293367668199, 1.0165214453468407, -3.858372560578145, -9.42477796076938, -3.191372343282941, -6.11373983969288, 3.5318604967256686]"
544,tVHA,5.0,0.294377579069,5000,0.0,-5.212841678022,"[1.8658984722806942, 7.844256542551668, 9.312595619652848, 8.47241457427857, 9.397695593360293, -0.7166522276805507, -0.8359268234953945, 3.651379395587168, -2.7010653507461324, 2.326110554736493, -5.921742504728998, -9.42477796076938, -1.5593807502892107, -9.42477796076938, 2.5830076182323136]"
545,tVHA,5.0,0.313938345443,1000,0.0,-5.210272355845,"[9.42477796076938, 9.386172759163141, 9.42477796076938, 9.42477796076938, 8.071585521493137, 0.1424427246552754, -0.3851346856698361, 1.5447166076694814, -0.5614634319803056, 1.0524172427685496, 0.9054562926302581, -9.42477796076938, -3.0623144410491374, -4.732812672298847, 3.7563774908306935]"
546,tVHA,5.0,0.313938345443,5000,0.0,-5.21264410054,"[5.082483602668372, 7.718966229856764, 9.42477796076938, 8.396726645771414, 9.42477796076938, 3.613898435986594, -5.618296976792059, 5.858897016495967, -3.543201166033658, 2.3565871452117375, -5.312449419043208, -9.42477796076938, -4.7294820874733725, -8.920762521405354, 2.749652488264063]"
547,tVHA,5.0,0.333499111817,1000,0.0,-5.209790240139,"[9.42477796076938, 9.42477796076938, 9.42477796076938, 9.42477796076938, 7.330066931133894, 0.8668378352202324, -0.7702598515492524, 2.3078113603535044, -0.736989917165624, 1.071215453974641, 0.35206853078065414, -9.42477796076938, -3.0817735508216533, -3.457602511653251, 3.5658804311563608]"
548,tVHA,5.0,0.333499111817,5000,0.0,-5.218902307713,"[9.42477796076938, 9.42477796076938, 7.364065056268451, 6.175859598367789, 4.418502459966927, 0.11520525880144786, 0.028891803341061048, 2.9408190144180475, -2.7071146526314096, 2.456654934186137, -9.42477796076938, -0.023276259049702916, -9.42477796076938, 9.42477796076938, 1.585907797894111]"
549,tVHA,5.0,0.351750181136,1000,0.0,-5.218158532994,"[9.42477796076938, 9.36540612831088, 6.641578925692389, 6.99111986423085, 4.230270375401944, -0.48176051246196255, 0.9151967842305214, 0.01812233467599894, 0.027089248806246826, 0.5934555476364215, -9.42477796076938, -0.9301143153617923, -9.42477796076938, 7.855535104181331, 1.5998034045584935]"
550,tVHA,5.0,0.351750181136,5000,0.0,-5.218983666748,"[9.42477796076938, 9.42477796076938, 7.183190251063037, 4.601908052250517, 5.9607087126702165, -0.4889580307055603, 0.5464597315578208, 2.475384141009102, -3.4783632792392067, 3.2724132340077787, -9.42477796076938, -0.37882416534828506, -9.42477796076938, 8.968095984166688, 1.4070203998567474]"
551,tVHA,5.0,0.370001250454,1000,0.0,-5.218085380093,"[9.42477796076938, 9.42477796076938, 4.883849081010922, 7.38115041142342, 5.392852676866682, -1.1656767780177972, 1.4843690625501396, -0.3732053908209688, -0.30190934348823495, 1.1475421188824402, -9.42477796076938, -1.1243541817853557, -9.42477796076938, 7.2942264123989, 4.02553460794551]"
552,tVHA,5.0,0.370001250454,5000,0.0,-5.218983666748,"[9.42477796076938, 9.42477796076938, 7.183190251063037, 4.601908052250517, 5.9607087126702165, -0.4889580307055603, 0.5464597315578208, 2.475384141009102, -3.4783632792392067, 3.2724132340077787, -9.42477796076938, -0.37882416534828506, -9.42477796076938, 8.968095984166688, 1.4070203998567474]"
553,tVHA,5.0,0.388064788183,1000,0.0,-5.217208914358,"[9.42477796076938, 9.424777960769378, 5.511500091506031, 5.622118421854264, 5.706715794091576, -0.973731683210918, 1.171504047016375, -0.6406728633244724, 0.02056285668264895, 0.5926088473612973, -8.623365246132806, 0.6781597804478483, -9.42477796076938, 9.42477796076938, 2.793365717906931]"
554,tVHA,5.0,0.388064788183,5000,0.0,-5.217673443327,"[9.42477796076938, 9.42477796076938, 6.335846423213103, 4.800016343725593, 5.817180041856605, -0.5424905268476221, 0.3552214087715434, 1.8376972677312162, -2.7388646434259067, 2.1898934534401095, -8.68966416873764, 0.277664264718729, -9.42477796076938, 9.42477796076938, 2.0495483584200036]"
555,tVHA,5.0,0.406128325911,1000,0.0,-5.21753301526,"[9.42477796076938, 9.42477796076938, 3.009638345907215, 5.448790641821624, 6.2144100647987965, -0.23837880574718734, 0.17329221537760126, -0.4908585433292977, 1.0665753073196496, -0.7796440117416963, -6.390051991881714, 2.938656348739033, -9.050350192495225, 9.42477796076938, 7.722881377055807]"
556,tVHA,5.0,0.406128325911,5000,0.0,-5.220972052192,"[9.42477796076938, 9.42477796076938, 4.991465187321934, 2.3169348931540634, 7.291374666540058, 1.2972633580446624, -1.1115603684027917, 1.2460188160514558, 6.6761380858818224, -6.919535406861232, -5.51977858088266, 3.795390066785455, -9.42477796076938, 7.046156585032986, 9.42477796076938]"
557,tVHA,5.0,0.424156859983,1000,0.0,-5.217867513299,"[9.42477796076938, 9.42477796076938, 5.660047536514481, 5.835345752928676, 5.472424646699343, -0.42042341328727606, 0.8555357355821902, -0.727089829559772, 0.9167680170849201, -0.3385340052894068, -8.088690428133663, 0.8961640501596992, -8.674431508415545, 9.395608439294673, 2.7967690510142953]"
558,tVHA,5.0,0.424156859983,5000,0.0,-5.218532734798,"[7.265610665284481, 9.42477796076938, 6.579522731432954, 4.4477962810093405, 6.54516612987938, -0.3291492692976339, 0.3503210676941785, 0.3439827143621157, -0.47152434015078704, 0.2882393202765383, -9.42477796076938, 4.426626102330387, -9.42477796076938, 9.42477796076938, 3.1274276119285553]"
559,tVHA,5.0,0.442185394055,1000,0.0,-5.217360861891,"[9.42477796076938, 9.42477796076938, 3.792164753311742, 4.947307398811402, 6.877850676611624, -0.3358695455737236, 0.6068546398377181, -0.4495708794421463, 0.8157693160005273, -0.33843807706076523, -7.349804927723616, 2.4462981991940813, -9.42477796076938, 9.42477796076938, 6.244656398950752]"
560,tVHA,5.0,0.442185394055,5000,0.0,-5.218813438484,"[9.42477796076938, 9.42477796076938, 3.946676308860941, 3.0020034392416557, 7.340234491367276, 1.674353394496982, -1.4619451840404638, 3.6707320383247906, -0.6268029247537561, -1.4393167116976229, -4.897455015319614, 5.058376936120494, -9.42477796076938, 9.42477796076938, 9.30417590971658]"
561,tVHA,5.0,0.460213928127,1000,0.0,-5.216326613888,"[9.395201670668289, 9.42477796076938, 5.274150336279912, 6.376571652339744, 4.984637627479925, -0.741191352891849, 0.8080400979303166, -0.6030812760725708, 0.5086482225449362, -0.07128465834860603, -7.04556953347067, 1.29108899203462, -7.329107920893822, 9.42477796076938, 3.855120118437008]"
562,tVHA,5.0,0.460213928127,5000,0.0,-5.219890263094,"[8.35743796345718, 7.580252131694057, 7.08461332901684, 7.569470994595896, 1.630619206956038, 4.344263056501239, -4.7305445551995025, 9.361579699133852, -5.831712372292177, 1.617903560037827, 5.353784226049651, 3.3475058401974223, 9.42477796076938, 9.42477796076938, 9.193231779731136]"
563,tVHA,5.0,0.478242462199,1000,0.0,-5.214750815071,"[7.020360379652409, 9.302435830860315, 1.8697698465550938, 9.40572778446138, 0.857828766664358, -0.4627981737416308, 1.2312607414766146, 0.02987000194087699, -0.4686050579019341, 0.39335970590906383, 4.815606466750981, 2.464947279813736, 9.42477796076938, 6.154868942120389, 7.06518963105391]"
564,tVHA,5.0,0.478242462199,5000,0.0,-5.218430007774,"[9.42477796076938, 9.42477796076938, 6.245144826865893, 4.274268357880732, 6.419165509982692, -0.5568770029605112, 0.6821066961632882, 0.5153066324987565, -0.9971919125775648, 0.9969920258596547, -9.16420620071034, 0.7477077769480946, -9.42477796076938, 9.42477796076938, 2.229837885341241]"
565,tVHA,5.0,0.495908025331,1000,0.0,-5.218202467968,"[9.42477796076938, 9.42477796076938, 5.579935960906079, 6.602597570957047, 4.932013347770431, -0.6767709874930572, 0.9313620011424883, -0.5269207611174531, 0.4617195696835884, -0.015575657421938024, -9.052236575650722, 0.4781574631261556, -9.42477796076938, 9.42477796076938, 3.056387376467603]"
566,tVHA,5.0,0.495908025331,5000,0.0,-5.223603263525,"[6.766975837237839, 9.42477796076938, 4.09781844851104, 5.5015355423149455, 7.144269578023034, 4.569140381415759, -4.248477240654012, 3.271686017148959, 1.6828500165236742, -2.8362875518806727, -7.7611458120847345, 8.640616975111692, -9.42477796076938, 9.42477796076938, 9.41582153240742]"
567,tVHA,5.0,0.513573588462,1000,0.0,-5.219503512063,"[9.42477796076938, 9.42477796076938, 3.5406945915332946, 5.878147337728919, 5.8200856826560186, 0.5488354723094753, 0.029339854842540952, 0.4523891805637549, 1.2426315520394744, -0.851546221393983, -5.36340895879254, 3.3714208636775442, -7.1557758458498055, 9.42477796076938, 7.173846741188632]"
568,tVHA,5.0,0.513573588462,5000,0.0,-5.21818764077,"[3.1206705130740096, 5.631702996498215, -5.441045719228507, 8.736891198692847, 1.3850162317268095, 6.014412517399972, 4.621656691019366, 0.5151843029931609, -8.99399868135225, 0.3020959269234873, -9.42477796076938, -0.1270510256697562, 8.597215804541658, 7.811743320065249, -2.1910495326604646]"
569,tVHA,5.0,0.513573588462,5000,1e-06,-5.214909998275,"[3.142806475989854, 3.564850640095125, -3.712417398438401, 7.606652772516527, 2.4465237569308966, 6.871051594147797, 3.978908030572177, -2.005164890237644, -7.464066774990291, 1.7193184301888662, -9.42477796076938, 1.8190272813205262, 8.300581271947827, 5.635559186392799, -0.8630211330146698]"
570,tVHA,5.0,0.513573588462,5000,2e-06,-5.212635528644,"[-3.3674639415445755, 7.409178135013652, -4.620574580365658, 8.447092000012827, 2.2157220625425653, -0.9376953825313881, 9.42477796076938, -0.27946704426808333, -6.540035199599576, 1.7768762763911032, -1.3376206523385212, -9.210323810080425, 9.35068684474091, 7.966678630164932, -1.3116092255209302]"
571,tVHA,5.0,0.513573588462,5000,5e-06,-5.208135033491,"[7.254857898151999, 9.42477796076938, -5.087516029867178, 9.42477796076938, 0.202244236112251, 2.493459131093841, 6.468626457510069, 6.039691406008374, -8.877046421333382, -1.034625693830606, 3.2848943208310493, -9.42477796076938, 8.873756691794897, 8.608936541753248, -2.3925645781734666]"
572,tVHA,5.0,0.513573588462,5000,1e-05,-5.195499352453,"[6.553112827204275, 7.979660374985437, -2.439336894440905, 7.308302317882724, 1.3930422596771654, 2.9677212946422413, 4.023496058331316, 8.218155769383717, -9.196236718000934, -0.8407925674441896, 4.349749270645271, -9.42477796076938, 8.025996790366062, 8.265526093193467, -1.2070456796821938]"
573,tVHA,5.0,0.513573588462,5000,2e-05,-5.169296268292,"[9.42477796076938, 5.998912128058318, -4.800566353327444, 8.573944157822565, 3.188840699453789, 1.7891829109426323, 8.659283763606581, -3.5691632975615364, -4.591095128610515, 4.00757837309984, 1.6017202354078266, -8.347512702779396, 9.42477796076938, 6.360801403135275, 0.8179393492806903]"
574,tVHA,5.0,0.513573588462,5000,5e-05,-5.098924985308,"[9.42477796076938, 9.42477796076938, 3.901922796972792, 4.076539677086057, 4.3725852627841215, 1.3972917650574785, 0.7906285665084596, 9.42477796076938, -8.622494323845793, 3.4655807250269213, 0.2672953229467368, 1.7906305632154185, -3.3210188447320403, 9.42477796076938, 3.0031702864714624]"
575,tVHA,5.0,0.513573588462,5000,0.0001,-4.987718503806,"[9.096560182975402, 9.186600704685068, 3.7892363096567974, 4.364983569638005, 4.351372387106952, 1.7270340472542125, 0.21540018627153734, 8.970673166902866, -7.578854265195224, 2.868402875950915, 0.4696786839907329, 1.672707711158252, -3.350010815581964, 9.42477796076938, 2.912970373969149]"
576,tVHA,5.0,0.513573588462,5000,0.0002,-4.781692302126,"[9.42477796076938, 2.6932529288367038, 2.5546891488712733, 3.974213478241774, 5.892958154707532, 1.813151974516671, -2.930220403327553, 7.9983224282642755, -4.157406484922674, 0.6579628754950617, 0.7976183606596399, -0.267827590570849, -4.859658936815912, 9.42477796076938, 3.836000593299212]"
577,tVHA,5.0,0.513573588462,5000,0.0005,-4.273392305161,"[9.42477796076938, 9.42477796076938, 9.42477796076938, 9.42477796076938, 8.892029971083698, -0.925860196225277, 0.3624063107020765, -1.0440635188218002, 0.9048495389540246, 0.36763302312526264, 1.2311501851882132, 0.1938305937876343, 1.7259695269202853, 0.7778378237222134, 7.251727713892757]"
578,tVHA,5.0,0.513573588462,5000,0.001,-3.683115591339,"[3.5046039796245454, 9.424777960769378, 9.42477796076938, -0.17525828801180116, 9.291825333816796, 0.15727251753438531, 0.3918440562671792, 0.354939860193685, 1.9672356172516352, -0.45155839027129, 0.07513352703494705, 0.8060981346464791, 0.3729225858425876, 0.44914193699789584, 6.180559811885184]"
579,tVHA,5.0,0.531236084016,1000,0.0,-5.215868915941,"[2.6331403622739753, 2.201714400126534, -1.7720171007230805, 8.68717516793018, 1.4472021521091483, 5.2561175895707875, 3.529516740146146, -3.248427698910657, -4.240511588661675, 1.8208035344465459, -8.884117580319053, 8.596383408873393, 8.796387181566658, -2.253977033130141, 1.137192633874515]"
580,tVHA,5.0,0.531236084016,5000,0.0,-5.220079368474,"[1.1028858874108534, -0.5204438730998379, -4.999004561588894, 9.42477796076938, 6.5114171724096455, 9.42477796076938, -7.2665437296957585, -7.906771731756082, 7.227966834737579, 2.5829991895478557, -9.42477796076938, 8.215641292395834, 1.9073481170644402, 1.5382359299365032, 9.42477796076938]"
581,tVHA,5.0,0.54889857957,1000,0.0,-5.21668492914,"[2.2516365438903287, -0.15998819912416512, -3.2988962228014236, 9.42477796076938, 4.125207621881887, 3.1410486722462023, 1.0528712753217264, -4.361311693807403, 2.127622669594862, 1.529406583956347, -8.828242162605449, 3.1148614877961274, 9.42477796076938, 1.8793741872081042, 3.792254014412963]"
582,tVHA,5.0,0.54889857957,5000,0.0,-5.21597576498,"[-1.2036381292337726, 8.894051135869008, -2.0918311617297025, 7.9840342206625845, -0.05258415660711612, 5.297973849468418, 4.361247931786295, 2.2126769096036485, -7.748968722872777, 4.159405295383932, -7.386174065329065, 7.635205757106101, 7.116459623624737, 3.6515788926203063, 0.7093443738489695]"
583,tVHA,5.0,0.566535579659,1000,0.0,-5.214178594667,"[1.52868734904409, 4.995025603947159, -2.3298138752951996, 9.40216383144286, 0.391165065753984, 2.757951168943369, 8.417575478926988, -1.0142208749989208, -7.4887018299612755, 2.6208540686423074, -8.437806571250803, 4.932658458774766, 7.352571645709986, 2.8254470608629876, 0.6109658959617597]"
584,tVHA,5.0,0.566535579659,5000,0.0,-5.220949334483,"[-0.44625839027109226, 8.480454887065065, -2.37576561120792, 8.830919219787964, -0.7616017967981596, 4.402443363263889, 2.9564666479466246, 0.28036371217116435, -3.650728580078246, 4.156796516444272, -8.483899888177593, 9.26049100012779, 9.42477796076938, 1.6788833874781164, -0.6708651543900699]"
585,tVHA,5.0,0.584172579748,1000,0.0,-5.218941142428,"[1.080534902144993, 6.020027597134012, -1.841562407217904, 9.42331605035499, -0.3158702732860056, 2.0708246074600107, 1.921486544495465, -3.3650367693931633, 1.8697537694691264, 3.2961500419163596, -8.322032163751874, 9.42477796076938, 9.27938013906784, -1.6550954528604147, 0.27843964183922054]"
586,tVHA,5.0,0.584172579748,5000,0.0,-5.217309168871,"[-1.6981478722788534, 8.587943465132119, -2.62973544307901, 7.169898701190194, 1.1127544184924092, 7.6205551504194595, 2.857044268821881, -3.8444433156705333, -4.026534107256483, 6.2979918567932565, -6.620204099678034, 8.759034972348537, 9.003615126299607, 2.087391143962317, 2.3099490148739354]"
587,tVHA,5.0,0.601809579838,1000,0.0,-5.215415538863,"[-0.6522398161051388, 6.182185631626899, -2.618680023839598, 8.860884280279363, 0.7890905545539972, 5.9986084446185215, 2.31800814174123, -1.5405612902974877, -3.949938075137876, 3.4807883948002116, -6.769746755692696, 8.913485004985933, 9.42477796076938, -0.47228941015705345, 3.9580432407603396]"
588,tVHA,5.0,0.601809579838,5000,0.0,-5.221466380695,"[-0.9200379315518801, 8.542804271829846, -2.502261380130529, 7.920376857510503, 0.5071065439276504, 5.331997543878798, 3.1464187218019912, -0.4693316923124312, -4.142683717852071, 5.317442795762325, -7.750332853764146, 8.610301963415331, 9.42477796076938, 2.7793244141711577, 1.167628694624791]"
589,tVHA,5.0,0.619446579927,1000,0.0,-5.217758871484,"[0.26700056553014295, 4.828252456499514, -2.0682409379935573, 8.827102691212609, 1.734861354265819, 5.287625588975027, 3.839473798138086, -1.1485503291193617, -5.3961010217258565, 3.4139225937668227, -4.734877205719741, 3.8182812160429935, 9.42477796076938, -0.4459032593936272, 3.3467659706912385]"
590,tVHA,5.0,0.619446579927,5000,0.0,-5.218968099505,"[7.103270148186709, 7.168904287729188, 1.4358614227457709, 5.447944262446809, 4.182941724033354, 6.469436602366663, 2.40067462312546, 5.527590280175581, -6.294599451782796, 9.42477796076938, 1.070402286474403, 5.675063866122571, -2.161300965603626, 8.9824246177333, 7.647182735462398]"
591,tVHA,5.0,0.63664700518,1000,0.0,-5.216886772243,"[6.4383250140485435, 7.104346855081055, 1.1974956501139258, 6.887168535287053, 4.142382995521567, 3.883571038098413, 1.1657110926571108, 4.671644819105447, -3.661441513289587, 5.692153801489122, 0.3239601539136635, 3.054985933034063, -3.6460570998222837, 9.42477796076938, 7.06859568631603]"
592,tVHA,5.0,0.63664700518,5000,0.0,-5.220831776014,"[9.42477796076938, 4.160256698547716, 4.48933154562102, 6.584946289409128, 3.3133487349092894, 3.676576784982169, 3.3786593436493333, 2.4140417472416553, -1.1118376802787893, 7.955411158226344, 0.5325895587164438, 7.092518300211596, -3.460681019420171, 9.42477796076938, 5.194172907994377]"
593,tVHA,5.0,0.653847430434,1000,0.0,-5.217660667064,"[1.7218677204131705, 3.959760442752242, 3.034726075152884, 7.851305685223954, 3.362817061746375, 1.8291115417527215, 2.4883672324527475, -0.5612807376487121, -0.22929898184995873, 4.74323350726338, 1.2123516286082796, 3.3695984516009663, -4.707479044450782, 9.230674543345598, 5.5796051234401896]"
594,tVHA,5.0,0.653847430434,5000,0.0,-5.216457894892,"[-6.050348762052205, 8.575857431737052, -0.22732166436158144, 9.388427687734783, 6.497593888023946, -4.309374833667941, 5.881019125398451, -2.5618549693315407, 4.179019772726888, 6.634932274044958, 3.6153208253392455, -0.09400874500740834, 7.37053417763032, -6.911974203141542, 8.722055766643733]"
595,tVHA,5.0,0.670502878605,1000,0.0,-5.212929559958,"[-9.42477796076938, 6.043696165219128, -2.3000402609473936, 9.300913106361572, 4.217063212258634, 1.3736493572617765, 2.8279625339638663, -1.3293028249129897, 0.06253933406744638, 3.215219114473859, 0.49442688770962073, 4.388441990194487, 6.842052954935596, -4.872782145447292, 5.410721242383454]"
596,tVHA,5.0,0.670502878605,5000,0.0,-5.218708370261,"[1.2877397705026654, 6.280065242884254, 0.15828080131853994, 6.870109050510549, 2.953418954985918, 0.37335025283088114, 0.6738798710605525, 3.256752565183051, 1.4484342755761679, 2.0964329136590822, 7.985546370530844, -4.52374857648787, 9.175683324945155, -1.8435886409180504, 5.0298211790657845]"
597,tVHA,5.0,0.687158326776,1000,0.0,-5.218294356295,"[0.9199217727777163, 5.987845525461065, -1.4850761893993307, 6.65378622619607, 4.229062420764523, 0.08511714208117205, 1.3410631108707884, 2.6371825138101084, 0.774433280693624, 2.3670095244972846, 8.219373186754485, -3.2931669226499, 6.882208581621349, -2.7889580203536553, 5.295233817501852]"
598,tVHA,5.0,0.687158326776,5000,0.0,-5.214289354647,"[0.9007208884914735, 8.037207345728007, -2.381434071094554, 6.401837414718975, 3.4297006251620297, 3.5621482084961222, 0.8725860321390408, 4.415687196273449, -2.6630540599601487, 2.777499556382823, 8.983381919274066, -4.080026738727838, 8.186968368000342, -2.9432588098356405, 1.2790949491904091]"
599,tVHA,5.0,0.703176952948,1000,0.0,-5.213812576635,"[0.5360149714506073, 7.5177830858703185, -3.1918083393079297, 6.2681244529517635, 4.739280928228738, 2.151682157512824, 1.0131978151367342, 3.0610236587289767, -1.1057411012868998, 2.7697662133966547, 8.5669033373443, -2.8805288598714673, 7.242143753750529, -3.8087501968098287, 2.213807855770511]"
600,tVHA,5.0,0.703176952948,5000,0.0,-5.21477509861,"[3.0259506879449556, 5.099599209057849, -2.2224887464732244, 7.977168611191806, 3.0089510091389857, 7.216366216787833, -0.1647574021973559, 4.132214096327614, -3.9729174574105377, 4.238324546698171, 7.888351353606907, -2.3036533782168673, 9.252396456735612, -4.801119587381617, 1.209491253285512]"
601,tVHA,5.0,0.719195579119,1000,0.0,-5.210898530676,"[1.2894069812542368, 4.169431371213365, -2.415268027960824, 5.299990510159991, 4.052602175627941, 2.4278396588152713, 0.908592969758787, 0.6558822847452367, -0.12742127633023204, 2.4366530636815353, 9.42477796076938, -3.9701633447809743, 4.2908443668234995, -3.795904201827226, 2.0661868621982054]"
602,tVHA,5.0,0.719195579119,5000,0.0,-5.212197829655,"[7.8296406244047, 9.42477796076938, -2.2836939921799457, 0.46134661066925114, 3.6282945060686576, 6.5868963867667825, 0.7228262602865396, 1.033308732366913, 9.42477796076938, -4.095131285682774, 2.661828874209326, 3.410131807799951, -0.9065546542187465, 2.970310946787554, 2.6892201360810812]"
603,tVHA,5.0,0.735063507221,1000,0.0,-5.209031442923,"[1.3203951244336074, 9.42477796076938, -0.53690638272718, 0.6064595783710076, 4.939486707580284, 2.1328353742937645, 1.8687447492983513, 1.1615600861203093, 6.874394801410134, -3.874029930681605, 3.5862823395893333, -0.38195464586486727, -0.685670353346844, 3.8586017094787075, 2.588429821515063]"
604,tVHA,5.0,0.735063507221,5000,0.0,-5.216045678051,"[1.224812664901242, 7.642269279738277, -0.4814764742504132, 7.747693876948418, 3.7269674805801323, 7.160025577733982, -0.37788833142446976, 3.9997124148936534, -2.63970840204043, 6.932007852045545, 5.587420199649607, -1.560480589904891, 9.42477796076938, -3.6172672559778496, 3.4747326829308296]"
605,tVHA,5.0,0.750931435322,1000,0.0,-5.213449866922,"[1.3070478277174953, 5.312472076309749, -0.682727724945886, 7.354768283725336, 3.6312161189381804, 1.1177307201555609, 2.0376421919003924, 2.195649049489998, 0.2821969549345074, 3.7108517208501572, 5.413589920344132, -2.4232019265707825, 8.539801563274583, -3.9308820967180846, 3.1838268855018335]"
606,tVHA,5.0,0.750931435322,5000,0.0,-5.215171749052,"[-1.7364090930786806, 9.42477796076938, 2.7057114447464166, 5.654729366403976, 4.941464342299767, 3.063907270211894, 3.551071729613626, 2.2614515994403663, -0.5018424242295496, 8.677968022507187, 1.684066016592353, 1.974481668780062, 3.133229445054499, 3.0041709287954954, 5.052144685504123]"
607,tVHA,5.0,0.766769074103,1000,0.0,-5.212751462771,"[-0.5757342489615875, 9.131665970482336, -1.836396298981687, 5.147406023137895, 3.508584016965483, 4.222034578648309, 2.3874548078307622, 1.620493684482228, -3.0930219483642465, 5.499288614251692, -0.30498539453668105, 3.5249939907017547, 5.053593774001522, 0.41431373284849715, 1.3993644041989195]"
608,tVHA,5.0,0.766769074103,5000,0.0,-5.217499576762,"[0.9677077218895858, 9.42477796076938, 1.1916813659232761, 7.679267382281317, 5.883141165256228, 4.410780260104763, 2.3949151165916485, 3.447227911833691, 0.04141379968003033, 9.42477796076938, 4.005776875493107, -0.5652492392469253, 8.116120160008045, -1.5311252463976377, 6.71310301378402]"
609,tVHA,5.0,0.782606712884,1000,0.0,-5.212728788374,"[0.12130416408484399, 8.811010724171181, -1.7948123580203739, 6.372773640391671, 4.195744500280242, 0.3933259227064957, 2.6762665686030673, 0.5529674312636632, 1.4205368050209695, 3.700298221790919, 4.237939333666774, -1.2183347557788426, 4.926022152065189, -0.6115913438907925, 2.519503722832357]"
610,tVHA,5.0,0.782606712884,5000,0.0,-5.215776967327,"[-4.677864186829569, 5.520678790311407, 0.012390585068017712, 1.0773759562231817, 2.5790322482762713, 8.269832796011556, 6.582908001783608, -7.088498900393412, -2.0814248381381812, 0.4771922379994119, -2.1243067854283235, 1.6920455562614243, 2.9351363701611577, 1.2234129818100468, 2.9208857457243607]"
611,tVHA,5.0,0.798444351665,1000,0.0,-5.213767428671,"[0.4862214126085057, 1.7688318809872925, -0.6328459602597833, 3.3476196924807033, 1.9175896087505793, 5.692573679152854, 4.505851342136449, -2.8919515141134817, -3.5572160067563834, 0.6486503643644005, -2.494105199924507, 3.603707341400145, 4.402575883690796, -1.143686386178575, 1.4652635158644094]"
612,tVHA,5.0,0.798444351665,5000,0.0,-5.219042830857,"[5.067331248590689, 3.364511380899213, 0.5081852813101481, 5.5914558589715915, 3.200521355745558, 7.261269889587833, -2.8844281278227166, 1.3247267641336515, 0.8944770942467257, 5.645870192689749, 4.931149104132311, -3.173803711975535, 7.790527897242335, -0.7360244945817315, 1.8279293827396788]"
613,tVHA,5.0,0.814281990446,1000,0.0,-5.216606038332,"[0.7655602777313595, 7.222969936955149, -0.6247409852606387, 4.569837710969205, 3.9382226468895887, 1.7017410411525598, 0.5807157473199804, 1.4573788998878259, 0.7158874483931514, 2.646924798712076, 5.740667294239852, -3.224295827881412, 6.666362279575444, -2.4882041099325636, 1.8496081787744914]"
614,tVHA,5.0,0.814281990446,5000,0.0,-5.217244108486,"[3.414175824042997, 1.802979980069122, -6.808775210307667, 8.615819441627906, 3.4996870120064765, 2.889367970009254, 4.395870919272156, -4.283100437294167, 1.084954060432835, 3.3255651092774174, -3.1931405569712843, -0.7874479009580124, 6.747734911261684, 4.400219001486239, 0.6646286664451917]"
615,tVHA,5.0,0.82397955502,1000,0.0,-5.213918660981,"[0.2752884635424486, 1.607360068082178, -1.6345016952325704, 4.7139659701061465, 2.571927296673705, 3.9719185149649117, 4.914507108830829, -4.973003265890088, -0.5499696005849237, 1.3532133551893155, -3.2401097741868914, -0.8268197308913466, 4.779915532973704, 3.085358340056239, 2.020429475974569]"
616,tVHA,5.0,0.82397955502,5000,0.0,-5.21793830769,"[0.660532239727754, 9.42477796076938, 2.5703203442201588, 2.734238878374146, 2.8833832817882152, 1.6437889346343355, 4.716147206724445, -1.8880467656949804, 3.862970255046193, 4.63491133512651, 4.636118179483724, -1.4764745187175405, 5.522190279397315, 0.40004856763684715, 1.7501590688335893]"
617,tVHA,5.0,0.833677119594,1000,0.0,-5.216090413304,"[0.26217759881817826, 7.894108459808206, 0.15756749773160758, 3.548784518900031, 3.7781317755799013, -0.9866655958601653, 3.458062837910436, -1.2762125328593448, 3.6357166266847623, 2.2416776870964554, 5.7114185954101995, -3.685884933119637, 5.679374751829777, -1.7347183286729762, 2.509571033719655]"
618,tVHA,5.0,0.833677119594,5000,0.0,-5.219101967319,"[1.3716173551651472, 8.896795997643942, 2.2561429890282296, 3.244366349945948, 2.4756261136723188, 5.057495538524925, 1.152864303929805, -0.45723274476135123, 2.1095658412036014, 5.402070629268355, 3.7438872062037696, -0.4287928456496424, 5.652213875254471, 0.6172708843095934, 1.2998085451373964]"
619,tVHA,5.0,0.843052784765,1000,0.0,-5.216445717303,"[1.261938879677287, 6.417343603018527, -0.7183850781795513, 4.874594388525622, 3.7442194070598824, -0.1459373655619753, 2.5943090745109556, -1.6366651038151048, 3.254290984447776, 2.864843674276746, 4.039094081322439, -2.315650964316972, 5.991911195757751, -1.5705028653691344, 2.340858135251927]"
620,tVHA,5.0,0.843052784765,5000,0.0,-5.219366349305,"[5.020228353146819, -2.209991498408995, -9.42477796076938, 9.42477796076938, 5.137849449766523, 0.03288512866115115, 5.533284598501222, -3.4564583549423364, 5.175721029977848, 1.4749641240412004, -1.6331470862380293, -0.9516301529892751, 4.058442273365342, 2.54564871997467, 3.8378628977741247]"
621,tVHA,5.0,0.852428449935,1000,0.0,-5.215752927471,"[0.22048145062370872, 1.1093224449589516, -3.2607556463737106, 5.498975316446383, 2.852707141665194, 0.564391044313654, 4.448694239504663, -0.5633656040809552, 0.2921220596305441, -0.41520464390375733, -3.0254666784681308, -1.3917179341717034, 5.539888042732046, 2.572660751520223, 2.238756745454258]"
622,tVHA,5.0,0.852428449935,5000,0.0,-5.220739441799,"[0.38037444191600195, 9.42477796076938, 5.077754089832883, 1.4333653633765997, 3.802011126080113, 6.509242134158914, 0.335873135517278, 0.048670785907019704, 2.339252061643626, 6.186353932636699, 2.860490535896119, 0.5564561048164166, 5.36041459336187, 1.6777535706725075, 2.5068165934359516]"
623,tVHA,5.0,0.861116322494,1000,0.0,-5.21742649066,"[1.2566607340662301, 6.842720415846617, -0.5398722056007046, 3.3616477557322715, 4.194922251678206, -0.4423254061024604, 3.4172672913197886, 0.18982969990697293, 1.1138454886015658, 2.5782247271337697, 4.3876058062240055, -2.1739378655379826, 5.806343493733238, -1.3223448542906073, 1.8779567460615119]"
624,tVHA,5.0,0.861116322494,5000,0.0,-5.219841882586,"[9.386100457095042, 1.5016555145920452, 1.1928468540812789, 4.052839275032521, 1.1842423567435876, 5.505934986152691, 3.03886073423929, -1.2376519108275272, -0.07472570218016952, 4.97273943477466, 3.1597843415357545, 1.7034234190975288, 2.5821784724236467, 2.254864558291965, 0.2512981600460883]"
625,tVHA,5.0,0.869804195052,1000,0.0,-5.218305488071,"[7.5921019202975915, 2.527106631828716, 0.18266669405467442, 4.6375176399270925, 1.512190448370629, 2.5915963463512126, 5.779634845388116, -2.6166718846046817, -0.20035073684973012, 3.1900474825477465, 2.436946178550032, -1.1448699666615623, 3.404129686382831, 3.329377553433367, 0.8330054603464262]"
626,tVHA,5.0,0.869804195052,5000,0.0,-5.219841882586,"[9.386100457095042, 1.5016555145920452, 1.1928468540812789, 4.052839275032521, 1.1842423567435876, 5.505934986152691, 3.03886073423929, -1.2376519108275272, -0.07472570218016952, 4.97273943477466, 3.1597843415357545, 1.7034234190975288, 2.5821784724236467, 2.254864558291965, 0.2512981600460883]"
627,tVHA,5.0,0.87819268367,1000,0.0,-5.219121881156,"[-0.0835792116942985, 8.728310264338486, 2.64705793403416, 3.0030234376370117, 3.536783386947391, -1.7069585325165955, 5.201640570829399, 0.4956585269320983, 3.1465501444438115, 2.524937391001947, 3.1168142104158014, -0.3223358437858365, 3.021773391059546, 2.1650717782404154, 2.2045723488249256]"
628,tVHA,5.0,0.87819268367,5000,0.0,-5.223555804119,"[0.5133282516312025, 9.42477796076938, 8.079755317727844, 5.177657468421933, 4.880596445735039, -0.8970261878245374, 6.014585446829592, 2.442181320367432, 6.777558644135043, 3.763507463886249, 5.709896984432705, -3.0458736421531105, 5.859507462720769, 3.2985168564463456, 5.567480908861119]"
629,tVHA,5.0,0.886581172289,1000,0.0,-5.220197624147,"[0.07984476228687448, 8.959610193963577, -0.9465464029209205, 5.216986170781992, 3.7685711697032507, 1.076253519116305, 1.2778876810637163, 3.0477685198052233, 2.0513640526067336, 2.139078373887097, -0.9044872609780114, 3.9109664874274985, 3.6181342344216914, 1.1560627256750144, 2.8441114900621214]"
630,tVHA,5.0,0.886581172289,5000,0.0,-5.224247557301,"[9.42477796076938, 9.244634578087112, -0.8028377831001157, 7.56791675457087, 4.149971588621063, 4.016838749599534, 2.9623829252314677, 5.469427699859106, 2.847108027831294, 3.8871660756646413, 2.4014708996946927, 4.680955116650809, 3.008127836278325, 2.887246859195696, 5.311591984407656]"
631,tVHA,5.0,0.894848131842,1000,0.0,-5.219857217544,"[3.62924892170432, 4.280415700945955, -1.4469917786842341, 6.570138603902918, 4.261482103807441, 0.4681298847276649, 1.2521855942135978, 1.221658916440758, 3.13802104814697, 2.5444772132732703, 2.7855406963481966, 0.10018466056165024, 4.062259388159887, -0.5153249671180434, 3.8036783717969023]"
632,tVHA,5.0,0.894848131842,5000,0.0,-5.224534667422,"[8.977979968481641, 6.5916563126620105, 0.13035431898100644, 8.892597122624665, 5.55971592671758, 4.053947022205426, 0.557674503862495, 6.267477873280648, 1.6200697794279528, 5.951710117129759, 2.108858745111209, 3.587380313975529, 5.247497118642736, -0.18589949027540398, 6.761463436730935]"
633,tVHA,5.0,0.903115091394,1000,0.0,-5.219690316333,"[-0.5008198784991414, 8.17654040368231, -0.9116256338074364, 4.667984713528167, 2.9723333632843003, 5.564181758068721, -1.123273259900309, 0.7690063977042435, 2.0399784235788094, 2.3505406881642483, -1.290984389698277, 4.732560244469081, 3.1593693247695884, 2.777793697128568, 2.0348798532452284]"
634,tVHA,5.0,0.903115091394,5000,0.0,-5.222318096609,"[-5.205065759761315, 9.42477796076938, 4.895197180560212, 3.9462995502849285, 3.595697166981016, 4.004012410617754, 1.073932855838144, 2.5361281222709713, 0.7903595698051041, 4.962710555916859, 1.9238162557848488, 2.137141063471459, 2.7433904218334733, 3.6007611542819875, 3.375888172674353]"
635,tVHA,5.0,0.903115091394,5000,1e-06,-5.219292207625,"[5.796656765911871, 7.228720741012574, 0.9679754246244204, 9.42477796076938, 6.25475233474475, 3.8046395488220774, -0.17847510203687256, 4.84645647489174, 2.642578532666862, 7.238902893593575, 1.8608644207196818, 1.9068473877851844, 5.366905228027332, 0.8069316026911526, 7.472313418897671]"
636,tVHA,5.0,0.903115091394,5000,2e-06,-5.214439073812,"[9.42477796076938, 7.77246633547259, 4.28939768162386, 3.5025946799505174, 3.720674617376792, 3.1700420939473375, 4.651203480738949, 3.495620257968385, 3.888801658440654, 3.1319617776468673, 2.4267103304662285, 4.943115848203389, 3.8689138085277337, 2.3638679527366007, 3.994025744149985]"
637,tVHA,5.0,0.903115091394,5000,5e-06,-5.199539737435,"[8.257659052233379, 6.471978599007339, 3.7436303036079077, 6.959850316157957, 5.755009683623605, 3.8716309359506775, 2.3693988363303964, 2.2677921590621373, 5.845128278067831, 5.809803638818526, 2.3967185878080777, 2.9070335652847445, 4.752256347305037, 1.4383108527212127, 7.3451216799155175]"
638,tVHA,5.0,0.903115091394,5000,1e-05,-5.173710078933,"[5.914180906376452, 9.334798491975839, 0.5236001233363877, 9.42477796076938, 6.111749415337546, 1.4225831143346364, 2.132057187281461, 4.707455915609984, 1.4582346542119584, 7.208346025485166, 0.7310674806141787, 2.341095649890137, 5.000461988530516, 0.8437677052182065, 7.125518283266517]"
639,tVHA,5.0,0.903115091394,5000,2e-05,-5.125816014296,"[9.373520204874536, 4.300651070883282, 7.940887563159292, 4.479935046825233, 4.470840936531171, 4.392927974962809, 1.1925454046074069, 5.277428438118157, 5.72589066752464, 3.3008823539859913, 2.802820653264424, 3.079326285107641, 4.019045522045187, 4.204160523659747, 4.533476653982114]"
640,tVHA,5.0,0.903115091394,5000,5e-05,-4.984265434627,"[9.42477796076938, 9.42477796076938, -5.088362820336808, 9.42477796076938, 5.20826065151361, 3.063503530504283, 1.9170208784654705, 3.76603586974814, 3.2871320060552267, 4.393093159700041, 2.149521645954176, 3.1120214771630423, 2.3860407486919755, 2.8627469325987196, 5.495209675219274]"
641,tVHA,5.0,0.903115091394,5000,0.0001,-4.767088165476,"[9.42477796076938, 9.42477796076938, -7.234641569735046, 9.42477796076938, 5.597349329153719, 2.301747625965519, 1.4134570013201582, 3.039256300062423, 3.1829177442596013, 4.1458562378857025, 1.7815308239790975, 2.0105879653207945, 1.9013073939647969, 3.07037319312328, 5.1670070197119]"
642,tVHA,5.0,0.903115091394,5000,0.0002,-4.391832653162,"[9.42477796076938, 9.42477796076938, -8.82363829139858, 9.42477796076938, 6.143188360345281, 1.4225536511948667, 0.8874919463890896, 2.386854686775818, 3.006063998817675, 4.002235396281374, 1.2138974286631146, 1.136027187367128, 1.6414960357312447, 2.9955726057996834, 4.917710971520919]"
643,tVHA,5.0,0.903115091394,5000,0.0005,-3.613209026575,"[-0.5434586887807972, -3.102509037135572, -9.42477796076938, 9.42477796076938, 6.81831375033719, 0.2748652223570488, 0.23643728447496765, 1.0718594855404309, 2.3627714353932965, 3.8338735741451173, 0.18720172931802853, 0.18727853353935692, 0.7311050597744886, 2.4833537313588243, 4.77705994132295]"
644,tVHA,5.0,0.903115091394,5000,0.001,-2.975503934114,"[9.310373863768461, 9.424777960283842, -9.424777960738759, 9.424777960740947, 7.191272142362315, 0.11754504846607258, 0.061645374409068934, 0.7681532846378143, 1.6899553567718164, 3.5365283567500865, 0.23390547481145574, 0.15232384630275514, 0.5305416694232409, 1.8379310182546087, 4.450947785455828]"
645,tVHA,5.0,0.911382050947,1000,0.0,-5.219112003321,"[0.5177332297376811, 6.127467392449829, -4.635260330813615, 7.1237069205354295, 3.63569477257283, 9.365694913486662, -5.13572340015909, 1.7845742622106444, 0.23787616694480812, 1.015036314271656, 0.5697960989900794, 3.6097725230353204, 4.43884502411157, -1.15797625006097, 2.504315734687161]"
646,tVHA,5.0,0.911382050947,5000,0.0,-5.220874443507,"[1.9340292909174854, 6.487332494385241, -4.105035246295779, 9.42477796076938, 4.066837694767804, 8.23925730724142, -4.374753163958845, 2.8533677125379495, 0.028558942341827022, 4.361716950729315, 3.8775505809462363, 0.29135534879396774, 5.398362246982705, -1.5618725096600268, 3.2830439430455067]"
647,tVHA,5.0,0.9196490105,1000,0.0,-5.220182206714,"[2.7697027405789183, 5.649472146840218, -2.5781558949838175, 5.92330509229286, 4.6448238979940975, 0.8989838715246858, 1.885842818351705, 2.7827460951299643, 0.7282154767828621, 2.4800095773772797, 3.4070872664195893, 0.376904914934802, 4.61261719753469, -1.3325395054916553, 3.039141016204809]"
648,tVHA,5.0,0.9196490105,5000,0.0,-5.221299103028,"[4.567738049900967, 5.250354606133284, -3.1447505274348386, 9.42477796076938, 4.0317398308080294, 3.36262613780385, 0.7906884939775428, 3.543546379606556, 0.10285617149149001, 5.060857626604604, 2.8289760205129, 1.5418437870909916, 5.555281791938992, -1.1947173691394783, 3.8741321531257484]"
649,tVHA,5.0,0.927617009057,1000,0.0,-5.219414730754,"[-2.0371500419610156, 5.976139043451385, -2.307728464779669, 6.045880509706165, 4.321151144941213, 4.700584654421074, -1.35027526676094, 1.0625708007123968, 1.2937303741302197, 2.127401846695936, -1.028672779419463, 3.999187241299552, 3.7467670233754, -0.6222781605212527, 4.206787817077982]"
650,tVHA,5.0,0.927617009057,5000,0.0,-5.222080523361,"[-1.0914548907646902, 9.42477796076938, -1.1825903677851333, 9.42477796076938, 5.312812636662683, 4.067821719651141, -0.41528557953971634, 2.7163061030657776, 1.0773922299997865, 6.99976195207148, 1.2314664119299816, 1.6673990172599422, 5.488929005840816, 0.14021666603289132, 6.1199272090298855]"
651,tVHA,5.0,0.935585007614,1000,0.0,-5.220400231077,"[2.058716742899713, 7.507274652465847, -2.8061552565109804, 6.66044554932372, 4.183437993866473, -0.5859336852596579, 4.074849124094786, -1.0154383564636877, 2.5649206964580653, 4.521008806241261, 2.3467175456404674, 0.9302124597326311, 4.867524404038849, -0.3503701510879828, 2.529933390793526]"
652,tVHA,5.0,0.935585007614,5000,0.0,-5.222322377974,"[6.209967590553375, 7.881641711147305, -1.1724726753964245, 8.342670924938739, 4.345758289148419, 1.9864803424885293, 3.0740981268170975, 1.1495768085546463, 3.3672438071919872, 6.369703481958561, 1.7439712879032845, 2.7074334242107403, 4.248051771686458, 1.6050087709732277, 5.105499399639576]"
653,tVHA,5.0,0.943553006171,1000,0.0,-5.219695129205,"[0.7146025584854739, 7.552606758280816, -0.6040504247114162, 5.137412556550762, 4.369875299190074, 0.7924961801126249, 0.18695890924552114, 2.3620011667357375, 3.0204702834084363, 1.6901260863868188, -0.9135871447926163, 3.7709948595182032, 3.7508161808521314, -0.913689700280692, 3.9474347463446513]"
654,tVHA,5.0,0.943553006171,5000,0.0,-5.224698490941,"[9.42477796076938, 8.206293153806719, 1.1295492790281776, 7.2217828558223225, 5.275063691630065, 3.3745404051379513, 3.3822526990714263, 7.899595091644678, -1.1326969550459378, 6.016311977281726, 2.224166360249127, 4.502650831483578, 5.952720790111441, -0.3779478330923786, 6.364814950180692]"
655,tVHA,5.0,0.951521004728,1000,0.0,-5.22010786782,"[-1.8949754381338741, 7.354327160518728, -3.031557982224066, 6.827115630693003, 4.873615231027256, 0.604367929302092, 1.6104619630738481, 0.7204747436523742, 2.0917440308238224, 4.115070546699351, -0.6441317718105917, 4.067403993037473, 4.430852168110029, -1.0858119007894516, 3.4460962969684052]"
656,tVHA,5.0,0.951521004728,5000,0.0,-5.22451300053,"[9.42477796076938, 8.653024398134018, -1.58430552521646, 9.412012209227052, 4.7690267141461185, 3.5429564472531276, 3.2896207808456426, 3.5635462300924887, 3.5681928064863144, 6.16596900984525, 2.3396181891743097, 4.95858799767916, 5.859195789029176, 0.3173383850083902, 5.681365585778323]"
657,tVHA,5.0,0.957982978339,1000,0.0,-5.220576271508,"[-1.9364068263472953, 7.674788758718009, -0.560514081545677, 4.66850820097425, 3.786315597027653, 2.3650938145757303, 1.37808024460363, 2.7866530875933733, 0.12142894372698779, 2.978309227569597, -1.9938246876155086, 4.869031914842073, 4.130719705925374, 0.8867534244615402, 3.1609970350823033]"
658,tVHA,5.0,0.957982978339,5000,0.0,-5.225975128419,"[9.358339428874483, 7.2900188338045995, 7.1501926066273676, 3.4583030127925842, 4.72416528054719, 4.393166071668275, 2.331831303428917, 7.0331743862867615, 2.831105222431514, 4.6418725226526, 2.454272760017302, 4.223299413648598, 5.003626421345959, 2.905641228643062, 4.942249827457482]"
659,tVHA,5.0,0.964444951949,1000,0.0,-5.220217807717,"[-1.7212213544838784, 7.389455260215113, -3.254305553290541, 6.2181423095981705, 3.729467253097215, 1.984918858033594, 0.7482275153233708, 3.4197793153580553, 0.6201340814724515, 1.2256241752884247, -2.2016054386525274, 4.148668149611841, 3.7786246247298214, 1.0100575299383867, 2.612682768945966]"
660,tVHA,5.0,0.964444951949,5000,0.0,-5.224956092126,"[8.964844537944135, 7.689221106343423, 6.27013303324901, 2.9143039032383933, 3.8981065414272704, 2.180083595310797, 3.0823213256251725, 4.444666616519452, 3.5418377119109605, 2.8897015863526323, 1.5302921775966551, 3.5495396942130046, 4.3797950516011195, 2.6544510219024575, 3.7748780337539523]"
661,tVHA,5.0,0.970906925559,1000,0.0,-5.217400656172,"[-0.9305857670816327, 1.5532669445824037, -1.2685197714441752, 5.162204613456321, 2.9007128415735157, 1.6196770161693672, 7.502342350097603, -5.272461522790911, 1.0629376010126954, 0.6881507067378283, -1.030576650119711, 2.1491787801883557, 2.6706020434020967, -0.27876517173944937, 2.7679826687631612]"
662,tVHA,5.0,0.970906925559,5000,0.0,-5.222032100803,"[-1.6143005774793187, 1.906923714252275, -8.507255410816915, 9.42477796076938, 4.255397583784354, 3.4114292032927467, 3.0504490829076456, 1.44247890607414, 3.2400389455986076, -1.966155428058984, 0.22001602003810508, 1.005087993686738, 1.6899711971910851, 3.0670047448833353, 3.5454636244400914]"
663,tVHA,5.0,0.977368899169,1000,0.0,-5.221977096122,"[0.4012603988533202, 8.940910664910247, -2.306541121506811, 6.863825306974206, 4.179361932914339, 1.3008309831959415, 0.32081190884710375, 2.974572775662077, 2.297534742686993, 2.259372177851589, -1.4296970270999756, 4.427120115033853, 4.0486741190961055, 0.4044554726159977, 3.352198295417549]"
664,tVHA,5.0,0.977368899169,5000,0.0,-5.226158460269,"[2.474941454746762, 9.42477796076938, 4.859687186627954, 7.348663770041902, 5.977692544650434, 4.376829407858666, -0.6642960361035306, 3.9191387203238106, 3.8860207764729573, 6.557315394093498, -0.7755915921294749, 3.6452138717176767, 4.737284556360934, 2.3699447305270342, 6.909677389543651]"
665,tVHA,5.0,0.981742567665,1000,0.0,-5.222428532658,"[6.595818190743163, 4.95365016243588, -1.6171275146632897, 5.085113204229225, 2.9969243530532204, 2.83435745771365, 1.1093856701592624, 4.6849615493985795, 0.4587653065469979, 1.363624574621493, 2.7759063349681026, 0.5262785820383418, 3.078199731839837, 2.468712957043718, 1.8356926029949985]"
666,tVHA,5.0,0.981742567665,5000,0.0,-5.226348883514,"[9.42477796076938, 9.110052436522862, -3.3710590661657727, 9.204208487927001, 4.388262840138634, 4.412100359004366, 2.4808752442159663, 8.353899582688555, 0.711583022906088, 2.981379344867353, 2.466599289438383, 4.200887426536843, 3.8715731087138394, 1.9168621719159373, 5.226254404103728]"
667,tVHA,5.0,0.986116236161,1000,0.0,-5.221267088949,"[0.29033026852164034, 8.313767015166302, -1.6450654943368836, 5.244864228906147, 3.8068620602130006, 1.601391385608145, 2.085285953490604, 6.964628788118063, -2.690405319224295, 1.177158825657775, 0.019050808414276532, 3.2019398361576235, 5.1975067660778, -1.0537678084348951, 2.0618501977808545]"
668,tVHA,5.0,0.986116236161,5000,0.0,-5.224938875872,"[2.242573089238245, 9.42477796076938, 2.2447099659129646, 7.474744015185271, 5.48844372716846, 4.5429680801461725, -1.452520709924572, 8.281779889273245, -1.992703724033717, 6.509955353590756, -1.1498650217603794, 4.0196197672968665, 4.116116660019046, 1.9025722016843698, 6.544205589139418]"
669,tVHA,5.0,0.989683984122,1000,0.0,-5.221809912861,"[-4.776708382214955, 9.42477796076938, -2.616226633203505, 6.017293879705979, 3.0646315670141435, 4.442523946525527, 0.8212212736416054, 1.7207701760082748, -0.20812198556536518, 2.0813821711222804, 0.562251942188948, 2.436524144289376, 3.584318776773626, 1.2670933241004274, 2.328836028548232]"
670,tVHA,5.0,0.989683984122,5000,0.0,-5.222962349557,"[-7.173789589689941, 9.42477796076938, 0.406974958138432, 5.080140117191272, 3.611753791675958, 4.314756187846212, 2.9593175918978263, 1.1809944845063343, -0.5485031002995606, 4.204000332190673, 1.179534557347992, 3.2916330809819847, 2.430545800800253, 1.921972724957304, 3.8598514302483116]"
671,tVHA,5.0,0.993251732082,1000,0.0,-5.223058578396,"[-1.9141328461423042, 6.768608928316361, -3.1844998269394567, 6.253185876363414, 4.00628251274019, 3.154140032337407, 1.0370482555969498, 2.915069661906238, -0.8369487569723938, 1.9203578230125822, -1.3921749318989907, 4.9671401223226415, 5.029451240557624, -1.5618316119219475, 2.9137026655242675]"
672,tVHA,5.0,0.993251732082,5000,0.0,-5.224324776955,"[1.7828018855672214, 7.829880192684304, -2.549614764093163, 9.202144568735953, 4.162819677256331, 2.2983243027552107, 1.9271380824839281, 4.10998766616917, -0.7334915263852033, 5.4881055154404805, -0.6113381401630348, 4.823769810057913, 6.559472840586931, -2.4124181126515225, 4.253509244219286]"
673,tVHA,5.0,0.996259827523,1000,0.0,-5.222489282707,"[-2.1879147719652456, 8.175738566614637, -1.748113751921688, 5.293198116644685, 3.6567326329961025, 3.068346288453456, -0.509354854787881, 1.7441078781287507, 2.9320510197596596, 1.514274083297951, -1.8968201778952953, 4.481964220475122, 4.164739431654568, 1.8301038223508022, 2.293304788596069]"
674,tVHA,5.0,0.996259827523,5000,0.0,-5.223266411399,"[-3.401205706688404, 9.407739651905338, 0.009226319387882164, 5.329490772188761, 3.1995409405515676, 3.3343011031867906, 1.8235276913814567, 1.78902135733836, 1.111329015468946, 4.187111382533321, 0.04296519945927656, 3.699653679045191, 5.34635367140147, 0.7216063473225262, 2.813777705147322]"
675,tVHA,5.0,0.999267922964,1000,0.0,-5.220366961322,"[0.8434353172316087, -3.028773217583012, -2.1999930959840466, 8.528632772767704, 3.05704373707773, 5.951284518996761, 1.8633430498488148, 0.994969273037057, -0.4443641085489494, -2.098385812464094, -1.612366147942198, 2.2072567674537664, 1.842995193224887, 0.7947439344001246, 4.4716682232403135]"
676,tVHA,5.0,0.999267922964,5000,0.0,-5.222454811623,"[0.9351869986936046, -5.819593316719901, -1.7784741142971656, 9.42477796076938, 4.1402734066339, 5.5420390175317245, 1.9899920603186252, 2.5783170247855116, 1.0791511553585398, -1.6834509500765116, 1.0605507894100796, 1.2496865998472773, 0.50688706700817, 3.1281408866151708, 4.4365735162542475]"
677,tVHA,5.0,0.999633961482,1000,0.0,-5.220149243307,"[0.3079347273612124, 4.53315992625239, -1.7604357617802884, 5.859186117808541, 3.2484942300685318, 8.371897744451179, -5.503728246951193, 0.6787064040556873, 1.9323663799872979, 1.7048563580078304, -0.12666705840498924, 3.0657144705968538, 3.5220181025102564, -0.7088628625947084, 3.613172492540178]"
678,tVHA,5.0,0.999633961482,5000,0.0,-5.22438571316,"[3.5513761783895053, 7.471531458908209, 3.580780869094768, 6.215098538023427, 4.380319764224009, 7.023131624703801, -5.615545043398562, 6.797304239579534, 1.7144106732379791, 3.673195348068562, -0.2673003094086971, 3.491948708665478, 3.503350889008484, 2.6133836144446785, 5.218662580946804]"
679,tVHA,5.0,1.0,1000,0.0,-5.227425505167,"[10.368887117665745, 10.751077448487763, 9.439204473380396, 5.244980391765621, 4.02585300361718, 3.3062004769914997, 4.967073807809875, 8.144026957883945, 6.123505963381414, 3.635835320730338, 1.7783222212908087, 5.283263743336798, 7.483041465506382, 4.756180340886469, 4.9939832639080475]"
680,tVHA,5.0,1.0,5000,0.0,-5.226767774931,"[9.297786610371645, 4.742505536365358, 7.494604145128788, 3.567719618188029, 4.16788344085962, 3.3281905188096195, 3.301939357552894, 2.4086127939398585, 8.664200124733847, 0.2887352590487611, 2.4981281059380396, 3.08302571335134, 3.602491849272364, 3.238573377339759, 4.5128908560363055]"
681,tVHA,5.0,1.0,5000,1e-06,-5.216636543601,"[0.46496113864533745, -0.5926474913521559, -6.1660961267318894, 9.42477796076938, 4.178491087562736, 2.5278706140796494, 2.8898963218239206, 3.5208105660351423, 1.9140736153075595, -1.743213520881081, 1.7304568717019957, 0.1097186758662772, 0.08246630971727067, 3.5731960504417266, 4.9466388463037845]"
682,tVHA,5.0,1.0,5000,2e-06,-5.210734341835,"[-1.474187797882292, -7.322711652005884, 2.0187864666692446, 9.42477796076938, 4.560806074552148, 4.311157916669287, 3.6537016550306323, 1.7861536515484078, 0.5171507786437437, -0.16589539437152334, 1.1644680562362737, 0.9778179941125722, 0.5912165259183351, 3.087520228726495, 5.1707173701003715]"
683,tVHA,5.0,1.0,5000,5e-06,-5.192366275959,"[2.166789059680876, -6.207501448421721, -2.562523849268208, 9.42477796076938, 5.065273618484202, 2.6374211229113196, 2.376514877749152, 2.937919110934108, 1.1192411002920342, 0.6425339721428066, 0.46528796187162474, 1.4734273475671877, 0.5435544167131565, 3.2478861541857054, 4.92005619720036]"
684,tVHA,5.0,1.0,5000,1e-05,-5.163056367734,"[1.5231067967883678, 9.42477796076938, -0.9595864507516539, 6.64421578232992, 4.083776963584727, 2.7352860069999156, -0.2833044749813946, 5.300506882555236, 1.0319188783401614, 2.861114655333501, -0.03812257356133561, 2.8090600208977854, 2.227770996573165, 2.6419473586064903, 4.519221964939769]"
685,tVHA,5.0,1.0,5000,2e-05,-5.105758217832,"[-7.169009673449061, -8.861084702380133, 9.42477796076938, 9.42477796076938, 5.560090474349162, 2.726313334243863, 2.611227704265674, 1.9413372788547134, 2.121203901970305, 4.512497213654757, 1.0755085737098975, 1.8719792561764632, 1.7355046460890207, 3.226912596005757, 6.030410674987401]"
686,tVHA,5.0,1.0,5000,5e-05,-4.937675661263,"[9.42477796076938, 9.42477796076938, -2.318968889928919, 7.625324154144481, 4.844886186198387, 2.7342306899520024, 2.0841348703350597, 3.336332895431023, 3.671831451508671, 3.6683803188944304, 1.9036936838282355, 3.747549693838495, 1.753362783141958, 2.703970993884005, 5.364336858025856]"
687,tVHA,5.0,1.0,5000,0.0001,-4.682401583139,"[-8.80870582093165, 9.413236312250884, 1.5294860333279692, 9.42477796076938, 6.394562782430181, 0.2306269999026838, 1.6136132651031727, 1.0847955811165018, 3.2968888325809464, 6.23886512248534, 0.5437761000802603, 1.8098577376535099, 0.8720572431137903, 3.2038285552130854, 6.51956811984254]"
688,tVHA,5.0,1.0,5000,0.0002,-4.254479764449,"[9.42477796076938, -2.266103296769222, -9.42477796076938, 9.42477796076938, 6.637317686455297, 0.2934828262473326, 0.3541939527941895, 1.7956635371485907, 2.5487013851121363, 4.183837859194527, 0.14029279306195808, 0.5272483841045277, 0.8984386006548315, 2.805310199823966, 4.99333210873092]"
689,tVHA,5.0,1.0,5000,0.0005,-3.43153731801,"[-6.753552988020405, -9.42477796076938, -9.42477796076938, 9.42477796076938, 6.908905634533836, -0.4874945323317652, -0.645314949231775, 1.1472752334164462, 1.9755560560704926, 4.076902283396679, -0.6350934347763701, -0.5332290803844338, 0.5134543673380823, 2.1873541070691402, 4.734009452064049]"
690,tVHA,5.0,1.0,5000,0.001,-2.844031088273,"[-9.42477796076938, 6.277208398329458, 9.014909459697774, 9.42477796076938, 7.378187642660357, -0.1252663066009261, -0.08195824114155514, 0.3072074216525265, 1.521299608477705, 3.8180211902935897, 0.01141323688741268, 0.018921554484214002, 0.4804121126271076, 1.622285122530725, 4.479399354334384]"
691,tVHA,6.0,0.0,1000,0.0,-5.186607314932,"[-5.7113818078170215, 9.42477796076938, 9.408986493179514, 5.89481106671865, 9.42477796076938, -4.460981815083233, -0.2791261963920788, 0.03790530212152516, 0.5878569191146623, -0.42377530161280164, 0.2974550245262153, 0.0939867868683329, 1.2104855832603243, 1.4361461659429582, 2.2023962787193305, 1.1254298639821074, -1.095531090833567, 2.785547068299676]"
692,tVHA,6.0,0.026797978742,1000,0.0,-5.186619399287,"[-4.027900044531036, 9.42477796076938, -2.596279953437137, 9.42477796076938, 9.42477796076938, -0.3732594817787856, -0.7211421901457205, 0.42045768793667737, 0.47657708179718355, -0.038581000563756906, -0.09168351717421075, -0.02046418930535683, 0.036002832677162644, -9.42477796076938, -9.42477796076938, 9.42477796076938, -3.1885382470254946, -9.42477796076938]"
693,tVHA,6.0,0.053595957484,1000,0.0,-5.186616132118,"[6.62557972260048, 9.42477796076938, 9.42477796076938, 9.110968019504892, 9.424777960769378, -9.42477796076938, -0.12437958984739052, 0.10753101726265991, -0.05094923445377399, -0.12761585589871233, 0.11175510374430772, -0.10330201083142848, -9.216130395862098, 9.42477796076938, -9.42477796076938, 9.42477796076938, -9.42477796076938, 9.42477796076938]"
694,tVHA,6.0,0.080017711242,1000,0.0,-5.186623611319,"[-3.0741927852496556, 9.42477796076938, 9.42477796076938, 9.42477796076938, 9.42477796076938, 9.42477796076938, -1.0272618712703547, 0.7225745052506681, 0.5755198363453767, -0.15267441547810207, 0.11196568832987205, 0.021040731169907446, 9.42477796076938, 9.42477796076938, 9.42477796076938, 9.42477796076938, -9.42477796076938, -9.42477796076938]"
695,tVHA,6.0,0.106439465001,1000,0.0,-5.186625414658,"[-4.970995048643495, 9.42477796076938, 8.385574018108322, 8.530407947694862, 8.50352935566496, 1.256239272456806, -1.114134221245335, 0.5292964244275279, 0.6835621669250506, 0.14392327267609384, -0.2990064894378377, 0.1964161826793553, -7.071053548834159, 9.42477796076938, -9.42477796076938, 9.42477796076938, 9.42477796076938, -8.705498275211449]"
696,tVHA,6.0,0.13096497634,1000,0.0,-5.186766934298,"[-3.4070156004931578, 8.179994910975301, 9.08653460142098, 9.42477796076938, -9.42477796076938, -7.735893776350574, 0.2739541045010122, -0.19483930827610094, -0.12420407938398795, -3.5947290471027538, -0.07794718374253143, 3.5340104787645474, -7.38357030286781, -9.42477796076938, -9.42477796076938, -5.508259104842287, 9.42477796076938, 9.42477796076938]"
697,tVHA,6.0,0.155490487679,1000,0.0,-5.186620077168,"[-2.0855198616231947, 7.151748521036563, 7.754983053562904, 9.42477796076938, 9.42477796076938, 3.5512040753642227, -0.7954563825583956, 0.37819932776477166, 0.6474324487579625, -0.4344772362096955, 0.19382526523715554, -0.09704562508263553, 9.275996858441253, 9.42477796076938, 9.42477796076938, 9.42477796076938, -9.42477796076938, 4.223883630111191]"
698,tVHA,6.0,0.180015999018,1000,0.0,-5.186617435125,"[3.1084925328620017, 8.078119018128433, 6.617291358685768, 8.048411360629515, 7.399931671721097, -9.42477796076938, -0.519706316570796, 0.6027679004564479, 0.040024920869977505, -0.5728911218322592, 0.5777267029344775, -0.3142489599127247, 8.801937026064232, 9.42477796076938, -9.42477796076938, -9.42477796076938, -9.42477796076938, 9.42477796076938]"
699,tVHA,6.0,0.204541510357,1000,0.0,-5.186611111395,"[-1.5532074552893236, 4.306202127273581, 6.312686718450063, 8.773511213212746, 3.9138408131529285, -0.12385668587771803, -1.7633474761160932, 1.8032755586474358, 0.04685318067800366, -0.13352997534062114, 0.6441700407052242, -0.46460151931048776, -9.42477796076938, -9.42477796076938, -9.42477796076938, -9.42477796076938, -7.062243135368095, 9.42477796076938]"
700,tVHA,6.0,0.228254796663,1000,0.0,-5.210279514151,"[1.7978266655739061, 9.42477796076938, 9.42477796076938, 9.42477796076938, 9.42477796076938, 4.595201237639939, -1.3881185281841857, 0.5052529671431494, 2.087085193893346, -1.622394310571465, 1.1166235144859278, 0.31327729233429236, -7.145663630434328, -9.42477796076938, -2.839037382455535, -4.914219306594617, -1.4532496170180513, 6.715035186074095]"
701,tVHA,6.0,0.25196808297,1000,0.0,-5.21070262192,"[3.2204967594815663, 9.328727939426683, 9.42477796076938, 9.424777960769378, 9.42477796076938, 4.2284138025113736, -0.5664510506489011, 0.28606047263641776, 1.3779945862268423, -0.6384702578893304, 0.5903418733210395, 0.42942714939822124, -7.175098162218353, -9.42477796076938, -2.6008530309534366, -7.286951393719181, -0.5606686137428406, 4.956598073233439]"
702,tVHA,6.0,0.27317283102,1000,0.0,-5.210682200825,"[1.8864363714262646, 9.42477796076938, 9.42477796076938, 9.42477796076938, 9.42477796076938, 4.481864377205796, -1.7313431554929402, 1.1032192309550997, 1.7577162815346135, -0.9998449398865796, 0.6445626298774308, 0.7082748989321088, -6.168364474560633, -9.42477796076938, -2.6756509835577487, -2.789649689081008, -2.546962877306698, 6.806243407450209]"
703,tVHA,6.0,0.294377579069,1000,0.0,-5.21213907331,"[0.3113247231167449, 9.42477796076938, 9.42477796076938, 9.42477796076938, 9.42477796076938, 5.231524360589049, -2.155103514250105, 1.986948245672354, 1.8651820846270533, -0.040275018498677435, 0.22409732730296092, 1.4336010449210683, -9.09683693033251, -9.42477796076938, -1.2282499753495018, -6.7006114639973475, -3.1118283713010317, 4.051457147222759]"
704,tVHA,6.0,0.313938345443,1000,0.0,-5.20997271619,"[1.2055794268164646, 9.42477796076938, 9.42477796076938, 9.42477796076938, 9.42477796076938, 5.20171251619607, -1.1187919224470169, 1.4200853066709818, 0.4444989599436246, 1.3546369119003834, -0.5948413359500895, 1.5158736071908483, -3.077866039292279, -9.42477796076938, -4.0134431874245005, -1.563939017571813, -1.9717334565227143, 5.713092228203177]"
705,tVHA,6.0,0.333499111817,1000,0.0,-5.210198778,"[0.5716026088678943, 9.42477796076938, 9.42477796076938, 9.42477796076938, 8.792913582901393, 5.2290465060268065, -0.11458153420161757, -0.0024275749203665417, 1.6196870655045927, 0.40236553473591413, -0.02559844084222012, 1.5211854768985094, -7.234306425085861, -9.42477796076938, -2.5109989958458003, -1.7747472384044582, -5.151095360071498, 7.385482785543522]"
706,tVHA,6.0,0.351750181136,1000,0.0,-5.215691551724,"[9.42477796076938, 9.42477796076938, 6.957604726523607, 9.42477796076938, -2.9746604752271306, 9.1004375192871, -0.8731570295375211, 0.840350362855798, 1.9050058265651257, -1.2152725758595102, 3.490961931589201, -2.2214475013579085, -9.42477796076938, 4.303053081541371, -9.42477796076938, 7.820788049176988, 4.734448205941864, 2.824641119153101]"
707,tVHA,6.0,0.370001250454,1000,0.0,-5.215937393711,"[9.42477796076938, 9.42477796076938, 6.882240221057614, 9.00624207051194, -1.0373836757424835, 7.7174557268098525, -0.46441975774269634, 0.21085857685252402, 2.42882183619409, -1.1282948257765728, 5.52711347361989, -4.593008983052727, -9.42477796076938, 4.009521857509736, -9.42477796076938, 6.431336231895381, 1.9315494705961693, 5.7335368727583775]"
708,tVHA,6.0,0.388064788183,1000,0.0,-5.215934133958,"[9.42477796076938, 9.42477796076938, 7.579615748066751, 9.42477796076938, -3.2075491373464953, 7.91912629734748, -0.3308371830926965, -0.22890509827445304, 2.8624821758720485, -1.4253244405000092, 3.32738566652377, -2.394830673936512, -9.42477796076938, 6.186522810358244, -9.42477796076938, 9.42477796076938, 2.0777614533666586, 5.4898292553166925]"
709,tVHA,6.0,0.406128325911,1000,0.0,-5.217175907375,"[9.42477796076938, 9.42477796076938, 3.897079946573183, 7.596342724792665, -2.680126170733663, 7.851592116660038, 0.15655844942570962, 0.42453991030349775, 4.024367052846162, -2.7367823508806053, 4.12972738585881, -3.347654840906332, -3.505122279318548, 6.392757911898618, -9.42477796076938, 9.42477796076938, 1.708359147966953, 9.42477796076938]"
710,tVHA,6.0,0.424156859983,1000,0.0,-5.217051328382,"[9.42477796076938, 9.42477796076938, 7.792272031962648, 8.066287055582158, -2.1449109600397653, 7.95536070934441, -0.5945505362737018, 0.27548812682908097, 1.405277260952042, -1.084050979452947, 2.4404666390577514, -1.6434888518072532, -9.42477796076938, 5.881461735043506, -9.42477796076938, 9.42477796076938, 1.9148858618250353, 4.8715256626737435]"
711,tVHA,6.0,0.442185394055,1000,0.0,-5.21558893388,"[9.42477796076938, 9.42477796076938, 8.033512721688842, 8.943768898101833, -2.4662795248243286, 7.4833669008968355, 0.19229529487885982, -0.6887527977428344, 1.951633288248968, -1.1768439768014813, 1.2905041186673412, -0.8335453418508577, -9.42477796076938, 5.424851337819181, -6.971234419754968, 9.42477796076938, 4.584732820762559, 3.219815872417894]"
712,tVHA,6.0,0.460213928127,1000,0.0,-5.218201464691,"[9.424777960769378, 9.42477796076938, 5.180075637202025, 8.690000521318725, -1.3948612929846023, 7.831850783918497, 0.7975694228255317, -0.4141161513258459, 2.3292160357910356, 2.0549623968725816, 6.761513925534226, -8.468522874244972, -7.381984964099184, 7.342219892714258, -9.42477796076938, 7.564661111731967, 2.9752764019400093, 8.553642276459147]"
713,tVHA,6.0,0.478242462199,1000,0.0,-5.218383688675,"[9.42477796076938, 9.42477796076938, 1.1602057594897204, 6.554635894859274, -0.8214866500051877, 8.11875490448497, 1.519276959078943, -0.48382998083301865, 4.230546504721786, -1.238742341199842, 2.859245077843239, -3.982983676477085, 0.8624212339593472, 5.810469914228985, -9.42477796076938, 9.42477796076938, 5.241407425989078, 9.42477796076938]"
714,tVHA,6.0,0.495908025331,1000,0.0,-5.21666113219,"[9.42477796076938, 9.42477796076938, 5.310466190784405, 8.502778478424458, -2.686775513386398, 8.19634278113626, 1.3306516943816729, -0.955268976845299, 4.642848299244319, -1.1364792036121267, 3.8629201080335074, -3.9881253755824417, -5.621637775048836, 6.733368770787714, -9.42477796076938, 9.42477796076938, 1.4552482201189347, 8.340803854187431]"
715,tVHA,6.0,0.513573588462,1000,0.0,-5.220989441463,"[9.42477796076938, 9.42477796076938, 4.185958743634803, 7.823110384242998, -4.400766855400814, 9.42477796076938, 1.3923576804385775, -1.580452807169625, 3.9878322653725076, 2.3845079790721915, 2.063069980207059, -5.872548478071193, -1.841289232862696, 5.1925919743031415, -9.42477796076938, 9.42477796076938, 2.345148662429275, 7.504895418546446]"
716,tVHA,6.0,0.531236084016,1000,0.0,-5.212394229616,"[8.297838821308815, 1.5109755906619355, 1.5519804640546797, 8.853973843104324, -4.190311669318003, 8.306959302027746, 1.5021004495851575, 1.0777591559836435, 4.328904974740865, -2.955199161099114, 3.6590285883959455, -3.1722910193025613, 1.9672506164351122, -3.996976845714249, -2.653834292675933, 9.42477796076938, 2.397517024733271, 4.571463686713761]"
717,tVHA,6.0,0.54889857957,1000,0.0,-5.218477317215,"[7.447078282557815, 9.42477796076938, 0.4858451532625345, 8.268356005767394, -3.1683331894477393, 9.42477796076938, 2.319170512201283, 0.9476124083825285, 3.833303507274615, -1.798332189785261, 2.710429998432311, 0.22101923956865516, 1.566503757533707, 1.0470234430931105, -9.42477796076938, 9.42477796076938, 2.379522357380213, 9.42477796076938]"
718,tVHA,6.0,0.566535579659,1000,0.0,-5.217272790378,"[9.327764495399123, 6.715534253099975, -0.09199855580333297, 8.457351991987776, -3.6220540356430906, 8.579267546255624, 3.0704741630340657, 0.7651933812249189, 9.42477796076938, -2.4089084646509265, 5.294123382343993, -7.440098300633274, 3.2892549778135516, -3.289377100499336, -5.391015070923245, 9.42477796076938, 4.607324672496931, 7.268468117074082]"
719,tVHA,6.0,0.584172579748,1000,0.0,-5.219944035863,"[6.129747229600233, 9.424777960769378, 1.0685901713315866, 7.809904321033507, -4.315498913168522, 8.79085409126648, 4.421920798193237, 0.3457736787741331, 8.800622772495998, -6.76800265855019, 4.339192027602202, -0.4236840349677019, 1.8852927229735668, 0.16218201750266373, -6.806798609779388, 9.42477796076938, 3.575274865716013, 7.107554997091574]"
720,tVHA,6.0,0.601809579838,1000,0.0,-5.214936780909,"[6.700968436876069, 9.42477796076938, 1.6168438032795611, 9.424777960769376, -5.278314078595382, 7.3372675279482955, 2.5369727187824678, 2.422749976564213, 9.42477796076938, -7.577593166642679, 4.096560981552248, -0.3218107951407823, 1.8067917008265968, 1.0153798036028856, -4.465280421792865, 9.42477796076938, 2.4755435235763072, 6.399254545630288]"
721,tVHA,6.0,0.619446579927,1000,0.0,-5.219785780009,"[8.86033124900772, 7.36324012988185, -2.6018830645318944, 9.248927167238543, -7.359520790930083, 8.967882669932385, 6.8038185475981, 2.384009115753646, 9.42477796076938, -8.897571085858791, 3.018457786255767, -1.4794923187622575, 2.281807686266955, -4.685019814415549, 3.1770132521261494, 9.42477796076938, 3.413904431927883, 1.879124713290991]"
722,tVHA,6.0,0.63664700518,1000,0.0,-5.213873562782,"[4.050575347889712, 6.062670195237898, -0.3949156429211796, 9.42477796076938, 0.47431043934284617, 5.0999668562617915, 7.049505598138618, -2.4946903561706835, -2.2470501088660466, 1.4511947578154154, 2.4216051105917176, 3.5275201477845486, 4.4486871567118875, -1.7856746106396324, 9.42477796076938, -3.038623077795682, 4.872416989512342, 3.0714563822715286]"
723,tVHA,6.0,0.653847430434,1000,0.0,-5.217471515972,"[7.099542391773301, 3.169258248546858, 0.4910488257051839, 9.42477796076938, -1.1155513459113997, 7.823360831203495, 6.8682940137724176, -3.2832629939783056, -2.1255616178030436, 2.2006619547104656, 4.2828103315870765, 2.638416133722818, 1.2885008327576377, 1.6530387904025334, 9.42477796076938, -6.148961966404147, 7.365645045353462, 2.7734919386073766]"
724,tVHA,6.0,0.670502878605,1000,0.0,-5.213467201317,"[-1.9071828362420258, 8.34223578047731, 0.23838029810406053, 9.42477796076938, -0.44989381445816246, 6.836544294486074, 2.365557752809454, 0.3259272459239885, -1.2425027807152538, 0.8755261035281026, 1.1999566336677698, 3.650014273144558, 2.9974432210054642, -0.704717370630433, 8.74816020658007, -5.964112168439327, 3.8312133992362494, 4.917760777036331]"
725,tVHA,6.0,0.687158326776,1000,0.0,-5.218245809294,"[-1.4284615028004495, 7.472670232334626, -2.2922411701952417, 9.11692362879188, -3.718637646555419, 8.622099126644077, -2.1052717381573, 0.99616934602565, -0.3378377689778378, 5.6089677728924165, 0.9274748960003283, 2.0956743971681404, -3.342389511122301, 9.42477796076938, 7.703864802238724, -4.624558247674718, 5.217691899895806, 1.835307502225769]"
726,tVHA,6.0,0.703176952948,1000,0.0,-5.213843142463,"[-2.9841469756617767, 8.304765059048016, -2.0710080487752522, 6.915696809185167, -4.549288581130692, 9.262376089771298, -1.7238474539796287, 3.372154108998871, 0.3305197289495163, 4.180162723878087, 3.185482702269269, -0.7312636528018055, -6.385650598009668, 9.42477796076938, 8.168143682682306, -2.455394542889096, 2.8007756258831877, 1.522570842423134]"
727,tVHA,6.0,0.719195579119,1000,0.0,-5.211803089147,"[-3.7414302594894036, 8.525941066376072, -2.2098432001360493, 8.319178077663791, -2.4937700308136153, 7.771160648271257, -4.1231553586260254, 5.752240557545487, 0.9724317184788214, 2.7689367644477816, 3.209766329013356, 1.0935792714492782, -3.3058989550425917, 7.484953078156466, 9.42477796076938, -5.350025384640082, 0.7787176761941705, 2.3832653465683453]"
728,tVHA,6.0,0.735063507221,1000,0.0,-5.210506618675,"[1.4747728676663143, 9.012308500304083, -0.1725688190837693, 7.624315555394222, -2.370798480712908, 7.191712124466859, 0.18008805753110146, 4.97746126388066, -0.18545638869891518, 2.2311319232392304, 7.011114730122906, -2.039919548745815, 4.145905248142018, -1.021990665205375, 3.4127238502022714, 1.5720048793360868, 3.8455088829626933, 0.6026357018793917]"
729,tVHA,6.0,0.750931435322,1000,0.0,-5.212032789002,"[1.1061227344209041, 8.457685964152565, -3.9963690810036727, 6.031038161738383, -1.6959554934227867, 7.192981732536472, 0.273092291138889, 3.949300146612914, 1.6324551483369427, 0.33061006731950987, 3.7914132205888063, -0.9903676040140139, 9.42477796076938, -5.50573516007268, 2.006859398118695, -0.48062233754982264, 3.140531022185496, 2.3950726964950193]"
730,tVHA,6.0,0.766769074103,1000,0.0,-5.211086782706,"[0.4728307300528029, 9.42477796076938, -0.7510628023960417, 5.627724581621724, -2.8708032494568894, 8.08505894267488, 1.869382193379971, 0.9795876577851252, -3.870096353627761, 6.47987845836582, 2.5637098889529275, 1.236845763849281, 2.5022264637230487, 0.6364911602548086, 4.563961342751163, -0.8256009425366336, 3.476373039358224, 0.7707017821452349]"
731,tVHA,6.0,0.782606712884,1000,0.0,-5.214426001006,"[8.120025280370172, 8.874497626995115, -1.5312692974973654, 8.669526613917819, -2.206318769483925, 6.433619664571253, 3.6730004341217537, 0.442234918339944, -0.9035253809349912, 5.656627376351642, 4.587145415020725, 0.5648226563026766, 0.7083267601231722, 3.6205995180239987, 5.91420869677892, -1.9241625493969399, 1.7958327940150702, 2.6095430551826992]"
732,tVHA,6.0,0.798444351665,1000,0.0,-5.214860514061,"[-1.3255797927450694, 7.830459054147888, -0.7242560689554712, 2.7140099254936905, -4.395126399428875, 9.098138344544134, 2.9962667512106655, 0.2842239271106387, -1.1325948912673505, 4.880711038893576, 1.31849919590646, -1.4019165900334543, -3.299290019566695, 4.597725567302879, 2.9694453169139066, -0.8382423100977036, 3.5094159464225827, 2.020661653660979]"
733,tVHA,6.0,0.814281990446,1000,0.0,-5.216606414792,"[-0.8539342610942005, 8.643355165775269, -1.5666349249123313, 6.912534757612825, -4.167290817682774, 7.29260083127885, 0.741491308016995, 1.6846718296262666, -4.590184713275949, 8.023168740137237, 2.5063576965472043, 0.01064789467045436, -3.434744464076812, 5.951391174537465, 0.36996069548075866, -2.886739323668783, 1.6889923833479086, 8.334352148954284]"
734,tVHA,6.0,0.82397955502,1000,0.0,-5.216239749009,"[0.1361740005975643, 9.42477796076938, -1.4693243305982215, 8.270346735104429, -2.2883984009137133, 6.238344654871806, 0.4441712042644541, 3.362651662455198, -4.133619123318187, 6.10049763076679, 5.0372798292929835, -0.029409562279163595, -2.3163597034961905, 5.007900099915452, 7.069977022001446, -2.8418994151709343, 2.048864942252231, 1.8864126165750057]"
735,tVHA,6.0,0.833677119594,1000,0.0,-5.216320667326,"[0.548116632871251, 9.42477796076938, -2.0485346525504387, 8.336762112236762, -3.064635473593259, 7.425543427643371, -0.03077292628251283, 3.155185828028459, -4.542071305961247, 5.436547041539033, 4.943150558635601, 1.075521554662602, -1.5178578131211244, 4.410738173260221, 5.957066112692163, -3.1613932551180493, 2.565504271768337, 2.6334757136456526]"
736,tVHA,6.0,0.843052784765,1000,0.0,-5.216569709035,"[-0.6278736397853004, 8.930782829627926, -3.271592029293388, 8.024418124269252, -4.394209775123446, 7.39828343289131, 0.9007517655610688, 1.0186885057685484, 3.5515613663081673, 7.4198948310064825, 2.6018173613234126, -7.4257801201419475, -1.2365273174186364, 4.857089782858873, 5.751895780242386, -2.9333023144564434, 1.4533545875317078, 2.2138669432871954]"
737,tVHA,6.0,0.852428449935,1000,0.0,-5.218791225795,"[2.7567143423664007, 9.42477796076938, -2.4873463913227645, 9.14764746727266, -1.6216493389869084, 5.410829758061967, 1.5617756004309808, 1.6991276704095317, -3.3731848274765914, 4.998990560062861, 4.198274201398853, 1.4499300019652095, -0.8710935689505659, 3.8989970084247996, 6.610242511634468, -2.708706192976277, 1.0119414768916886, 2.6820156984000754]"
738,tVHA,6.0,0.861116322494,1000,0.0,-5.218327822609,"[1.926885226752725, 9.42477796076938, -2.0937189915620396, 9.144967995409335, -3.036746447724523, 6.4806735186013125, 1.5590307858212107, 1.738448968035304, -5.306638114209266, 6.85056537688987, 3.9188166828711055, 1.8716476946029563, -1.0850038883219788, 3.9844519382085046, 6.368744407077127, -2.8006764459496702, 1.847254149263098, 2.7446807495350924]"
739,tVHA,6.0,0.869804195052,1000,0.0,-5.218422478605,"[6.191602522311008, 8.712709413251272, -2.1339633570957224, 8.237928333637678, -0.4911819157416383, 6.019907222627282, 3.825349777626279, -1.1961443469510074, -4.994094821219685, 8.689959499076839, 3.5027420930903563, 2.0165887773030002, 0.18954402684302585, 2.92492160715251, 5.032714667935904, -1.428330606840082, 2.9401164764777485, 1.9777153654715252]"
740,tVHA,6.0,0.87819268367,1000,0.0,-5.21917727435,"[2.5619063902842933, 9.42477796076938, -0.02682028904652707, 7.859420076619202, -2.9606671665731406, 7.130312656856239, 2.227221705343555, 2.8416029910027207, -6.668721239000304, 9.42477796076938, 3.014682703618856, 2.3421855107367717, 0.09142483588761952, 3.0394749385211783, 2.941268658252283, -0.26951691002714384, 2.3083569029641806, 4.34564114770204]"
741,tVHA,6.0,0.886581172289,1000,0.0,-5.220464669443,"[-0.06707350259295279, 9.42477796076938, 2.257490446165324, 5.723428305659032, -3.6656318161811567, 9.42477796076938, 5.1792648661929945, 1.3835678026287552, -5.198225479302662, 9.42477796076938, 3.6878324355308987, 1.3788357188433116, -0.6580806896940704, 3.755771015409726, 5.554781306890792, -1.6414205903895556, 7.059408195956653, 0.8848470907855903]"
742,tVHA,6.0,0.894848131842,1000,0.0,-5.219379131285,"[-0.7875732640428682, 9.42477796076938, -1.9966473206110613, 5.9607005391426595, -2.453014362089234, 7.944773064354647, 1.2705432945009432, 1.724195930421311, -5.310937688224895, 8.295878519914131, 2.651529218451868, 2.051754765825192, -1.471032686553196, 5.243831998402533, 5.353255229919855, -0.6630246414526578, 3.512694863324138, 0.2182447261832956]"
743,tVHA,6.0,0.903115091394,1000,0.0,-5.219038858039,"[-1.8044422953925379, 9.42477796076938, -3.1993820242972575, 5.791065563112433, -3.2143034724807236, 9.072631785984472, -0.37757805900700914, 2.2126700856947963, -1.1292579279749821, 5.7054311528402195, 2.637827099494496, 0.3319718056949387, -2.222187844808113, 6.172389784143844, 6.325296031941674, -2.09398934788147, 2.3343610134444033, 1.0326894439829721]"
744,tVHA,6.0,0.911382050947,1000,0.0,-5.219321141139,"[-1.5212948227755267, 9.42477796076938, -2.2500916589826296, 6.273014346390299, -4.097823045257661, 9.42477796076938, 0.5775947192157166, 2.3401013192703783, -5.584102839366205, 8.69921634776627, 3.7669227846432305, 0.8967083760801462, -1.4004866252461285, 5.119508343956808, 6.343078980293938, -0.7593276411369361, 3.2334657204641717, -0.44434610689957665]"
745,tVHA,6.0,0.9196490105,1000,0.0,-5.220020845788,"[-2.7491895220702904, 9.42477796076938, -1.73301252623115, 5.41516800161304, -4.46756395189318, 9.42477796076938, 1.4012071935128927, 2.767007499989979, -2.9858189721536457, 9.383185397313845, 3.899565292319614, -4.060542763338056, -0.3581277424766049, 4.169740621073457, 5.611647844198439, -0.497125785371286, 3.4248201095031288, -1.1476187352746152]"
746,tVHA,6.0,0.927617009057,1000,0.0,-5.21979720527,"[-0.6890437512578207, 9.42477796076938, -1.0666588217716537, 4.9005293919887905, -1.240862549221052, 7.603618095184441, -0.8303409298959419, 4.034634579141061, -6.2354078648729345, 9.42477796076938, 2.7294561767302055, 1.5565815534707845, -1.300825026804211, 4.841377427473901, 1.854548249513574, -0.7938255865888212, 5.443187413529457, 1.260615773144468]"
747,tVHA,6.0,0.935585007614,1000,0.0,-5.219543928075,"[3.7661362864804087, 8.688995036848759, -1.4597717131120376, 5.564561474858661, -3.9274586086463836, 8.869145080228057, 1.992916360049575, 1.8055058768530272, -6.012978093429629, 9.274267293655388, 3.080692991993133, 1.1797689372697442, 2.189837591362778, 1.578356798597293, 6.158649111076622, -1.7711747748630757, 2.9438871264457847, 0.7980836671342743]"
748,tVHA,6.0,0.943553006171,1000,0.0,-5.219361584397,"[-2.5217578763441404, 9.42477796076938, -2.122746662554324, 6.513351671442585, -2.1345688050080023, 6.685288998607563, 0.6737389681325527, 2.351414188964733, -5.571539081037594, 9.187784091626856, 2.821751932041957, 0.917016777338785, -1.2236346024025182, 4.688820353582368, 6.242181788674568, -1.9667887494416836, 1.863880975266258, 1.9799322937375354]"
749,tVHA,6.0,0.951521004728,1000,0.0,-5.220558995395,"[-6.72039539705215, 9.42477796076938, -1.9696507077832783, 6.103357289874291, 1.9269656033649993, 4.008643526974494, 1.3456077344029027, 2.6397381399840056, -0.2534820456484595, 2.5590845630999803, 3.309047246542072, 1.5313267572701768, 0.01719574492318842, 3.8579353429519716, 5.515336364582177, -1.492305039932062, 3.235676457687305, 1.19226472409778]"
750,tVHA,6.0,0.957982978339,1000,0.0,-5.220838298682,"[-3.723768080537953, 9.42477796076938, -0.29090347965990365, 4.504329743739051, -1.9952559366175833, 7.4733871304514645, -0.8281055107176738, 2.713697076041409, 2.0989792870531963, 4.148670830379313, 1.871363549772203, 0.15068474843570118, -0.24580863915473256, 3.6048773079272585, 2.3923120294224134, -1.6662634350046803, 3.9071271532955962, 3.0230869895267]"
751,tVHA,6.0,0.964444951949,1000,0.0,-5.220533100261,"[-2.766309650099104, 9.42477796076938, -1.6776523009673245, 5.0095570094377395, -2.7932872222901493, 7.893561650305152, 0.9231033728063646, 2.8009382643105303, -1.6771326451883135, 8.092989189849444, 4.208333204472427, -3.986448243166236, -1.8831927955877978, 4.978275829013609, 5.286986693716935, -0.981466535532379, 3.1243887604117235, 0.6794890731940754]"
752,tVHA,6.0,0.970906925559,1000,0.0,-5.220937434911,"[-4.021555495069568, 9.42477796076938, -2.5264278111878697, 4.517256131538142, -1.7044877758424826, 7.808915458064831, 1.7492321105823692, 1.2118271525116633, -5.331814893315052, 7.155615495828286, 3.709786280934172, 0.8040076988788639, -1.281089185929416, 4.213963512062071, 5.594803990166588, -1.721350545415643, 2.4993353395829687, 1.7793824500459643]"
753,tVHA,6.0,0.977368899169,1000,0.0,-5.221810722334,"[3.4210129011334085, 9.42477796076938, -1.8415222773041036, 3.247592819869504, -1.7789895011222823, 7.897973776471759, 1.583991634494193, 2.1774285937982105, -5.421592571684979, 8.797106574865476, 3.584670540789486, 0.04838280937162878, 2.804383708614424, 0.8800336268247588, 3.8182690885608292, 0.3446889920308399, 2.1011141179096375, 1.605739199049582]"
754,tVHA,6.0,0.981742567665,1000,0.0,-5.221724305897,"[2.8563624417575797, 9.217976099029404, -2.1217407248983817, 3.806116650047651, 0.72643078563839, 5.936403230279086, 2.861131292782713, -0.07023516978322195, -6.228010184167224, 9.42477796076938, 3.5256209634569062, 1.166889425301362, 2.813641373173793, 0.9294088533566538, 2.961011977014365, 0.8598144233041818, 1.1381552729213125, 2.8236708916450786]"
755,tVHA,6.0,0.986116236161,1000,0.0,-5.220874966491,"[-3.9735769136602723, 9.42477796076938, -2.6449699310330033, 5.2363912189002715, -2.1807204756970044, 7.872660480744289, 1.8213475067971994, 0.6401467517537044, -0.2822455141914031, 3.4311121437998624, 2.0467453667709417, 1.3926669076076452, -1.6083314023982938, 4.266066777275798, 5.307167950446738, 0.39426983376677494, 2.6204502738627733, 0.19170017490831204]"
756,tVHA,6.0,0.989683984122,1000,0.0,-5.220459125516,"[3.205954143912308, 9.42477796076938, -2.2253374723758688, 2.385876593012517, -1.7433106370693086, 8.644208884704744, 0.35517056057733504, 1.8170642620078026, -6.4599814212759386, 9.301322669168226, 2.4554652579834926, 1.5532189274850348, 2.10455282379003, 1.2285935282653768, 4.920912091266424, -1.8269926523547637, 2.988566384427275, 1.2761360198256537]"
757,tVHA,6.0,0.993251732082,1000,0.0,-5.223333699488,"[0.29423920152888916, 9.42477796076938, -2.8582219646218623, 7.026977918973365, -1.613976164369138, 6.56880955142788, 2.0069737531450786, 1.472699265956278, -0.5214699362730678, 3.082024554430955, 3.693919933333328, 1.8092746038211895, -1.4625130403220512, 6.023668615876089, 6.496974000217791, -2.025104187028968, 2.2227606214633315, 1.5079204147353147]"
758,tVHA,6.0,0.996259827523,1000,0.0,-5.222012385893,"[-4.303150368040205, 9.42477796076938, -1.9523961283486664, 4.536365287995918, -1.992211257819524, 7.195561626750309, 1.0038469625085606, 1.4479354526162584, -0.04954017669774073, 8.827636045698446, 2.6708383652190086, -4.255455476172499, -1.2850078780780763, 4.102027462887531, 5.091374457378796, -2.4211960163988735, 3.260824688929489, 2.070753972089313]"
759,tVHA,6.0,0.999267922964,1000,0.0,-5.221707864673,"[4.0730948484002365, 9.42477796076938, -2.6785896224577552, 2.091239810332154, -1.36362307542438, 9.101791146261125, 1.6840967637540984, 0.848260102737801, -5.6552585018619785, 9.355457410342453, 3.1048735654255326, 1.655707620973027, 3.2791863036737965, 0.916741332866045, 4.74196736743869, -0.409593062270709, 2.8095707044019647, 1.275057511050202]"
760,tVHA,6.0,0.999633961482,1000,0.0,-5.22251841127,"[-5.780828990352577, 8.309144800048134, -0.6048876741952134, 7.2466555518071, -0.822535608307712, 6.651880469505055, 0.4645028054372719, 0.8089951399128609, 0.05695489640090415, 5.237210996791793, 3.0005912434477393, 1.0247589720937749, -0.24649908907453122, 3.353978560742075, 1.3964309564784985, 0.712235939125937, 3.1744111443691354, 3.7470383233314912]"
761,tVHA,6.0,1.0,1000,0.0,-5.227811566528,"[13.302710421304443, 13.152946611861971, 14.006246269682613, 9.92023438648357, 4.572877537176481, 4.629455778447602, 3.816565580387483, 5.966888113481981, 11.528455386856955, 8.210758342340423, 9.358093038464299, 2.3514239516935156, 2.0223780401785327, 5.494844947649444, 8.8854816029326, 9.844452611690558, 2.328757915038512, 7.402297791035263]"
762,tVHA,7.0,0.0,1000,0.0,-5.186615670993,"[9.42477796076938, 9.156952027464156, 9.42477796076938, 7.937522876900448, 8.398191121615202, 8.340465907626305, -9.42477796076938, 0.847496186558632, -0.8234059011998798, 0.7396595260408951, 0.17926962706640717, 0.63472261699922, -0.9070405210874426, 0.9144160423487017, 4.926432360005238, 1.4968946796574043, 1.639751822514547, 1.78260896537169, 1.9254661082288327, 1.5754613804077346, 1.835109864607498]"
763,tVHA,7.0,0.026797978742,1000,0.0,-5.186617769162,"[1.93029127054674, 7.286329060342133, 9.312196842653783, 9.42477796076938, 9.286525399671234, 9.42477796076938, -4.5344423836849135, 0.5355358597753311, -0.9266996552361688, 0.7390104596565154, -0.7125010329497989, 0.4404912566396164, -0.20442844057897896, -0.02056677002768259, -8.844467920904988, 9.42477796076938, 9.42477796076938, -9.42477796076938, 9.42477796076938, -9.42477796076938, -9.42477796076938]"
764,tVHA,7.0,0.053595957484,1000,0.0,-5.186617718121,"[9.071582972876532, 9.42477796076938, 8.271211785189394, 9.148901551581574, 9.42477796076938, 9.42477796076938, -8.333333390910767, 0.3267475940672956, -0.3650543813691781, 0.5045355282666311, -0.34412773721669454, 0.561215054196986, -0.4141428671420826, 0.3091974047603977, -9.346734140688245, -9.42477796076938, 9.42477796076938, -9.42477796076938, -9.42477796076938, -9.42477796076938, 9.42477796076938]"
765,tVHA,7.0,0.080017711242,1000,0.0,-5.186652059349,"[9.184556859697125, 9.235613909040739, 9.42477796076938, 8.699530450510755, 9.191845890484377, 8.047996789417764, -9.42477796076938, -0.8500829849509827, 0.013179732338454977, 0.9292180110934048, -2.1337250522011617, 0.23710308132884322, 0.9504031178639867, -1.3370328622191336, -5.453997428780082, 9.42477796076938, 9.42477796076938, 9.42477796076938, -9.42477796076938, -9.42477796076938, 9.42477796076938]"
766,tVHA,7.0,0.106439465001,1000,0.0,-5.186617248097,"[9.42477796076938, 9.42477796076938, 8.740760737199498, 9.42477796076938, 9.42477796076938, 9.42477796076938, -5.302673125045873, 0.5208238241102758, -0.4140750444861474, 0.7009280205199454, -0.15159609002404734, 0.7079744395881602, -0.5221119295914372, 0.6217550016102611, -3.1223095026602863, -9.42477796076938, -9.42477796076938, 9.42477796076938, -9.42477796076938, 9.42477796076938, 9.42477796076938]"
767,tVHA,7.0,0.13096497634,1000,0.0,-5.186628063085,"[9.42477796076938, 9.42477796076938, 9.42477796076938, 9.42477796076938, 9.42477796076938, 9.42477796076938, -9.42477796076938, 0.9505638344550988, -1.1676137644243214, 1.246647645245873, -0.025497493894747262, 0.14386639501950332, -0.02787017900664751, 0.47024992814808564, -4.12079255360985, 9.42477796076938, -9.42477796076938, 9.42477796076938, 9.42477796076938, 9.42477796076938, 9.42477796076938]"
768,tVHA,7.0,0.155490487679,1000,0.0,-5.186617561799,"[9.42477796076938, 9.42477796076938, 9.42477796076938, 9.42477796076938, 9.42477796076938, 9.424777960769378, -1.076012841590544, 0.44413179875625175, -0.4746172312711469, 0.677826293845927, -0.3501801686194639, 0.6961838936932775, -0.4939037057565992, 0.4460902748941329, -9.209295483183498, -9.42477796076938, 9.42477796076938, 9.42477796076938, 9.42477796076938, 9.42477796076938, 9.42477796076938]"
769,tVHA,7.0,0.180015999018,1000,0.0,-5.186638538991,"[9.42477796076938, 9.42477796076938, 9.42477796076938, 9.42477796076938, 9.42477796076938, 9.42477796076938, -6.612079939090206, -0.8721527122205451, -0.15980713851650524, 0.7956475222811339, -1.9726644700549776, -0.03037748973891553, 0.6536881008023852, -1.2203868770722779, -8.85384255713651, 9.42477796076938, 9.42477796076938, 9.42477796076938, 9.42477796076938, 9.424777960769378, 9.42477796076938]"
770,tVHA,7.0,0.204541510357,1000,0.0,-5.186618553284,"[8.750350428916832, 9.42477796076938, 9.306818767575917, 9.42477796076938, 9.42477796076938, 9.42477796076938, -9.187418305745624, 0.23861764281818396, 0.3590339391695416, -0.3299368340728031, 0.059072661558583046, 1.3685596021062707, -1.3345721872449527, 0.8928494982632939, -9.371696323832321, 9.42477796076938, -9.42477796076938, 9.42477796076938, 9.42477796076938, -9.42477796076938, 9.42477796076938]"
771,tVHA,7.0,0.228254796663,1000,0.0,-5.209555388665,"[1.9279671583147886, 6.25966976924134, 9.42477796076938, 9.424777960769378, 9.42477796076938, 9.42477796076938, 7.746720686765787, -0.8259699119974593, 0.1548103316066834, 0.8171808712780408, 0.6032070170295636, 0.4167295526246309, -0.5476704804295641, 1.3740101291026154, 0.2095630373977923, -9.42477796076938, -9.257929862743767, -1.5851869937388592, -3.2387977326594175, -4.244162395873047, 6.868434965715478]"
772,tVHA,7.0,0.25196808297,1000,0.0,-5.209577644851,"[2.7814736506169773, 6.112767057345428, 9.42477796076938, 9.42477796076938, 9.42477796076938, 9.42477796076938, 7.65426099375676, -0.6455867874175838, 0.06349881694227577, 0.8002839329565464, 0.7193730293666579, 0.5525012022103726, -0.5987862210875929, 1.5523072053389646, -0.5898280086008169, -9.42477796076938, -9.05027793352139, -0.752680378248381, -3.4252356056675826, -3.486286186418285, 7.2545265062303095]"
773,tVHA,7.0,0.27317283102,1000,0.0,-5.210284957143,"[2.410219637016686, 3.8717841228985677, 9.42477796076938, 9.42477796076938, 9.42477796076938, 9.42477796076938, 9.42477796076938, -1.2918659892946882, 0.09730835014713965, 1.0151573674668568, 0.6406045018642489, 0.45208207544732815, -0.8320664806570285, 1.4752401351322755, 3.3177655020842733, -9.42477796076938, -9.42477796076938, 0.03423753213281061, -4.493815434963778, -2.7178765766820607, 5.557078103946232]"
774,tVHA,7.0,0.294377579069,1000,0.0,-5.211510166676,"[0.5015067670728799, 4.21010061686113, 9.42477796076938, 9.424777960769378, 9.42477796076938, 9.42477796076938, 9.42477796076938, -1.6961165728955807, -0.6774700073735527, 2.4492928977465516, 0.6264330547077193, -0.09164915510229799, -0.25663798761726964, 1.3111597076621822, -1.9790504336822816, -9.42477796076938, -9.42477796076938, 1.1845536826271221, -9.42477796076938, -2.2615236987193734, 4.433447835619516]"
775,tVHA,7.0,0.313938345443,1000,0.0,-5.210031783252,"[-6.047621150903085, 6.601472550494635, 9.42477796076938, 9.42477796076938, 9.424777960769378, 9.42477796076938, 7.024939711697337, -1.2147262586841157, 0.03543910988571465, 0.9221597623807116, 1.5857338185706538, 0.19205470231795693, -0.9230799977976097, 1.559493131363698, 0.9375661781817748, -9.42477796076938, -9.42477796076938, 0.06184756590719302, -2.9116831873079585, -2.1436460646124833, 7.4038824476380505]"
776,tVHA,7.0,0.333499111817,1000,0.0,-5.210509969011,"[1.9947068974873918, 5.649716840580606, 9.42477796076938, 9.42477796076938, 9.42477796076938, 9.42477796076938, 6.7398197980954295, 0.36864427048390064, -0.6260596860200063, 0.9645405133636669, 1.3907866429163147, 0.3870151468790869, -0.09383168212802206, 1.670446052934409, -6.114423524694596, -9.42477796076938, -9.42477796076938, 2.5551904558867746, -9.42477796076938, -3.6449328714823754, 5.913493828764066]"
777,tVHA,7.0,0.351750181136,1000,0.0,-5.215025580915,"[-8.385660078182092, 9.42477796076938, 9.263488729739908, 8.485179899455916, 7.069844896611656, 9.42477796076938, 7.046418389477195, -2.231862039627213, 0.12644555366158367, 1.0111626743150937, 1.8310390355351311, -0.05600780305310062, -1.0557161793811547, 1.0930039125345679, 2.292855831381941, -9.42477796076938, -1.04537950199184, -0.1717418905579489, -6.129305243347513, 9.42477796076938, 7.857158043007949]"
778,tVHA,7.0,0.370001250454,1000,0.0,-5.213638012989,"[-6.715553833608617, 8.946718218998843, 9.42477796076938, 9.424777960769376, 7.479916133740673, 9.42477796076938, 6.132947827694352, -1.4638575198977328, -0.11423515523360347, 0.7671685545343137, 1.5315117928452813, -0.691252521316891, -0.13780710728416407, 0.7861390483664188, 6.5702403117746915, -9.42477796076938, -2.831084833501224, -2.027175072503414, -0.7267843735805597, 7.847419652300361, 7.247315355952236]"
779,tVHA,7.0,0.388064788183,1000,0.0,-5.215428969906,"[-4.481299851130445, 9.42477796076938, 9.42477796076938, 8.925223273255618, 8.940573884078644, 9.42477796076938, 6.527882830503183, -1.0169669274884632, -0.21603565025187985, 0.30052686417691454, 1.670473499533434, -0.5394013011305006, -0.4881917613687261, 1.231401039411537, -4.802654445774252, -9.42477796076938, 1.7429691132952765, -2.719614599529339, -9.42477796076938, 9.42477796076938, 3.840620608013598]"
780,tVHA,7.0,0.406128325911,1000,0.0,-5.215139721576,"[-2.802740708071285, 9.42477796076938, 9.42477796076938, 9.424777960769378, 9.42477796076938, 9.42477796076938, 6.098433889843982, 0.557811260379637, -1.372776603244915, -0.2009140765196397, 0.9719520740962797, -0.3017614903146673, -0.3620208899412566, 0.9614337467333041, -5.693646311604944, -6.519130495229508, 1.3253453537232178, -3.199649102009519, -5.339706643537812, 9.42477796076938, 5.9004613419532514]"
781,tVHA,7.0,0.424156859983,1000,0.0,-5.218040163602,"[-9.288201258964772, 8.236651747053061, 9.42477796076938, 9.42477796076938, 8.654904528498239, 9.42477796076938, 7.272156513795288, -1.6555085431127585, -0.6594988835630958, 0.8699098374371657, 0.9883267602361079, -0.7362947951649008, -0.14017219453216007, 0.0785148919191607, 9.176739676001326, -9.42477796076938, -8.94659250340727, -0.41526851759365146, -7.440391186831616, 9.42477796076938, 6.126242250406753]"
782,tVHA,7.0,0.442185394055,1000,0.0,-5.215101787277,"[-9.42477796076938, 9.289111180914876, 9.42477796076938, 9.42477796076938, 7.851238430577031, 9.28734180751885, 6.123153396341288, -1.1180913749446026, 0.03636297450383255, 0.20583198155401822, 1.2073506061120503, 1.0732806790909954, -1.6093770681231896, 1.134740727460553, 0.9639521192793662, -9.42477796076938, -0.03387574210407309, -1.8415420043640176, -4.491206853275768, 9.42477796076938, 6.647231461287509]"
783,tVHA,7.0,0.460213928127,1000,0.0,-5.215159126202,"[2.3380366189282156, 9.42477796076938, 9.42477796076938, 8.395351228856068, 9.135424477029519, 9.392022125753043, 5.830680893267717, -0.4337652403182167, -0.00011954379093562228, 0.11009996619543035, -0.22914223856761426, 1.4100946549001623, -1.0475869320929598, 0.689765724725945, -5.207609134276391, -5.897712575665212, -0.6223112682842188, -2.936529492014911, -5.062145697289333, 9.42477796076938, 5.884176233137609]"
784,tVHA,7.0,0.478242462199,1000,0.0,-5.216164296755,"[9.42477796076938, 7.4900735427652005, 9.42477796076938, 9.42477796076938, 6.551219401653298, 8.672270083717489, 7.265179114656389, 0.30815533088120434, -0.5491354853554411, 0.1740502752325418, 1.3230497861384967, 0.6057450381000714, -1.0382347332816866, 1.2080316378283062, -4.673049734195542, -7.068980176788585, -0.3452153819693853, -1.6829693132928063, -5.73262297519069, 9.42477796076938, 7.247755169728617]"
785,tVHA,7.0,0.495908025331,1000,0.0,-5.217041887959,"[-8.30482320892591, 9.316175778998439, 9.42477796076938, 9.424777960769378, 6.289150433807082, 9.42477796076938, 6.6288912486608575, -3.4882864636786413, 0.5657512730156872, 1.8953491052189146, 1.547286898250003, 0.5395314185395826, -1.0990370726844079, 0.5834272710839498, 6.076267155329428, -9.42477796076938, -3.7426743676926693, -0.3257931026413375, -4.80965295943516, 9.42477796076938, 7.817826919786057]"
786,tVHA,7.0,0.513573588462,1000,0.0,-5.220066920147,"[9.42477796076938, 9.42477796076938, 9.42477796076938, 9.42477796076938, 3.895443919778059, 5.817177616198003, 7.2108652926322465, 0.30486166232018097, 0.16098213934742744, 0.35538628369251807, -0.06506195453466483, 9.42477796076938, -9.00714328667231, 0.9943631162887147, -5.974906787062814, -3.757568994367929, 0.7423000728832667, -2.8420851027182277, -2.614268888627634, 9.42477796076938, 8.183562787863421]"
787,tVHA,7.0,0.531236084016,1000,0.0,-5.212230039349,"[4.439140297321115, 1.5713056890514518, 9.42477796076938, 6.426775615936588, -0.267803618853578, 9.42477796076938, 2.7778816986953414, 0.7263656633393896, 0.9121539124123487, 2.998451798303896, 2.227999231918539, 7.823679843854347, -9.42477796076938, 3.00658490784058, 2.183129811536639, 0.079866018168436, 0.03326107649112106, 0.4878832839465663, 0.8982869484145057, 9.42477796076938, 4.32540068018303]"
788,tVHA,7.0,0.54889857957,1000,0.0,-5.220705435057,"[9.424777960769378, 7.42384393940609, 0.3073271067276664, 4.323028801800469, -0.7579962705132688, 9.42477796076938, 3.524471363945379, 4.002505342336873, 0.26132314902680165, 7.04545383577085, 1.3797315734619495, -2.0845217666815525, -3.893944669618951, 5.978608972107832, 3.6286894599076938, -2.5044537869605907, -9.220289001336269, 9.42477796076938, 7.101065402424686, 6.92072495971233, 2.5812868064653136]"
789,tVHA,7.0,0.566535579659,1000,0.0,-5.215738284854,"[-2.993174873508152, 9.42477796076938, 2.8992961457604727, 9.42477796076938, -2.3499878593841297, 9.125764445624926, 3.2943881987046026, 2.568099383559945, 6.4487972614476625, -0.2826593125328427, 0.7535970337444133, 9.42477796076938, -7.039928585540443, 4.005547128018428, 1.6325439787486085, 3.5454916240179983, -7.686930634362378, 9.42477796076938, -1.997471298832605, 9.42477796076938, 7.473075247584983]"
790,tVHA,7.0,0.584172579748,1000,0.0,-5.216830981312,"[7.888462925784614, 9.42477796076938, 1.9907520028267571, 2.5415665174451956, -0.44099313624068404, 9.42477796076938, 4.809636569040148, 1.6634373383811278, 1.706204929160651, 2.9980289353199154, 1.1162683490046907, -1.7524044150717915, -0.9553878461627674, 4.928716915073141, 0.4529624473753894, 1.4689118376568744, -7.015106740439261, 9.42477796076938, 9.42477796076938, -3.615567943008195, 5.3013912050022745]"
791,tVHA,7.0,0.601809579838,1000,0.0,-5.212512179122,"[8.96053347528934, 2.1507501575704797, 3.6585351542568265, 9.42477796076938, -1.272516041750153, 9.42477796076938, -1.5244775689979042, 4.248468862281797, 1.9931146444032413, 1.2604285007963867, -0.07835845736469886, 5.774731080625033, -3.571481751060446, 3.636122410809619, 1.8892693791495718, 4.286000776097014, -6.935463411813981, 9.42477796076938, 9.42477796076938, -1.2436418198815173, -1.3596656695789817]"
792,tVHA,7.0,0.619446579927,1000,0.0,-5.215567303136,"[4.572970992459955, 8.595341395294692, 2.7187165428646267, 5.131504344171365, -1.367544553713631, 9.42477796076938, 4.394867954267233, 1.2076281935444744, 3.1069878149914847, -0.14469482781476117, 1.841271588809822, -0.8327529740434897, -0.29642160222348557, 5.325433417416176, 1.241946677037415, 2.053582688792583, -6.5720776805501355, 9.42477796076938, 9.42477796076938, -3.0638524600674426, 3.406236055674725]"
793,tVHA,7.0,0.63664700518,1000,0.0,-5.214668585696,"[5.382079122400448, 6.972719640533063, 1.1443242521261063, 9.42477796076938, -3.155773184607823, 9.42477796076938, 2.4189936983189972, 2.4865590955786168, 3.1851894089356376, -0.9102972250460636, 1.3288549287159448, 4.29084864134083, -2.7681640474142863, 4.120137469487894, 0.05885487944615799, 3.999064689209271, -5.2994100573399185, 9.42477796076938, 9.42477796076938, -1.0819541295166935, 1.9804593926267446]"
794,tVHA,7.0,0.653847430434,1000,0.0,-5.217565376753,"[9.42477796076938, 7.816545888535723, 0.47869980812085, 9.350644047944014, -1.0075248677025777, 7.958849276717995, 3.4563880258948636, 2.09228803241656, 3.3564102169615344, -2.0269475647215422, 2.0310533974761205, 0.5961487915339275, 1.3702303747235989, 4.848827376831603, -0.6392929833655489, 2.826065466143006, 9.42477796076938, -6.862714520110161, 9.42477796076938, -0.052877592734917656, 2.8453133517967673]"
795,tVHA,7.0,0.670502878605,1000,0.0,-5.213489904983,"[1.4107682859486508, 4.853341510756962, 0.7861310631662259, 9.421390685526402, -2.260936511162504, 8.358366059110558, 3.0172867553758342, -0.25827931212267363, 3.9137677742242585, -2.211727571409491, 1.7516305329637785, 1.6541828636558362, 0.5097268211224, 2.9299941005744135, 0.5831948755320431, 2.1199138374128106, 8.898930980862904, -7.610242659007795, 7.010419615234577, 2.6950895131657044, 2.3440715059928108]"
796,tVHA,7.0,0.687158326776,1000,0.0,-5.217009819894,"[3.985676970349359, -5.109447653279652, -0.9678785993577699, 9.42477796076938, -3.3837613440165697, 9.42477796076938, 5.885266079477368, -2.350964200006064, 4.072290806704914, 0.398803241401096, 1.5686377265260105, 2.2968882352828826, 0.30948191614227666, 1.3800575909542012, -2.5801359222050393, -0.5885725526968733, 9.232552400945075, 1.482810420160305, 8.216445073532064, -4.65953655238723, 6.1530422546708845]"
797,tVHA,7.0,0.703176952948,1000,0.0,-5.212551458496,"[-7.639930583591062, 8.369218259839606, -1.1058706056448653, 9.42477796076938, -0.8975334036697271, 8.511225238795294, 3.408653857551358, -6.158124664439123, 1.8966291374757511, 2.608273871566216, 6.164227958791333, 0.9434170926501966, 2.919121071481879, 2.474684187806259, -1.5841560506793493, 5.0092688299473425, 9.42477796076938, -6.352991807061052, 2.573514491633328, 3.8673134733384815, 3.3021035615799206]"
798,tVHA,7.0,0.719195579119,1000,0.0,-5.212081995376,"[-9.178426406902023, 9.42477796076938, -0.78464302644156, 9.42477796076938, -3.228667761887026, 9.42477796076938, 0.4329296474672735, -0.3783489644716944, 4.004419568683801, 3.763684788499705, 1.3681922449527544, 1.8797206763634615, 0.41446591813281053, 2.816330988463422, -0.8497110477757257, 5.246373934034465, 9.42477796076938, -5.78588786923023, 2.5266368423352272, 3.7676967954968945, 0.3266035194496145]"
799,tVHA,7.0,0.735063507221,1000,0.0,-5.20988897809,"[6.08258359240142, 9.321592634305858, -0.24633344426047504, 4.963641849836028, -4.044622719974448, 8.57110225244768, 3.2555590856651726, 1.8862377281884009, 3.4049679639406705, 1.4038554994962777, 2.0037741878841215, 0.9661211587263685, 0.08942928611718766, 3.535443981143681, 1.9097618294587555, 2.9951726872329534, 4.142794090943244, -0.5039851493174211, 4.049275386107616, 0.5031589252003097, 1.3737386334827313]"
800,tVHA,7.0,0.750931435322,1000,0.0,-5.212832318543,"[-2.9474143931990655, 5.865210428956198, 0.00575143822353965, 8.292234453282944, -2.1975137362316226, 5.3546005126683625, 5.115155281166285, 4.536156187825747, 2.289113111299095, 1.3732860172595938, -3.6735232208493613, 3.1180543417350486, 1.7051800587127448, 2.0847746290332747, 1.6144004565468442, 3.6181804879908905, 9.42477796076938, -8.830080742662751, 2.665861943791553, 2.500201467635604, 3.1821086940698473]"
801,tVHA,7.0,0.766769074103,1000,0.0,-5.211624023642,"[3.0837483056053347, 8.30184054540058, -1.1542253400295093, 5.183769932710506, -4.881247665771477, 9.42477796076938, 3.998689304567955, 1.8857453164005653, 2.773969133810165, -0.04384211173355913, 0.566705885318698, 3.185097184798878, -0.07083121893754965, 2.32765136653672, 3.4772949986911943, 0.35202522775915635, 5.5671963612298505, -1.2474569610591815, 3.9277322398203145, -0.8967763828619434, 1.3431292699883002]"
802,tVHA,7.0,0.782606712884,1000,0.0,-5.212300366086,"[0.30696362915780373, 9.42477796076938, -1.3981714290560259, 7.352349945539748, -0.31622301499479527, 4.9522643618558595, 2.66966999328562, 1.3956629870185693, 2.9839202380615566, -0.056750196901735245, 1.604124969863408, 4.371166793504733, -0.5187593334221401, 1.9893184071467465, 7.982112610160263, -3.4251144685839905, 7.525262939264477, -4.857229511698778, 3.8533763716747185, 1.5696693698115112, 0.2172199152930852]"
803,tVHA,7.0,0.798444351665,1000,0.0,-5.214323110063,"[-0.6951988381869095, -1.2755623562739187, -2.0390943571622597, 2.3601579053823603, -5.174619934814163, 9.42477796076938, 2.6457485865298, 7.380567357678455, 2.2963055019700285, -0.7243995827812223, 8.622184396918703, -6.482032331795503, 1.7753082083458755, -6.0060867113469785, 2.5165152866487346, -2.060543418878563, 5.199032256735842, -3.3537983038846666, 3.11115549254541, 2.4989027263903, 1.015177974506849]"
804,tVHA,7.0,0.814281990446,1000,0.0,-5.217128254403,"[2.3043330754352302, 9.021649128301249, -1.7862070954555156, 4.104070673383281, -3.86227943744816, 9.065810310975344, 2.71632451415134, 2.270880987919044, 1.9889228717541618, 1.3895132260622076, 1.2492399419651206, 1.6968357063179191, -0.3283895049504655, 2.9355511541149624, 7.432051224708517, -4.340978395452304, 6.241697310048961, -2.9912491832792467, 2.614440580775022, 2.4682707598296743, 0.9988607893816428]"
805,tVHA,7.0,0.82397955502,1000,0.0,-5.216967434515,"[-0.07817646003609599, 9.42477796076938, -1.0894277322624752, 9.42477796076938, -6.04802499621405, 9.42477796076938, 5.100783821726172, 2.969225401660368, 0.7329439964902333, 1.6589142126992518, 0.40240118278141684, 2.8117754236401424, 0.2156182335298018, 4.506157314860168, 5.544733067728753, -2.382893509690736, 7.200099639482021, -4.421969619352398, 4.610592368644669, 0.7351520262824618, 2.152623068197008]"
806,tVHA,7.0,0.833677119594,1000,0.0,-5.215579074843,"[1.489532992171526, 7.853365112944264, -2.83984521231717, 9.42477796076938, -6.743309779692505, 7.984607133432142, 5.299241148703453, 0.16593993167469157, 2.000423844766223, -0.19939292087719898, 3.168009014202963, 1.8827772749753202, -0.139763289123512, 2.569366389609128, 4.510518316781339, -0.7989959847135881, 6.421244457545479, -4.471524662410833, 1.9254468867140617, 1.8404550071688313, 2.6666855293025957]"
807,tVHA,7.0,0.843052784765,1000,0.0,-5.217163709665,"[-6.782532117556984, -5.412837363069496, 0.10921377288215361, 9.42477796076938, -4.47580450996343, 7.077104525355809, 4.838869794313698, 6.6241059624548, 3.64485477666384, 0.3155092187292467, 2.550204332190299, 0.19036722711005877, 0.32101460945178023, -3.5629848743697616, 1.3844873901820163, -1.2136809098859591, 7.181588852506035, -3.452179224404661, 5.416230366163111, -0.04175040982227589, 2.3094133011474245]"
808,tVHA,7.0,0.852428449935,1000,0.0,-5.213744112693,"[-0.6964410306896354, -4.2597542528378884, -0.45617567238534673, 4.587754142557792, -4.032285695960008, 9.333201479156758, 3.2785144570748352, -0.14412808574548508, 3.1167926585822174, 0.06033099677464571, 1.3849459796499946, 0.5490950013679005, 0.6434735074453349, 0.7768190367039977, 4.646273253149021, -4.298030180675195, -0.23638062791277914, -2.7064021648211543, 1.9899168362119644, 6.513143557691641, 2.312207783906212]"
809,tVHA,7.0,0.861116322494,1000,0.0,-5.216299903168,"[-2.047454876574844, -7.338853205854419, 0.26209624394780395, 9.42477796076938, -5.560864708231874, 8.132568078173506, 5.508719127866248, 0.9926040921105533, 2.472860801482688, -4.2287074272239344, 6.2632750407401705, 0.4342034748181675, 0.8804296496364867, 0.6689563010798198, 2.274893318918941, 0.11940342820125383, 7.110220524023611, -3.8532989787562957, 4.33774511600397, -1.0086188586785645, 1.8743181274536105]"
810,tVHA,7.0,0.869804195052,1000,0.0,-5.215515873786,"[-2.8674547980676004, -5.237432038019646, -0.5923375926559561, 9.42477796076938, -5.292634346558048, 7.61428680979105, 4.439966446831566, 3.216347702455605, -0.10872004054126624, -0.14333190724919123, 3.89648046176489, 0.19686161874112842, -0.6920766483212646, 1.0970314703175315, -1.9501554813179527, -0.31536220616665434, 6.437496853481486, -2.70194131142509, 5.709187872402507, -0.49706147700943976, 2.825312560132297]"
811,tVHA,7.0,0.87819268367,1000,0.0,-5.217649138993,"[9.053907139860769, -9.42477796076938, 2.5900261194425616, 9.42477796076938, -2.6317801276799533, 7.814113723023474, 4.339570702488581, 0.017633089452749925, 3.698308683154383, 0.6616742771295272, 1.906657755838925, 0.43933585497092154, 1.1070194723971576, 2.382706319489858, -0.2580384536028202, 2.439294626584305, 4.6280479263789545, -1.2045349599472726, 4.517181646430313, -0.4280137344007274, 2.627905279177921]"
812,tVHA,7.0,0.886581172289,1000,0.0,-5.219856043027,"[1.6721012238887023, 9.351228950052615, -1.646150404523128, 6.153315816172876, -4.501110024332179, 9.101830388334683, 3.3359168509835437, -1.4865499317480195, 3.808236853681425, 0.3085982539606059, 3.8258873034661347, 0.6048865326931765, 2.7087432241346043, 1.9796552343554956, 5.304806033000881, -1.6163392737117699, 5.242373138572608, -1.9878535056311946, 3.214689408634536, 1.9596532805825064, 2.0742227747393103]"
813,tVHA,7.0,0.894848131842,1000,0.0,-5.219124795632,"[1.3243675609049903, 9.42477796076938, -4.389239416893202, 4.278909541179476, -2.4529628879637944, 9.273152199731225, 3.8359386338327806, -1.0441505821817758, 2.6218306544970016, -1.2718224196750834, 0.7016415557237075, 2.8982700816607245, 5.569240513993094, 0.8866126741696361, 7.5502840787540375, -3.4916704232149494, 6.264821390403127, -3.402173135457183, 1.8546506661974178, 2.652613454917027, 1.9326980029063572]"
814,tVHA,7.0,0.903115091394,1000,0.0,-5.220238179372,"[1.5613442576586989, 9.42477796076938, -2.4557532636999992, 6.701622433846809, -4.289503289092947, 9.115376901820316, 3.4251828833751654, 1.1599989357499667, 2.528843295756038, 1.7711147391335553, 0.5102301425399967, 2.462006968403371, 2.5720787005002697, 2.0556877655418653, 6.496843269251769, -1.9877446316227083, 6.12305083848634, -3.6187518420152793, 2.4982177819876723, 2.9009438860996934, 2.092668350730374]"
815,tVHA,7.0,0.911382050947,1000,0.0,-5.21975224579,"[1.3604391138420406, 9.42477796076938, -1.7781893982455292, 3.0951880621458727, -3.0343394049318473, 7.955605122343455, 5.665172420807576, -0.9363515972913388, 3.2907692467707395, -2.306423890107847, 3.331522740006717, 1.2607140705283517, 3.8918457886473865, 3.073768617533161, 6.6418704458477205, -3.3911366725677743, 3.7030570312336453, -3.8000156670383296, 2.656873773555279, 3.6820741676794393, 4.208070025811169]"
816,tVHA,7.0,0.9196490105,1000,0.0,-5.220374669252,"[0.969919852646951, 9.42477796076938, -2.6677369278698, 9.42477796076938, -7.000889362721316, 9.42477796076938, 4.281870314367212, 6.631390160522363, -4.325681111024097, 2.4583134867337177, 2.1189104583855327, 2.8686235866198797, 0.5149157206224118, 2.012379455430528, 5.878981661066023, -1.7381041650209113, 6.524691418972716, -2.893253280683498, 3.762324906192708, 0.9031371828725574, 1.3438175325825812]"
817,tVHA,7.0,0.927617009057,1000,0.0,-5.220035566883,"[6.684458076074813, 9.42477796076938, -1.8440761661525298, 5.630658997559713, -4.1068406835770634, 8.146783540427474, 3.4531529950467643, 1.1596653840681275, 1.3834264549164488, 4.912884835325866, 3.5349186586291217, 0.7069147796843078, -1.8136994270965943, 2.163385762407348, 0.8863737006073628, 3.3647541816272426, 5.052683040211765, -2.401947588657173, 3.4152293311807753, 0.8975047505854212, 1.4930105724647953]"
818,tVHA,7.0,0.935585007614,1000,0.0,-5.219915291335,"[2.2359670175293913, 9.42477796076938, -1.8400579078438533, 5.149142749334056, -4.456182847565824, 9.15136491916854, 3.244269672328707, 9.385589669096378, -6.752043907567225, 2.4843070324269414, -0.5829506036516782, 2.2850170982985345, 3.370775444749255, 1.0662044021842179, 5.969905873052889, -1.9038605736354992, 7.039514048973267, -2.970930044622687, 3.1095501128803025, 0.8881717059940369, 0.6602091851493318]"
819,tVHA,7.0,0.943553006171,1000,0.0,-5.220287251772,"[1.5243692530986033, 9.42477796076938, -2.8766120008643865, 6.328612332652559, -4.970941231057395, 9.42477796076938, 3.273891931833573, 1.7739727181420673, 1.6647331526329938, 2.488957344932023, 3.9760711441428676, 2.2077687658747873, -2.2177836811407134, 2.324667603037092, 4.494927076801348, 0.21509023096896884, 4.980595761914412, -2.0268171538284623, 4.671424988624047, -0.2123527990407777, 1.0329070705412706]"
820,tVHA,7.0,0.951521004728,1000,0.0,-5.2195196568,"[1.2234906431829875, 9.42477796076938, -2.6698283283127706, 8.22997443972709, -4.814524103291163, 9.266427907881123, 2.3732503270105543, -5.955014884588627, 9.00141659246521, -0.1744072888491811, 3.408815026299866, 1.2338156035011436, 1.8985494953557858, 1.447208406398473, 4.380742883883666, -0.6045572783329081, 4.701983870857287, -1.777999743222188, 3.5335507743321575, 2.2872322306591846, 1.4771502205211693]"
821,tVHA,7.0,0.957982978339,1000,0.0,-5.220754637527,"[1.797637606455253, 9.42477796076938, -3.4455791636738207, -0.3356886612603116, 5.389690942643464, 6.183482805810611, 3.895934239366457, 1.9597784699068954, 0.07761744043986021, 1.8352653868285704, 4.565907672556257, -0.2915400350841127, 1.6861002803287013, 2.408186068572459, 6.502246462941865, -2.0228139325273897, 6.95882246683184, -2.0769411424151336, 0.26431312253500094, 2.243661094095078, 2.5239284541607074]"
822,tVHA,7.0,0.964444951949,1000,0.0,-5.22044719264,"[2.0340413553739523, 9.42477796076938, -2.052445436224389, 6.065122366126735, -3.762718532102242, 8.548356502139224, 2.6207942807832803, -1.3739512678688275, 3.1915547095291323, 1.2800385043899192, 4.1170361718417094, 0.4942716366103987, 2.0471360732152695, 1.271510461221381, 4.36401604313529, -0.4248091252558945, 5.249091114493813, -1.3029962504025403, 3.359300604718741, 1.2137801650871012, 1.3450066400168712]"
823,tVHA,7.0,0.970906925559,1000,0.0,-5.221612272038,"[1.9747589919944482, 9.393302205923636, -1.35084544400023, 5.41852717332732, -4.3905730594942405, 9.42477796076938, 2.573569745746627, 1.114365796403635, 1.5278017378091293, 1.9881841113078362, 3.3100135961197807, 1.4237377438632792, 1.1573846559010215, 1.8448929180708327, 5.628526401223835, -1.830277080886721, 5.434226371982521, -2.580824151703591, 3.7623487001180576, 2.1516005771819495, 1.2667087217064106]"
824,tVHA,7.0,0.977368899169,1000,0.0,-5.221938721383,"[2.028209558003118, 9.42477796076938, -1.926869166521939, 6.015767916591898, -4.339756324505506, 9.42477796076938, 4.119728755632955, 9.138918105834673, -6.62075688803174, 0.022093021330734475, 2.335909459109123, 2.1440535162605565, 3.2862367522177998, 2.8917721847595357, 6.109718656397048, -1.826165640017396, 5.9982900336527365, -2.9942409718544667, 3.078946288950819, 1.7588867327181752, 2.86597771332816]"
825,tVHA,7.0,0.981742567665,1000,0.0,-5.222037370726,"[5.851143176976823, 7.739187759506812, -2.304755939334523, 6.138080193856144, -3.984577360979598, 9.313276026379725, 3.0361651163282937, 1.347214979105031, 1.5277130228823839, 1.3299853836253637, 3.9007657487755747, 2.4728919499713813, 0.7240424372863679, 1.9718666036650787, 3.4955199923525173, 1.1504820680649221, 3.144113912583969, 0.08780395837971006, 4.951943070919922, 0.6906241927659147, 1.7612866616148408]"
826,tVHA,7.0,0.986116236161,1000,0.0,-5.222059132803,"[6.393286255692345, 9.42477796076938, -0.9563089435907841, 2.704707392090336, -4.267110859939048, 9.092034539646978, 2.6507761550116777, 1.9855060046396633, 2.3083661229515995, 1.4799428325672666, 3.3433907821052333, 2.31721514467592, 1.0411577573648167, 0.7927057508494286, 3.33102415964606, 0.8066820794929906, 3.964666135510241, -1.0231947985076184, 3.3352546327596757, 2.902381869835546, 1.197774489060159]"
827,tVHA,7.0,0.989683984122,1000,0.0,-5.22181078575,"[2.0280933926109292, 9.42477796076938, 0.24485039073342368, 6.108382324567939, -3.3822533115332316, 7.4121223320570335, 3.421935775543941, 1.4471194011016064, 0.2330334996588217, 2.852533742042903, 2.379377387581467, 2.5345828825492642, 2.3625615043294395, 0.5501343410378985, 3.738180570774025, 0.016074415470679213, 3.664677743027222, -0.27517707948802994, 3.6927831735848375, 1.9683911228082729, 1.9091936575068154]"
828,tVHA,7.0,0.993251732082,1000,0.0,-5.222912333788,"[0.6444072672842225, 9.42477796076938, -1.4429911220891447, 9.42477796076938, -2.915253421945673, 8.35097671847504, 0.15142605269041634, -3.956576320579704, 7.242068775924913, 1.5032127646480702, 2.484521634203777, 1.7573739015768708, 2.3643285281974666, 1.2334894485980183, 3.807037825770184, 0.42808765074694377, 5.889357895754766, -3.0535154896673937, 2.999994775321695, 3.8426189866044456, 0.2158758245875123]"
829,tVHA,7.0,0.996259827523,1000,0.0,-5.222255733465,"[3.9239760140075455, 9.42477796076938, -5.057530074382615, 7.159100998740724, -3.8406432793075633, 9.400115048967862, 3.585438117971104, 6.289946530307095, -4.625350541869552, 1.8601697339129726, 1.1755708961593938, 1.6289852135950778, 4.855111929207922, 2.090681673072569, 3.4911303556625786, 1.2735484127451453, 5.9485981359945255, -0.5058781723940602, 2.709523894069151, 0.37332185616055175, 1.3121953539763154]"
830,tVHA,7.0,0.999267922964,1000,0.0,-5.222267010074,"[2.5550862561089493, 9.42477796076938, -1.764891558519197, 7.224050007795491, -2.812172205377646, 7.6000135267948945, 3.1892514462181936, -0.46257317841696044, 3.8321203723654413, -2.5120147597105094, 5.433469316442383, 1.1050726863790292, 4.811590624413561, 1.9087637104813426, 3.8705881748221156, 0.6233244547597928, 4.031818519005261, -1.5179911332696658, 2.2639475451609874, 4.244118652404417, 2.158657166608127]"
831,tVHA,7.0,0.999633961482,1000,0.0,-5.222127406261,"[-0.5490504426595879, 9.42477796076938, -2.3146734885971663, 9.42477796076938, -3.796558467927457, 7.777690604224363, 5.280592995474181, 1.5761477680846894, -0.3385788258408602, 4.159342073807688, -1.2467856576817096, 2.7078075518868094, 3.7156804069302054, 1.8174499124393761, 4.759987630898598, -0.5584135473833314, 4.723945266320671, -2.0945384127821196, 4.633436560703614, 0.06290585513941976, 3.054418994964621]"
832,tVHA,7.0,1.0,1000,0.0,-5.221894967376,"[2.733174753919772, 9.42477796076938, -3.0292754128554815, 5.321716140983261, -4.414432668942089, 9.42477796076938, 3.1350071544981453, -0.18319824740243856, 2.968964128298211, -0.38833485874883694, 4.5899354742590095, 2.3421663486112596, 1.8991949765266583, 1.322031811463324, 5.122796089203867, -1.0990759927492835, 5.985216856680966, -2.641886298315692, 2.784136027054007, 2.781399507321288, 1.4884496641240985]"
833,tVHA,8.0,0.0,1000,0.0,-5.18661226426,"[-4.733794635591205, 9.42477796076938, 9.42477796076938, 9.42477796076938, 9.42477796076938, 9.257250512384577, 9.42477796076938, -6.632415229444831, -0.367888559981136, 0.5168029149659427, -0.06564199549695168, -0.020615658404820207, 0.5466288252950039, 0.05698744839708131, -0.412515289534245, 0.5538471533190847, 0.0018482364231289239, 5.783158505521074, 1.8984308612519445, 2.0234308612519447, 2.1484308612519447, 2.2734308612519447, -1.7784808262817338, 2.003477243646562]"
834,tVHA,8.0,0.026797978742,1000,0.0,-5.18664704866,"[-8.298640214242429, 9.42477796076938, 9.42477796076938, 9.42477796076938, 9.42477796076938, 8.861709087505904, 9.42477796076938, -4.505657452888027, 2.493628310358617, 0.2420224371691641, -2.9379813748549313, 0.9789279737691328, -0.8342403666943, 0.56064124094966, -0.05609873694230874, -0.001103235000922187, 4.08946384660537, 9.42477796076938, 9.42477796076938, -9.42477796076938, -9.42477796076938, -9.42477796076938, 9.42477796076938, -9.42477796076938]"
835,tVHA,8.0,0.053595957484,1000,0.0,-5.186615472289,"[-8.667166586964377, 9.42477796076938, 9.42477796076938, 9.42477796076938, 7.236416242221902, 2.971734066830632, 8.013165122665123, -6.600756536244463, -0.8156011048976748, 0.5424289983831891, -0.08974381879123461, 1.149683340776169, -0.45904699396456605, -0.05590636570007189, 0.006155140134212627, 0.30491084752683284, -1.115588296520589, -9.42477796076938, -9.42477796076938, 9.42477796076938, 9.42477796076938, 9.42477796076938, 9.42477796076938, 9.42477796076938]"
836,tVHA,8.0,0.080017711242,1000,0.0,-5.186623175603,"[-8.755747280903922, 9.42477796076938, 9.42477796076938, 9.42477796076938, 9.42477796076938, 9.42477796076938, 9.42477796076938, -7.809062974201713, -1.1983854682846482, 0.884318501778262, 0.2839970631303751, 0.43375879030417447, 0.9284822529713015, -0.516042501703653, -0.013004947684849192, 0.5710047366715436, 6.086646946416286, 9.42477796076938, -9.42477796076938, -9.42477796076938, 9.42477796076938, 9.42477796076938, 9.42477796076938, 9.42477796076938]"
837,tVHA,8.0,0.106439465001,1000,0.0,-5.186619860833,"[-8.65786681595252, 9.42477796076938, 9.42477796076938, 9.42477796076938, 9.42477796076938, 9.42477796076938, 9.42477796076938, -8.6953575832629, -0.31043621613572897, 0.8363145624893299, -0.6709871845081787, 0.510718921467189, 0.7902582095052763, -0.5249641536339043, 0.07054747365426005, 0.4020385167223357, -2.109390521087092, -9.42477796076938, 9.42477796076938, 2.31287317777314, 9.42477796076938, 9.42477796076938, 9.42477796076938, 9.42477796076938]"
838,tVHA,8.0,0.13096497634,1000,0.0,-5.186625761023,"[-5.090394201662667, 9.42477796076938, 9.42477796076938, 9.42477796076938, 9.424777960769378, 7.6944206198419405, 9.42477796076938, -3.484802694728955, 0.25160027875666496, 0.6787024020894199, -0.9192110966519433, -0.06169486952681617, 1.422143512833056, -0.5924640048126308, -0.4207440037383728, 0.7241027090213663, -5.655604447576838, 9.42477796076938, 9.42477796076938, 9.42477796076938, 9.42477796076938, 9.42477796076938, 9.42477796076938, 9.424777960769378]"
839,tVHA,8.0,0.155490487679,1000,0.0,-5.186622037919,"[-9.424777960769378, 9.42477796076938, 9.42477796076938, 9.42477796076938, 9.42477796076938, 9.071604341274433, 9.42477796076938, -0.31282709786592267, -1.1486081708931666, 0.45948951159415574, 0.6017518686907699, -0.126879417039209, 1.4595373017852196, -1.5011404099078665, 0.7092726570547818, 0.03633282189766156, 5.967923394147209, 9.42477796076938, 9.42477796076938, -9.42477796076938, 9.42477796076938, 9.42477796076938, -9.42477796076938, 9.42477796076938]"
840,tVHA,8.0,0.180015999018,1000,0.0,-5.186624554356,"[-9.161352443779524, 7.978837483161904, 9.42477796076938, 9.42477796076938, 9.27474406007309, 6.004484846164253, 9.42477796076938, -9.42477796076938, -0.860097484009968, 1.4267928782920922, -1.1518492518264507, 0.7862947636702141, 1.272099258495883, -0.4234953027325156, -0.9115201948050983, 0.957697486925279, 6.9280556557614155, 9.42477796076938, -9.42477796076938, 9.42477796076938, -0.12180233180239242, -9.42477796076938, -9.42477796076938, 9.42477796076938]"
841,tVHA,8.0,0.204541510357,1000,0.0,-5.186615637066,"[-7.341988384600036, 9.42477796076938, 9.42477796076938, 9.42477796076938, 6.736998849371304, 9.42477796076938, 9.424777960769378, -2.393739335055983, -0.37819267498747455, 1.3696411599560596, -1.2222920398580572, 0.774806373426871, 1.2474353419861406, -0.46848531184274034, -0.6848685934271362, 0.9333456722176406, -7.22257982389867, 2.7520756769240933, 9.424777960769378, 9.42477796076938, 9.42477796076938, 9.424777960769378, 9.42477796076938, 9.42477796076938]"
842,tVHA,8.0,0.228254796663,1000,0.0,-5.209953402418,"[7.363240054744761, 1.9220812769883842, 9.42477796076938, 9.42477796076938, 9.42477796076938, 9.42477796076938, 9.42477796076938, 8.783056557126535, -0.6104249770966399, 0.7135468603718744, -0.8531877784755602, 0.8802431931876125, 1.7514590625264521, -1.3533349354239927, 0.24037867151654876, 1.5878855997028696, 1.1781538984252884, -9.42477796076938, -9.42477796076938, -2.65419666700042, -0.02240916323801101, -6.695880169802672, 0.18443257665917723, 7.356326846255406]"
843,tVHA,8.0,0.25196808297,1000,0.0,-5.210358103911,"[4.275526898103908, 1.229243459962519, 9.42477796076938, 9.42477796076938, 9.42477796076938, 9.42477796076938, 9.424777960769378, 9.42477796076938, -0.7690721408905938, -0.0709739680102509, 0.3531960267219285, 0.34540702988952166, 2.4863594657533143, -2.6117867051857653, 1.4305708020557308, 0.7614191053841506, -0.03297575386938093, -9.42477796076938, -9.42477796076938, -3.8145345694184636, -0.3182024057307466, -9.42477796076938, -0.08721482205501818, 5.450349810997941]"
844,tVHA,8.0,0.27317283102,1000,0.0,-5.210637001293,"[-0.09343451698849659, 4.5711282077222135, 9.42477796076938, 9.42477796076938, 9.42477796076938, 9.42477796076938, 7.484539879943006, 9.397941036710211, -1.2246713236973212, -0.3051759509350659, 1.3879261554677487, 0.5980330620339389, 1.811503775372338, -2.485928473815395, 2.175345589479666, 0.2725801131169882, -2.4003793095240047, -9.42477796076938, -9.42477796076938, -2.3755470842850634, -2.2181682751157172, -9.42477796076938, 2.2011120608102916, 4.60458951772253]"
845,tVHA,8.0,0.294377579069,1000,0.0,-5.209322026645,"[6.670948779675485, 6.58175119660836, 9.42477796076938, 9.42477796076938, 9.42477796076938, 9.42477796076938, 4.464454614937415, 9.42477796076938, -2.2082480111653573, 1.6276101432177528, 1.2879364665947841, -0.20735962303330674, 0.06868341173553874, -1.503808005054418, 9.408115936920943, -7.276602070116537, 2.2216293797806914, -9.42477796076938, -9.42477796076938, 0.8839068772327732, -2.119498125251021, -5.726488583600402, -0.9946259040478698, 8.776738670248395]"
846,tVHA,8.0,0.313938345443,1000,0.0,-5.209596372398,"[0.9098058032097937, 5.610623565129023, 9.42477796076938, 9.42477796076938, 9.42477796076938, 9.42477796076938, 4.781669650544831, 9.42477796076938, -1.9537144241956026, 0.018643229775768252, 1.6843866534180192, 0.5718924560856338, 0.3797471024047777, -2.9915860465012063, 9.42477796076938, -6.9259080392723975, 9.42477796076938, -9.42477796076938, -9.42477796076938, 0.2861045490525374, -0.0771210411430696, -0.00045105785640499677, -1.7937033355259955, 9.42477796076938]"
847,tVHA,8.0,0.333499111817,1000,0.0,-5.210631613331,"[-3.795074766631219, 5.82220912217789, 9.42477796076938, 9.42477796076938, 9.42477796076938, 9.42477796076938, 3.946016838169924, 9.42477796076938, -1.6699462907145999, 0.9064139151301847, 1.3711882548809318, 1.3321619677249052, 0.23305137275477078, -1.2475441368428923, 9.42477796076938, -7.6157171185807035, -1.5744068412636998, -9.42477796076938, -9.42477796076938, 1.0397267727235968, -0.576817095546813, -9.42477796076938, -0.8408044365487728, 9.42477796076938]"
848,tVHA,8.0,0.351750181136,1000,0.0,-5.21373414878,"[-9.42477796076938, 9.42477796076938, 9.42477796076938, 9.42477796076938, 4.5173598774283015, 8.432119594275012, 0.4414298762511874, 9.42477796076938, -1.8028883541724694, 0.826048748113373, 1.6916832373368513, -0.5685944175580779, 9.42477796076938, -7.767083638639615, 4.268516827556789, -3.8599753051597467, 2.523454942443209, -7.406828418207528, 2.1199295421598174, 2.3716666211309736, -9.42477796076938, 9.42477796076938, 6.157446835179304, 9.42477796076938]"
849,tVHA,8.0,0.370001250454,1000,0.0,-5.214160859152,"[-9.42477796076938, 9.42477796076938, 9.42477796076938, 9.42477796076938, 7.247620365943432, 9.42477796076938, 1.2277134209432008, 9.42477796076938, -0.8102650858669915, -0.25400511725954733, 1.3980895071154067, -0.9242134972960009, 2.963146766189084, -2.391999601341609, 3.040849256570864, -2.0025017472101236, 2.2614309472062226, -9.42477796076938, -0.22644630505955443, 1.1101732469306187, -9.42477796076938, 9.42477796076938, 1.0876942232058986, 9.066365217731821]"
850,tVHA,8.0,0.388064788183,1000,0.0,-5.215234439777,"[-9.42477796076938, 9.42477796076938, 9.424777960769378, 9.42477796076938, 7.456742291532947, 9.42477796076938, -0.5607362846860019, 9.42477796076938, -2.343024469473644, 0.21475692649166656, 2.0177011963761906, -0.8739431609804938, 3.073700535917024, -1.583912681636889, 3.94893002520295, -4.096742241558132, 3.862498009382769, -9.42477796076938, -0.8580418513452044, 2.92859139949043, -9.42477796076938, 9.42477796076938, 2.012995146206036, 9.42477796076938]"
851,tVHA,8.0,0.406128325911,1000,0.0,-5.216528546999,"[-9.42477796076938, 9.42477796076938, 9.42477796076938, 9.42477796076938, 4.887878865496587, 9.28800509249429, 0.34668833998940984, 9.42477796076938, -1.1601952610608857, -0.535917498420218, 2.327959717229249, -0.19096448971875088, 0.5268501765648504, 0.416771379199095, 5.014082523412551, -4.942492033145818, 5.422996582673144, -9.42477796076938, 0.072740695704209, 2.911182343435915, -9.424777960769378, 9.42477796076938, 4.9242334608060805, 9.42477796076938]"
852,tVHA,8.0,0.424156859983,1000,0.0,-5.215977648518,"[-8.714024900827845, 9.42477796076938, 9.42477796076938, 9.42477796076938, 4.133138368114274, 6.129371377763115, 0.7724046969409784, 9.42477796076938, -0.5212859423718046, 0.37817947497875226, 0.9297528070896159, -1.20029074813684, 8.13730862586909, -6.7178803971776855, 2.4835912695789806, -2.2245607417593, 3.3251755115638595, -5.798841431559923, 1.868950771782931, 4.761857021998965, -9.42477796076938, 9.42477796076938, 7.817579641699043, 9.42477796076938]"
853,tVHA,8.0,0.442185394055,1000,0.0,-5.215739592233,"[-9.42477796076938, 9.42477796076938, 9.42477796076938, 9.424777960769378, 8.481923779184068, 9.42477796076938, -1.225230714044867, 9.42477796076938, -2.478115214682378, 0.7364391966153727, 0.5744142855040195, 1.6348178546131709, 1.874376433817997, -1.8095727377471025, 3.7262047912072553, -2.9423688354302713, 6.931210200004279, -9.42477796076938, -1.9353499534445862, 2.3223405252018514, -5.589863225881761, 9.42477796076938, 3.1532703047438173, 8.343639286545212]"
854,tVHA,8.0,0.460213928127,1000,0.0,-5.215903812508,"[-9.424777960769378, 9.42477796076938, 9.42477796076938, 9.42477796076938, 9.42477796076938, 9.42477796076938, -1.9118292913517028, 9.42477796076938, -2.113979433727521, 0.22339542934812184, 0.9303283504997282, 0.31763373943744166, 2.7821968712521015, -1.6563148012473579, 5.044870315572908, -4.612922266554109, 8.083434095809224, -9.42477796076938, -0.1188526207920831, -1.5527399207326802, 0.05167466826342759, 9.42477796076938, 6.021155825708465, 4.657116013810341]"
855,tVHA,8.0,0.478242462199,1000,0.0,-5.216507661131,"[-9.193488449684194, 9.42477796076938, 9.42477796076938, 9.42477796076938, 9.42477796076938, 9.42477796076938, -0.6219448249639159, 9.200888249859052, -4.445470710683794, 0.13139318361713476, 4.298668211967601, -0.012312061318554548, 0.8489789538059173, -0.21766563002329575, 2.3915850518246793, -2.339833058851696, 9.42477796076938, -9.42477796076938, -1.6107123914344745, 0.5428508625205164, -0.10909437689576262, 9.42477796076938, 6.497350155831803, 5.928003842599938]"
856,tVHA,8.0,0.495908025331,1000,0.0,-5.216135925755,"[-9.42477796076938, 9.42477796076938, 9.42477796076938, 8.806446582931901, 9.42477796076938, 9.42477796076938, -0.43636336779888607, 9.42477796076938, -5.803755241123618, 0.5598808025006456, 3.572602120515957, 2.4893545311780247, 0.40530633208258515, -1.4232886207539484, 2.5584580195862463, -1.8282370391444864, 5.392344375858068, -9.42477796076938, -1.7039206814385301, 2.7966108763115667, -6.6109293159366125, 9.42477796076938, 8.431826349076745, 1.6314429087124098]"
857,tVHA,8.0,0.513573588462,1000,0.0,-5.218110184228,"[-9.42477796076938, 9.42477796076938, 9.42477796076938, 9.42477796076938, 8.381982070421108, 9.42477796076938, -0.7435518546979876, 9.42477796076938, -4.314501899939757, 0.3471513672008963, 3.3164024044278797, 0.3525683444661937, 1.5376921498455662, -0.3729762182988392, 3.1755637021225316, -3.626627299544152, 4.910840147399631, -9.42477796076938, 1.3323189265877495, 1.7511667697566327, -4.253301183756911, 9.42477796076938, 5.557013749220795, 6.6525672674261855]"
858,tVHA,8.0,0.531236084016,1000,0.0,-5.211931925822,"[3.9872037547808037, 9.42477796076938, 6.734160613181901, 6.077283372492688, 2.712508134359528, 7.948745308136687, -1.8100798752121714, 9.42477796076938, -0.24628012331901528, 2.1307598118178026, 0.4026714217916251, 1.905069901199384, 9.424004243359914, -8.577523229155904, 6.563844526766142, -4.564030179087021, 0.9153344584028059, -0.11442412180722414, 2.2481619783442777, 2.0252151570414303, -7.495011649955685, 9.42477796076938, 3.3548575890587617, 7.916964314995959]"
859,tVHA,8.0,0.54889857957,1000,0.0,-5.213352615685,"[-1.5877837852581456, 3.5355351089663274, 9.408679073067457, 5.764646190632498, 3.7229388124602503, 9.42477796076938, -2.4514387764713508, 3.611817263798426, 9.326513469017772, 4.534078628077064, -4.580498455230362, -0.8678415221407326, 3.3818171408112914, -4.177175130741807, 6.076732019006377, 3.0417307774061144, 4.803935034593134, 1.849363228202523, -1.894067630644508, 1.1265555683508692, 9.42477796076938, 2.54750849136959, 2.130206973771398, 0.36742544251025033]"
860,tVHA,8.0,0.566535579659,1000,0.0,-5.214042516353,"[5.148518240179492, 4.373860354178445, 4.757431187342557, 7.863956940479816, -2.6717885889479485, 9.42477796076938, -3.808282206072403, 9.42477796076938, 4.6268871656222155, 3.0075959798136056, 1.9564186708063627, -0.3864883135370763, 9.42477796076938, -9.42477796076938, 3.5436168311268608, 0.31133588355541864, 5.63184586584046, -2.6316473879122406, -6.841901765811192, 9.124835960718617, -5.39020010200923, 9.42477796076938, 6.19986891088538, 5.201459236346373]"
861,tVHA,8.0,0.584172579748,1000,0.0,-5.216408236312,"[4.238916142746305, 6.803486031084683, 6.110253075038781, 6.0110799650045745, 0.3038457703311825, 9.096219489432741, -1.9485354189563957, 9.42477796076938, 1.8985661906111493, 2.6537320124961243, 0.9360037031396151, 0.5068451362319577, 9.42477796076938, -8.920613282712033, 3.476954075467956, 1.032667576519244, 1.4790547457925296, 0.5678168545152202, -2.478482058813536, 7.078725585540157, -9.370277037026764, 9.42477796076938, 3.7089679237492086, 9.42477796076938]"
862,tVHA,8.0,0.601809579838,1000,0.0,-5.212062611364,"[5.156980248731351, 5.613333385664662, 4.490647274068195, 7.7705954501553425, -3.2742218320362992, 9.127901730659522, -3.264577265852592, 9.42477796076938, 4.114919371932659, 2.8488277310074768, 1.18888117341673, 0.18455324061291767, 9.42477796076938, -7.9597392757425265, 3.9983838635767874, -1.8582801598910812, 3.7547703203648632, -0.009513910182616343, -1.0645053739955084, 1.60459405770998, -4.0776751624875995, 9.42477796076938, 8.283457712440097, 3.667461467418618]"
863,tVHA,8.0,0.619446579927,1000,0.0,-5.218335020387,"[9.047993991774517, 6.180781582877636, -0.6416519438575237, 6.397061738837463, -4.631604689717786, 9.073892218841115, 8.388409350914955, -1.3909140082805753, 2.7049536521040025, 2.86014819756079, 4.97160686566845, -4.2387652159619345, 3.0798982693123955, -2.5110942829124374, 0.007538612022509994, 2.9732419512531543, 3.534597196606242, -7.704614083104994, -7.889600558131904, 9.42477796076938, 9.42477796076938, 7.621642143901941, 2.2303059037136905, 0.5609395386210232]"
864,tVHA,8.0,0.63664700518,1000,0.0,-5.214447846521,"[9.42477796076938, 9.021656328862207, 0.7767961360297878, 6.45645902862832, -1.654358101390652, 9.248200152037205, -3.767414096688343, 8.607405014948721, 3.860700283827777, 0.49718815407596106, 7.077092849980259, -4.566239693666297, -4.27599569098359, 2.2410980862693455, 3.8083931024388913, 3.1154876391907234, -0.5507338635163708, 4.421412787048566, -7.782987378629451, 9.42477796076938, 9.424777960769378, -1.8349057938276074, 3.8311269270385746, 2.878302176420091]"
865,tVHA,8.0,0.653847430434,1000,0.0,-5.218450390726,"[9.42477796076938, 8.787692038612715, -0.2529069886700917, 7.358839161341999, -1.2417829966671428, 9.233692953710912, -4.999505699283303, 8.81165268504126, 6.393043528025943, -0.8433083492722208, 8.630025771325773, -5.389977912874221, -2.1634063269315114, 3.727836003109598, 7.085311693051856, -2.8912276624562914, -1.1976695123752774, 4.350229869760924, -8.391291480517747, 9.42477796076938, 9.42477796076938, -3.0707662931362814, 2.792666363921394, 6.054353082012563]"
866,tVHA,8.0,0.670502878605,1000,0.0,-5.213353189216,"[-0.6364614782739402, -9.188986744976969, 2.269186933462793, 9.42477796076938, -4.191152674072163, 9.42477796076938, -2.652571686601246, 8.732172738480859, 5.163092460466923, -3.3656424754059637, -1.0635749593287098, 2.625225805325165, -1.1999193284160872, 2.248320159785925, 1.3779636170522145, 0.7458137248195278, -0.6794308617335841, -8.077447323170961, 9.42477796076938, -5.5248288213682555, 9.42477796076938, 6.805209327217749, 3.262477554991735, 1.8736706315543556]"
867,tVHA,8.0,0.687158326776,1000,0.0,-5.216508695424,"[-8.970496626961278, 5.187404469147396, 0.9382839114546745, 9.42477796076938, -5.712247478294758, 9.42477796076938, -0.6732333947366391, 8.848748121602231, 1.3405420519190439, -1.1220890231000362, -2.5564449539841005, 6.424997022109441, 0.44465384521858453, 1.6940275080472555, 1.930494553633426, 0.6916565906508638, -1.2913624716402108, 3.068161891692223, 9.42477796076938, -0.9784562596676173, 6.0930370415891995, -4.776276711355813, 3.219518214030117, 5.490016274836066]"
868,tVHA,8.0,0.703176952948,1000,0.0,-5.212274369838,"[6.840014612808225, 7.715315169720249, -1.0252719315651477, 9.42477796076938, -2.925936704480156, 9.42477796076938, -0.6318081972372184, 8.399851190130674, 2.544864167412294, 0.3772536959086119, -5.606032694139319, 8.468104123408995, 2.819680768893755, -0.2607664716494672, 2.4047313943816553, 3.739235540151104, 0.19734732006243372, 3.4234634687363483, 9.42477796076938, -5.476366205212337, 3.1580577488737704, -0.6866027853704286, 3.2991179199164153, 5.524345682366422]"
869,tVHA,8.0,0.719195579119,1000,0.0,-5.212066216204,"[4.897398605121171, 9.127618164380028, -2.376004081639005, 9.42477796076938, 0.12491531338946896, 8.897728674919405, -3.086835735550555, 5.350183977038035, 6.40176022872518, 0.5059803314166857, -4.863300360153536, 9.255576502305825, 2.872950052927078, 0.39146486037609196, 5.744179179578689, 0.8286034365895307, 5.366546626655648, 0.6421185471954785, 9.42477796076938, -3.632807843961877, 2.105082913639268, 3.433802803583175, 1.3540124303232097, 1.5821039411106075]"
870,tVHA,8.0,0.735063507221,1000,0.0,-5.20948909534,"[3.0833240516142397, 9.42477796076938, -0.8719205443024779, 9.0095506141564, -2.976168581158819, 7.126891176804932, -5.183153716064, 9.126336267668568, 3.005793461512714, 1.8394267969735767, -2.803151421227576, 6.983531797150684, 1.5921019083506898, -0.24090715534365797, 2.814857201036637, 1.3233335404995143, 4.649581414208476, 0.321463494037082, 4.210495517585898, 1.1018353541608996, 4.581723521483825, -0.16412548449974296, 0.8281225825613967, 1.4168757979846052]"
871,tVHA,8.0,0.750931435322,1000,0.0,-5.212087339695,"[2.231017106176909, 3.57221093879791, 0.26112754983805975, 9.227582493835847, -4.584248105626547, 7.756529986624281, -1.3195950642401089, 7.309584123643259, 2.433530383654493, 1.4746151689649873, -6.978565682858942, 9.42477796076938, 1.1735082948561724, 1.524550560006304, 2.2537842653731337, 0.8954191300115084, 9.42477796076938, -8.443012192821389, 9.42477796076938, -4.810589056567862, 5.160562145931101, 0.2839851243808187, 1.9037863165336415, 2.376404195415909]"
872,tVHA,8.0,0.766769074103,1000,0.0,-5.211646225622,"[3.3641794535991867, 8.839638343404557, -2.45025878426022, 9.42477796076938, -2.8508248299116143, 8.403775792837598, -0.051077811028504394, 5.593774272720783, 4.167733825250368, -1.4679464745926742, -6.409922497540718, 9.096579610225225, 2.4357386927368534, 0.512972772727952, 3.126522158299614, 1.3241782811149345, 3.6008076602015846, -0.5755814683488675, 7.080956046773531, -1.5784831303834057, 5.098705373819097, -2.342046723296404, 1.7340989397115671, 1.9470214085763025]"
873,tVHA,8.0,0.782606712884,1000,0.0,-5.212284868896,"[2.073259430842872, 9.297126435532046, -3.1882508006730808, 9.232847551398109, -1.890284724960793, 6.420519824770038, -3.0081306076462297, 6.77586616822708, 5.681134586501548, -2.636249890228161, -3.3262937756090976, 5.792655702604634, 2.480306582875415, 0.4413872872898439, 2.2662697529086495, 1.2797038886208894, 6.382909226151032, -1.7888387314165899, 8.773246287478575, -3.961671850667982, 3.8364008452143494, -1.2646721059746997, -0.45933930755815555, 2.5405853205055395]"
874,tVHA,8.0,0.798444351665,1000,0.0,-5.217776372891,"[9.42477796076938, 9.42477796076938, 2.6422565021206648, 3.72611318325315, -2.838995336391763, 6.35355010909854, -4.182662196161599, 9.42477796076938, 2.1755780141310628, 7.185476667626076, -9.145239113496242, 9.42477796076938, 3.332334512783696, -1.1860567009280434, 4.043222221963724, -0.579110876431453, 0.08769439127391049, 3.202143606501865, 0.6198968600158161, -4.015223943912107, 5.246216182978838, -0.8369731961556021, 1.068252121553722, 7.512691541691083]"
875,tVHA,8.0,0.814281990446,1000,0.0,-5.215399864752,"[-1.33721692296802, 9.42477796076938, -3.4834734432689665, 3.543322010784558, -3.1026553265593817, 9.42477796076938, -5.907693735378741, 9.092775891909497, 0.6205060898852022, 2.0372442885289623, -6.934626930272456, 7.414995260476357, -0.991035967725081, 1.7188119879481734, 3.5752803171677003, 1.3580986150010959, -6.027612444508433, 8.793877098446627, 6.977715359207482, -4.012975307377445, 0.322196601250069, -0.20964711648601586, 0.0385456870869286, 4.725354484346427]"
876,tVHA,8.0,0.82397955502,1000,0.0,-5.215514402505,"[1.0891172413785017, 9.42477796076938, -3.282996904146997, 7.694211133863985, -4.779819835956276, 9.402915909965042, -1.1174759813665163, 7.176023934710278, 0.02822095855115475, 2.5320150511379778, -7.287982298279299, 8.50259883921172, -0.7127815721372621, 1.608650364252901, 5.54826098265133, 0.8184093709632423, 4.795513072450406, -1.5683226255756202, 6.676076844687133, -4.623910768389068, 2.0121366321581973, 1.386055253563151, 2.4136721549646705, 1.7800057759001842]"
877,tVHA,8.0,0.833677119594,1000,0.0,-5.21571431076,"[2.821441014207, 9.42477796076938, -2.868066839199682, 3.539605646818182, -1.790004825192188, 8.531719301130435, -4.514984600410644, 8.259728718121137, 0.7677129832521881, 3.111185844797312, -7.160558852156627, 8.39341175367794, 0.05587385792615394, 0.8960510017374088, 3.4570477067104104, 0.9719607016371383, 6.523053104288472, -3.7882536553002146, 6.6272424989559315, -4.162223056895517, 3.3111628561998954, 2.0036925656734983, 0.894931581092332, 1.2365708673631983]"
878,tVHA,8.0,0.843052784765,1000,0.0,-5.215725682522,"[-5.863037713964664, 9.42477796076938, -3.075159774222901, 8.831467757567633, -6.069765142169192, 8.905502613384986, -5.196991969132704, 9.30390264628435, 4.2890953963015335, 0.7196394386518989, -7.061997827324086, 9.42477796076938, 2.4999476995027523, -2.8749616201211494, 1.8370922503177396, 0.7845054917793869, -1.239638361234893, 3.6092699601584637, 7.707555227599295, -4.72401550719697, 2.367998332593788, 1.4707191013626004, 1.8461941137563653, 1.6323268332562546]"
879,tVHA,8.0,0.852428449935,1000,0.0,-5.217441804964,"[-1.3472751010908635, 9.42477796076938, -3.731184552132907, 9.42477796076938, -4.425966212989589, 9.42477796076938, -6.9947989541192594, 9.191255391625926, 1.6171921600755952, 2.1233201647158744, -8.186517230028752, 9.42477796076938, 3.3201931474431583, -0.5637271962440887, 2.8586418235514968, 0.6202979568577098, -2.366754550458421, 5.985518333178966, 6.379283637056487, -3.0038626101311783, 3.0441290007146584, -1.2182002857846115, 0.5182381800442145, 3.662274582427615]"
880,tVHA,8.0,0.861116322494,1000,0.0,-5.21587567087,"[-2.0474152334716615, 9.387194389570997, -2.782292758940425, 1.0471723048834338, -1.689013898628089, 8.855519649779243, -3.948834791313115, 9.143129403006723, 2.715734984587414, -0.6267244480461057, -8.065871568472634, 9.05634484737045, 0.7727537634589838, 2.079296154055924, 3.1633348925755658, -0.813180808567614, -3.6029978646615746, 5.1311527003119615, 6.543198347285454, -4.43688616383109, 2.5543973315960735, 0.06230653604416199, 2.450937652175357, 2.432372874733974]"
881,tVHA,8.0,0.869804195052,1000,0.0,-5.216868349355,"[-0.7150728408114698, 9.42477796076938, -2.2906812472697053, 9.205009958722394, -4.622070441903815, 8.216977879425793, -5.612802674735497, 9.424777960769378, 3.9622284208868823, 0.36115676200238056, -8.963721377913096, 9.42477796076938, 4.825757700720487, 0.6313624339400316, 0.9157963039023381, -0.07475803252436497, -0.8797365539646116, 3.880752165198146, 4.366150691676578, -2.913800607867362, 2.6172736372116168, 1.9017265893321165, 2.1264993646645625, 2.276330294910834]"
882,tVHA,8.0,0.87819268367,1000,0.0,-5.218222320066,"[3.0681668555422057, 9.42477796076938, -1.8223788079072571, 7.996994059865666, -5.060957868550226, 9.42477796076938, -6.738886002618948, 9.42477796076938, 3.3107569040086267, 1.07462867676528, -5.157541217440132, 9.42477796076938, 3.46846957955945, -1.5720173428977213, 1.8479380787674478, 1.4433406927638686, 6.174507598582366, -2.5042554392774585, 6.031457912190897, -2.365053242585091, 3.555253503095681, 1.413989895176593, 0.434188318106872, 1.8129364324983164]"
883,tVHA,8.0,0.886581172289,1000,0.0,-5.218866396983,"[-3.1550292282388925, 9.42477796076938, -3.567643184723145, 9.416269460834851, -4.6866826524689325, 8.767228508071245, -5.3978626729358945, 9.42477796076938, -0.8287380096731018, 3.736214655178526, -6.805684646679498, 9.165975076500832, 2.9970376501520404, 0.49970844422485144, 3.0296063151180035, 1.2206264657465866, -1.058045126845781, 5.594566877776852, 7.672626970336211, -4.376295374129636, 4.427817754069679, -0.8267718598088771, 0.59163075216685, 1.6015348818216344]"
884,tVHA,8.0,0.894848131842,1000,0.0,-5.219261991561,"[-4.497419734032695, 9.42477796076938, -4.524057430222111, 9.313754533827986, -2.0007970308510328, 9.42477796076938, -9.42477796076938, 9.412789097329657, 2.1004222486210127, 2.3995842941894767, -4.630550171255743, 6.529699327268075, 0.7143053777243085, -0.22705049839489683, 2.943382296662195, 2.4928520145911746, -1.0983130833857944, 5.79120523392476, 5.523847857534119, -3.6817192012303406, 4.817937149106875, 0.5708951171635814, -0.8445498854035893, 0.9156982116528916]"
885,tVHA,8.0,0.903115091394,1000,0.0,-5.21976467684,"[-4.235020083655714, 9.42477796076938, -4.554756328637839, 9.42477796076938, -4.443617171738289, 9.42477796076938, -5.19923796556132, 8.878238756203269, 2.4748342146092956, 2.1662270684031033, -6.913546451335529, 7.094049376131757, 3.028744796049058, 1.3846852782065566, 2.6864117076848544, 1.3157668152504391, -1.6758561957350184, 6.463628362031375, 5.798701408256704, -3.548915990003206, 3.9756215208616625, 0.07566626173412161, 0.6118621549322965, 2.918758953801022]"
886,tVHA,8.0,0.911382050947,1000,0.0,-5.219986933188,"[2.458670124513637, 9.42477796076938, -2.068887377150059, 8.74744729236965, -4.751330536625764, 9.42477796076938, -6.244395508731153, 9.149060652359914, 3.357489664949441, 0.6927786577884237, -6.760665685674294, 9.42477796076938, 3.2259949282871077, 2.2544202496391854, 1.615412797088918, 0.22964815993674265, 7.128159996902827, -3.2947346248590956, 4.225856924214728, -1.0430478496243667, 3.4698943255466217, 1.2959235083854286, 0.7620118831026212, 2.5046475763462706]"
887,tVHA,8.0,0.9196490105,1000,0.0,-5.21951611824,"[-6.02699046206131, 9.42477796076938, -3.5868895738626527, 9.42477796076938, -2.0385980230101333, 9.42477796076938, -9.42477796076938, 8.496288933463052, 0.7483467796291592, 2.8223862257214885, -5.979093520685801, 9.356117057418754, 1.1032712937121474, 0.3317899044267618, 2.025609608835409, 2.202969770715305, -0.9272711437082488, 5.108911387467929, 4.922895107709001, -2.9144242873500072, 4.781726293623289, 0.40581469206152354, -1.2205821894621498, 2.0913655165320177]"
888,tVHA,8.0,0.927617009057,1000,0.0,-5.219988774669,"[-6.285989454365312, 9.42477796076938, -2.2205556800596993, 8.414785760932439, -1.0418110488981227, 8.697533123232255, -8.448146054931156, 7.94228330482345, 0.9614954725854438, 3.42497945162126, -5.460708252559947, 9.033394346099131, 2.5506165055950527, 0.3357473088463021, 1.338932480526208, 1.0972983866961867, -4.392491404277054, 5.95229543042746, 3.5975276213046894, 0.44580160328206464, 3.863986513724381, 1.5724506413045354, -0.7731148071584734, 3.4787338490492345]"
889,tVHA,8.0,0.935585007614,1000,0.0,-5.219317488932,"[-2.1562415334667504, 9.42477796076938, -3.7382318158944976, 9.42477796076938, -4.011249044205334, 9.38371836050609, -5.8217093914463, 9.306323346840287, -0.5476582167020584, 2.6593429436764655, -5.784712811072202, 9.42477796076938, 3.855757918690963, -0.4952893801276046, 2.4630457487536104, 1.1220784626732323, -1.8093626086531986, 6.215727349187944, 5.1712489964350405, -3.0227640190499203, 4.665051551841111, -0.18573477044245634, 0.8213909092932616, 2.05933283770948]"
890,tVHA,8.0,0.943553006171,1000,0.0,-5.220202785812,"[4.912728706493371, 9.42477796076938, -2.16834722148818, 8.020813899595643, 1.187861216557447, 4.826469531552307, -6.731621130258901, 9.42477796076938, 0.13718993840056887, 5.033985953469338, -7.121108613496248, 9.42477796076938, 3.2027315165869465, 0.8548757189688405, 1.7976366811210458, 1.889921311097184, 2.5637591191792026, 2.45105387326998, 6.017252748392796, -3.397986824249948, 3.032892895286543, 1.1922172818437937, 1.2279237968952978, 3.22328646995963]"
891,tVHA,8.0,0.951521004728,1000,0.0,-5.219328924084,"[-3.2672987224790377, 9.42477796076938, -1.6118785287053257, 8.311438127965504, -2.182496516228063, 9.42477796076938, -8.573017996936478, 8.657537307460075, 1.1981048027771073, 2.5729092767959654, -5.841437414791599, 9.42477796076938, -2.74612594454691, 0.6971869281587992, 1.2582103586622897, 6.5090650924301725, -2.6753291567166575, 5.732808018557439, 5.060944940144532, -1.3509749493867056, 3.5660892704285376, 0.08119531574494387, -0.22793995947212564, 3.8349187812031538]"
892,tVHA,8.0,0.957982978339,1000,0.0,-5.220707668601,"[-3.998584756846024, 9.42477796076938, -2.2941184487945567, 9.42477796076938, -4.255806493178339, 8.570360732178742, -2.2665180646400476, 8.263223692361464, -1.861095348274438, 4.838154378517951, -7.397292725448175, 8.28432084196194, 2.417726882017457, 4.676528720106711, 2.450854567074498, 1.623468590324162, -2.6289567022797424, 6.48497830429571, 7.012713475323886, -4.374356711759768, 3.1386897580305417, 1.7272580501402643, 2.974821300048291, 2.114483052139549]"
893,tVHA,8.0,0.964444951949,1000,0.0,-5.220689980582,"[-5.118179250526171, 9.42477796076938, 1.8216306503635378, 7.291290017440648, -8.079935791465399, 8.762244093716685, -0.9991235135842389, 8.332250011370196, -1.8475785008931531, 1.9904756128757577, 2.3271335911682076, 5.9942671701383485, 1.6020579293607597, 1.704398778299755, 2.5700025006713614, -1.0151848554154634, -2.9893857003195397, 5.5509246269589765, 4.51657893068257, -1.185897227458518, 4.220991634916861, 1.290540680836621, 3.241989280674893, 1.1643871954710365]"
894,tVHA,8.0,0.970906925559,1000,0.0,-5.220761309905,"[-2.090751381127597, 9.42477796076938, -3.123469477238765, 9.42477796076938, -5.488628594364396, 8.2384289519328, -3.293193557507923, 8.98240878416761, -2.841923219111556, 6.0096646122838635, -5.358843111707191, 9.216220974018293, 3.952379390093051, -1.861180597266829, 2.651593774404592, 1.7905364858589943, -0.19889556247092371, 5.192255288248106, 6.705653074349579, -5.463641679064565, 3.528170614509721, 1.1100718674707997, 2.396238678498025, 0.9642084345604328]"
895,tVHA,8.0,0.977368899169,1000,0.0,-5.220595822493,"[1.880562142329295, 9.42477796076938, -2.5545609451114264, 7.653476628202281, -2.795769643406179, 9.42477796076938, -8.068980724285773, 9.393210691666706, -5.372761093070196, 9.40700756913821, -6.7054851403621525, 8.936034573606094, -0.6724529896980307, 3.0924298716572025, 1.504821578978221, 1.5912733783325468, 4.369175806064691, -0.5461036277920717, 5.344830628140256, -2.3209284743627476, 4.54397035297054, -0.6884192443221802, 0.6227663722905865, 3.142330482172981]"
896,tVHA,8.0,0.981742567665,1000,0.0,-5.220427092944,"[1.1083365092047759, 9.42477796076938, -1.8537937012232382, 6.733417820006728, -4.81422777062323, 9.42477796076938, -3.5920702047575928, 8.365621041746179, -2.9774749221645913, 5.158703326984333, -7.087801073716145, 9.413946634883692, -0.9458559254131498, 3.676782881063726, 2.7584421048291343, 1.742684338563095, 1.3977878584383605, 3.351016433847744, 3.0679727284506435, -2.3728172373216303, 4.847072567630088, -2.6609431156011523, -0.30076197751469513, 6.212264195948292]"
897,tVHA,8.0,0.986116236161,1000,0.0,-5.220902619158,"[0.7937692004323, 9.42477796076938, -3.1586116491142695, 9.42477796076938, -3.4434280230542758, 8.708093955471403, -4.667092496167852, 9.42477796076938, -3.9222874423964322, 5.016780039422011, -5.379812147139017, 9.42477796076938, -0.07616298369886551, 2.9738745149742316, 2.99420430447878, 1.9026971375348216, 0.8252281328298025, 3.8275988997332178, 4.838534971351612, -2.8230483480626463, 5.063208286475973, -0.7524685478695525, 2.0355084023111685, 2.2813347294768307]"
898,tVHA,8.0,0.989683984122,1000,0.0,-5.221343615298,"[-1.3068078077225473, 9.42477796076938, -1.8004883992989296, 9.166180433626018, -3.3705165739220933, 8.711800805025058, -1.4560167096539673, 6.546473917841659, -2.482272000010525, 5.159707906170823, -6.8603471129226765, 9.42477796076938, 3.6365215352984936, 1.0720367103556998, 2.8688774854526806, 0.783317330534079, -1.163608027980129, 4.5144352375937515, 4.885565485708541, -2.8271108101735605, 4.942543108796281, 0.203606574773628, 0.8353438163233683, 3.1119440125148956]"
899,tVHA,8.0,0.993251732082,1000,0.0,-5.221960181007,"[-4.0147975856181555, 9.42477796076938, -2.1905021774747757, 8.508636195161914, -4.509395011169049, 9.42477796076938, -5.584964336252799, 9.409792530133213, -1.9382016238555666, 4.621273065749436, -7.04878830965763, 9.42477796076938, 3.0535565775762974, 1.508116380555509, 2.2763705217783023, 1.494968662681317, -1.3254467423506704, 4.530799730964448, 7.217331661335041, -4.387930152675212, 4.947394618173194, 0.1381467847840216, 1.1627734662077696, 1.5603641242876924]"
900,tVHA,8.0,0.996259827523,1000,0.0,-5.222037152176,"[-2.7733086693853832, 9.42477796076938, -2.6830989160844583, 7.118758140791416, 3.178254300555605, 2.7257822683540676, -3.6067590942383534, 8.991336365572248, -1.738792016084481, 5.607260765571484, -7.886363612271937, 9.42477796076938, 2.3801430094349723, 1.5482880827963328, 3.9133903075457694, 1.4012101266176096, -1.1181876444479628, 5.3236753133888035, 3.0663432333223906, -3.1331548106965257, 2.8693408230055164, 0.39593335454669, 1.4402603714665652, 5.1508686585370125]"
901,tVHA,8.0,0.999267922964,1000,0.0,-5.220332465978,"[5.851150496351988, 9.42477796076938, -2.0081967191452934, 6.4241182804437145, -2.3846601028495416, 9.210267329571913, -8.377816412745776, 9.313777528296164, -3.207362720899474, 6.670870453225598, -6.804830702770836, 9.42477796076938, 2.177774520146225, 2.106670669619871, -0.11738244977616122, -0.0732610302136538, 1.247968472231126, 2.44692731029434, 2.8273282522946985, -2.8328720356377732, 3.3590669636537998, 0.07142527274264748, 0.7789468396313193, 4.703992763203645]"
902,tVHA,8.0,0.999633961482,1000,0.0,-5.220505726861,"[-3.613922153146544, 9.42477796076938, -2.490461888294363, 9.42477796076938, -0.6922750700430492, 8.102245436901704, -9.42477796076938, 8.814193511794041, -1.904427585945463, 4.180102194052605, -4.871836009139271, 9.169245369032485, 1.4663141069322618, 2.293961014628545, 1.135714415262252, 1.3052794062259543, -1.2469030011891102, 5.015991561770413, 5.203375623734555, -2.958885152055011, 4.238454785691968, 1.1254775095113674, -0.9240295435404803, 1.801972077259939]"
903,tVHA,8.0,1.0,1000,0.0,-5.222097256276,"[5.521645705629535, 9.42477796076938, -1.5379146036025195, 9.065806835361695, -4.647298594924605, 9.42477796076938, -5.959641742630244, 9.42477796076938, -0.7489934718541493, 5.459449605680179, -6.428735611827438, 9.42477796076938, 2.3091137324432314, 7.966119003362555, 3.2380000473218185, -5.317759732412867, 1.961234528325883, 2.87774256084131, 6.485809388076052, -2.593727102479538, 6.163060503484724, -1.0718367718174657, 1.2349323609686238, 2.03429365855559]"
904,tVHA,9.0,0.0,1000,0.0,-5.186615747037,"[9.42477796076938, 9.42477796076938, 9.42477796076938, 9.42477796076938, 7.965218178398813, 8.771712512399667, 8.924280020668732, 9.42477796076938, -9.131893865229747, 1.0672929248414154, -0.3155616923308622, -0.4035829954690947, 0.5134878929941081, 0.5555555555555556, 1.7021036984894744, -2.327272962538712, 1.0390993821525512, 0.6302290933108767, 1.6116846731556855, 1.813909617665649, 1.4941187595238459, 1.989659569615536, 1.6867683735706118, 1.5493142584565844, 1.9469228299028225, 1.972672535948025, 1.9708982736866696]"
905,tVHA,9.0,0.026797978742,1000,0.0,-5.18663073378,"[8.736655893217876, 9.42477796076938, 9.16850545804354, 6.713373902218461, 9.42477796076938, 9.42477796076938, 8.544113986809853, 9.303931705016184, 1.9063627247651318, 0.8328715609933963, 0.44380699493411946, -1.328931483657728, 0.4061275639410511, 0.9893534131480367, 1.8050994732825956, -2.7550404866493565, 1.2888692937476711, 0.5352067755477707, 5.990256171591556, -9.42477796076938, -9.42477796076938, 9.424777960769378, 9.42477796076938, -9.42477796076938, 9.42477796076938, -9.42477796076938, 9.42477796076938]"
906,tVHA,9.0,0.053595957484,1000,0.0,-5.18663290054,"[7.684886330364548, 9.42477796076938, 9.00428984859818, 9.42477796076938, 9.42477796076938, 9.42477796076938, 7.6209119791248945, 8.534496340794252, 2.0971286957997806, 0.8064443485359217, 0.28935757771947507, -0.9742172224702208, 0.4518017652370459, 0.7540168842602771, 1.802303557910641, -2.7705134040836277, 1.2935957221145464, 0.6838308338038896, 3.0969260085211774, -9.42477796076938, -9.42477796076938, 9.42477796076938, 9.42477796076938, -9.42477796076938, 9.42477796076938, -9.42477796076938, 9.42477796076938]"
907,tVHA,9.0,0.080017711242,1000,0.0,-5.186635106183,"[9.42477796076938, 9.42477796076938, 9.209627241506603, 9.42477796076938, 9.42477796076938, 9.42477796076938, 8.241745970853481, 9.351452583992348, -8.71712362497679, 1.1916205083039817, -0.35079684497894814, -0.22242007966490596, 0.22478120855697137, 1.0316975688900216, 1.5351791686917053, -2.4166739900922583, 1.2822660488108084, 0.6658738172809966, 5.548218013630521, -9.42477796076938, -9.42477796076938, -9.42477796076938, 9.42477796076938, 9.42477796076938, 9.42477796076938, 9.42477796076938, 9.42477796076938]"
908,tVHA,9.0,0.106439465001,1000,0.0,-5.186644710281,"[9.42477796076938, 9.42477796076938, 9.42477796076938, 9.42477796076938, 9.42477796076938, 9.42477796076938, 9.352019339407661, 9.38237742755787, -9.088267761028487, 1.3862104607096097, -0.4546652896192903, -0.22797191164328662, 0.48772140133239616, 0.8845623731586215, 1.6817375425937382, -2.231208900391215, 1.2027872968517066, 0.7538054207075333, -0.7215313426659384, -9.42477796076938, -9.42477796076938, -9.42477796076938, 9.42477796076938, 9.42477796076938, 9.42477796076938, 9.42477796076938, 9.42477796076938]"
909,tVHA,9.0,0.13096497634,1000,0.0,-5.186641570541,"[9.42477796076938, 9.42477796076938, 9.42477796076938, 9.42477796076938, 9.42477796076938, 9.42477796076938, 9.42477796076938, 3.515028181450423, -9.42477796076938, 0.8842382032171047, -0.07359244807983643, -0.440015069512891, 0.49199698284178695, 0.5543569695441765, 1.5964884682522031, -2.3643970694653214, 1.2113037951814116, 0.5911968100371905, -2.2333696008414297, 9.42477796076938, 9.42477796076938, 9.42477796076938, 9.42477796076938, 9.42477796076938, -9.42477796076938, 9.42477796076938, -9.42477796076938]"
910,tVHA,9.0,0.155490487679,1000,0.0,-5.186632457903,"[9.42477796076938, 9.42477796076938, 9.42477796076938, 9.42477796076938, 8.477239211449962, 9.42477796076938, 7.233246410033366, 8.489477840937216, -9.42477796076938, 1.1563894847230878, -0.2975738233159601, -0.3503110325065022, 0.468069163022493, 0.5971730278392956, 1.799754807932307, -2.5972204629328504, 1.230515302167908, 0.7003822775370004, 8.195363818699605, 9.42477796076938, 9.42477796076938, 9.42477796076938, 9.42477796076938, 9.42477796076938, -9.42477796076938, 9.42477796076938, 9.42477796076938]"
911,tVHA,9.0,0.180015999018,1000,0.0,-5.186629760597,"[9.42477796076938, 9.42477796076938, 9.42477796076938, 9.42477796076938, 9.42477796076938, 9.42477796076938, 7.872144678561909, 8.635729156602237, -9.42477796076938, 1.264081475396645, -0.36770611666193875, -0.3431168842165959, 0.45122169696961717, 0.7950089079372722, 1.7595477977624934, -2.6645384428107297, 1.3356625385574739, 0.7269137842396383, -7.8204079169629805, 9.42477796076938, 9.42477796076938, 9.42477796076938, 9.42477796076938, 9.42477796076938, -9.42477796076938, 9.42477796076938, 9.42477796076938]"
912,tVHA,9.0,0.204541510357,1000,0.0,-5.186621383213,"[9.42477796076938, 9.42477796076938, 9.42477796076938, 9.42477796076938, 9.42477796076938, 9.115241439372705, 9.42477796076938, 9.42477796076938, -8.699672215703256, 1.1089711286743826, -0.3999602784380498, -0.1396019932131275, 0.4486881983822695, 0.6052833415140859, 0.9926598882654124, -1.0172604929611198, 0.28116967314874936, 0.829026700711535, -9.116882617661595, 9.42477796076938, 9.42477796076938, 9.42477796076938, 9.42477796076938, 9.42477796076938, 9.42477796076938, 9.42477796076938, 9.42477796076938]"
913,tVHA,9.0,0.228254796663,1000,0.0,-5.209947796708,"[6.59531693530217, 1.5336760346894434, 9.42477796076938, 9.42477796076938, 9.42477796076938, 9.42477796076938, 9.42477796076938, 9.42477796076938, 8.651463638243118, -0.10558641169488632, -0.8753234251107971, 0.019715867316481464, 1.6793859297272005, -0.33759693018440584, 1.8296284446475366, -1.3032476211342874, 0.2849102954455174, 1.6229474620726116, 0.23455135129943883, -9.42477796076938, -9.42477796076938, -9.258081188186793, 3.152731536662495, -9.42477796076938, -4.681422278177177, 2.1666144155777096, 5.168996046474206]"
914,tVHA,9.0,0.25196808297,1000,0.0,-5.209841181643,"[3.4755226802005823, 1.5606103368997037, 9.42477796076938, 9.42477796076938, 9.42477796076938, 9.42477796076938, 9.42477796076938, 9.42477796076938, 7.931856148845615, -0.7680248129636031, 0.482786343981778, -0.5302236550358721, 1.7040552983975221, -0.20697771623654176, 1.266838566855875, -0.579649839468341, -0.03748355011028177, 1.6566312309178093, 0.41239087549616393, -9.42477796076938, -9.42477796076938, -9.132838737110973, 3.9939107907556046, -6.604145835345564, -5.131530583921135, 1.8765654289726816, 7.708825169484136]"
915,tVHA,9.0,0.27317283102,1000,0.0,-5.210370192931,"[4.529873814153657, 2.409894213030704, 8.459152201485283, 9.42477796076938, 9.42477796076938, 9.42477796076938, 9.42477796076938, 9.42477796076938, 9.22144608732021, -0.6172313616288956, -1.5413468320876267, 0.9941100797768924, 1.7568296978057578, -0.369079231031968, 1.3316498358027475, -1.410692658945364, 0.906954527775189, 1.222989359320602, 1.9286988904742746, -9.42477796076938, -9.42477796076938, -9.42477796076938, 0.9452714160458806, -4.062707619266084, -9.067285947121059, 2.840524182898851, 5.464971557760395]"
916,tVHA,9.0,0.294377579069,1000,0.0,-5.21109052483,"[2.642150021918516, -0.016769327841265683, 9.424777960769378, 9.42477796076938, 9.42477796076938, 9.42477796076938, 9.42477796076938, 9.42477796076938, 9.42477796076938, -1.546632931533804, -0.35797802186006544, -0.5282826625364372, 3.3446378189362305, -0.25829542447520076, 0.3035415310815428, -1.3740655509866424, 1.619601345753309, 0.8199432816126295, -1.720008837570006, -9.42477796076938, -9.42477796076938, -9.42477796076938, 2.6948250941997554, -6.303154389864291, -9.42477796076938, 1.3700987485099032, 7.539037458421693]"
917,tVHA,9.0,0.313938345443,1000,0.0,-5.210831718085,"[9.42477796076938, 1.5456147717954807, 9.42477796076938, 9.42477796076938, 9.42477796076938, 9.42477796076938, 9.42477796076938, 9.42477796076938, 8.234897632636617, 0.8085201668053029, -0.3137081752388085, -0.9010265342752655, 1.9049487320897716, 0.16605031711017115, 3.1158375560898044, -1.4359782079698038, -0.4845590519473448, 2.8518605254186076, -0.5872570764864011, -9.42477796076938, -9.42477796076938, -9.42477796076938, 2.866420224208482, -4.556911585706395, -8.349142322973934, 2.2748567760137473, 7.967226615192816]"
918,tVHA,9.0,0.333499111817,1000,0.0,-5.211044941096,"[9.42477796076938, 2.237448958578555, 9.42477796076938, 9.42477796076938, 9.42477796076938, 9.42477796076938, 9.42477796076938, 9.42477796076938, 6.615046914854153, 1.7548114533148063, -0.8209258305079417, -1.7006734696038706, 2.413012128749908, 1.2222393564559413, 1.5584836021775192, -0.21224459667873596, -0.9423395509126697, 3.1818459683413174, -2.254887563649773, -9.42477796076938, -9.42477796076938, -9.42477796076938, 5.872017328249543, -9.152964449427643, -5.821842454077089, 4.886192173166726, 5.739230623493624]"
919,tVHA,9.0,0.351750181136,1000,0.0,-5.213770593517,"[-9.424777960769378, 9.42477796076938, 9.42477796076938, 9.42477796076938, 9.059801387121325, 9.10260396400762, 2.999457830041589, 9.106476738848002, 4.777734410810819, -0.7683533824182551, 0.5182902288504798, -0.6134850959453968, 1.0741413391818986, 0.6880727651944236, 2.392167359641909, -0.7831752548404456, -2.8307464899621957, 3.354439099078815, 3.6149855666151502, -9.42477796076938, 2.4871513091423583, -1.1558811954162684, -3.2405214857182227, 9.42477796076938, 1.8995917005747032, 8.23284428001298, 8.450067112221763]"
920,tVHA,9.0,0.370001250454,1000,0.0,-5.213219799525,"[-9.054088670033572, 9.42477796076938, 9.42477796076938, 9.42477796076938, 9.42477796076938, 9.42477796076938, 3.641057483350508, 9.42477796076938, 5.33737264158317, 0.44598542103949157, -0.5860091066865412, -0.8658655789654165, 0.6970482243677723, -0.6003545953358947, 1.75381938301749, -1.2984545996894958, -0.4917979706037843, 1.1861209711274707, 9.42477796076938, -9.42477796076938, -4.6662067710660615, -1.8950571601365964, -4.068259052253529, 9.42477796076938, -1.3947013452823767, 9.346735900203619, 8.830807672237624]"
921,tVHA,9.0,0.388064788183,1000,0.0,-5.214796654062,"[9.42477796076938, 9.42477796076938, 9.42477796076938, 9.42477796076938, 9.424777960769378, 9.42477796076938, 1.9379264161540046, 9.42477796076938, 3.9086629717824213, 1.0682665310394346, -2.8348032104998784, 2.2671671382515886, 1.0960866932769169, -0.6508707474604774, 1.5128283907094398, -0.25103814324535134, -1.1133658377352225, 2.417522121861963, -9.368625314005058, -9.42477796076938, -1.4914499575130278, -1.1961013973946555, -9.42477796076938, 3.6184941526660728, 2.056577473005264, 9.42477796076938, 2.2699652234063987]"
922,tVHA,9.0,0.406128325911,1000,0.0,-5.217651416067,"[9.42477796076938, 9.42477796076938, 9.42477796076938, 9.42477796076938, 9.42477796076938, 9.42477796076938, 9.42477796076938, 9.42477796076938, 8.743219396735881, 1.1947933837384623, 0.1287788939774832, -0.9573587878587502, 0.5726557411962727, 1.549654588072009, 2.6113635645711835, -1.6497827692223765, -0.3748663423642372, 3.042539886527111, -7.11076003970025, -9.42477796076938, -7.630325238740139, -9.42477796076938, -5.199670743289169, -2.9898559916887413, -8.158490721474095, 9.42477796076938, 6.804673794791365]"
923,tVHA,9.0,0.424156859983,1000,0.0,-5.215499187881,"[-9.42477796076938, 9.289236922224303, 9.42477796076938, 9.42477796076938, 9.42477796076938, 9.221236757358966, 3.035965713175594, 9.42477796076938, 5.1306872510547095, -0.9678214194935292, -0.36699811173820307, -0.20015945129923535, 1.8286439660700489, -0.8380181134723071, 2.1576360057467676, -1.340250628628486, -1.280409741248869, 2.117626252613202, 7.831645744998881, -9.42477796076938, -3.5912718063174323, 0.19573505583145784, -2.4013283912684242, 7.8273026368207095, 2.3669143739712926, 9.42477796076938, 8.800600204642613]"
924,tVHA,9.0,0.442185394055,1000,0.0,-5.215264781103,"[-7.786964526640747, 4.383273785031806, 9.42477796076938, 9.42477796076938, 9.42477796076938, 9.42477796076938, 5.1776376530026385, 9.334869730031695, 9.42477796076938, -0.46438503553696286, -0.2923085580903454, -0.3138750928534323, 0.8064078150158979, -0.3737682858991354, 0.8459402886721641, -0.06929216438829683, -0.48967576298590304, 0.2608134947583576, 9.42477796076938, -9.113834838071414, -9.42477796076938, -2.36691584013558, -0.8688947863307104, -3.084592634494154, -1.7234567274087897, 9.42477796076938, 9.42477796076938]"
925,tVHA,9.0,0.460213928127,1000,0.0,-5.215379830432,"[-9.42477796076938, 9.42477796076938, 9.42477796076938, 9.42477796076938, 9.42477796076938, 4.5176047974939255, 6.358397202641935, 9.42477796076938, 8.13053881322443, 0.6996765076910054, -0.808298726491741, -0.7476287225605018, 0.4035007675691842, -0.4525906184032644, 1.9662691210354062, -0.20327101364548084, -1.6674464189599925, 0.9741938106524924, 9.42477796076938, -9.42477796076938, -9.42477796076938, 1.4667426160968893, -5.08774768594693, 5.997047099984225, -3.238145757705994, 9.42477796076938, 9.42477796076938]"
926,tVHA,9.0,0.478242462199,1000,0.0,-5.215817334632,"[8.280245145612444, 9.42477796076938, 9.42477796076938, 6.1831448231660495, 9.42477796076938, 9.358808893843701, 8.479550559562739, 9.42477796076938, 9.42477796076938, 0.3454512573295535, -0.38203415832595106, -0.27846346665308974, 0.8253817222270727, -0.2567078398719398, 0.7985009672256229, 0.5007730657974689, -0.379054895410722, 0.7055468396223207, -4.120206834451153, -7.984514864034445, -5.362680816996631, -4.053951931118816, -3.955478190273676, 0.3397539869595568, -8.445291424502994, 9.42477796076938, 9.42477796076938]"
927,tVHA,9.0,0.495908025331,1000,0.0,-5.215853665387,"[-3.5566117179394396, 9.42477796076938, 9.42477796076938, 9.42477796076938, 9.048131363772878, 8.807925768846598, 3.3071053730895716, 8.747459692127176, 2.7768012698445075, -5.051805255068045, 6.282044676194725, -1.9595748319357313, 1.361531039072054, 1.8451642774997266, 2.252100055675897, -2.5351947715708576, -1.011386811325077, 2.1923541271772526, 1.0363676789703908, -9.42477796076938, 3.3882714377308587, 5.588098431463308, -4.083645099896437, 6.32417242109227, 8.696186885869725, 7.462189561925132, 3.799505619395125]"
928,tVHA,9.0,0.513573588462,1000,0.0,-5.217018717409,"[-9.15436890606504, 9.42477796076938, 9.42477796076938, 9.42477796076938, 9.42477796076938, 9.42477796076938, -0.2263401981986608, 9.42477796076938, 5.374047327180855, -1.3101980085283387, 0.40294586914313435, -1.3033544017199548, 2.464049068086556, -1.1278521225888345, 2.36416430123944, -1.7285233861819285, -0.9922027630593535, 0.8813551051652242, 9.42477796076938, -9.42477796076938, -1.1582416748748976, 0.5074084006943979, -3.132239203265089, 9.42477796076938, 1.3103988049775526, 9.42477796076938, 6.130191710073031]"
929,tVHA,9.0,0.531236084016,1000,0.0,-5.209417211889,"[-5.9228408309735245, 5.28129670872996, 9.42477796076938, -0.4817242042620379, 5.818277147906939, 8.103592007852825, -2.6847945543347236, 9.42477796076938, 5.410810676681711, 1.6463238020936373, 0.5810156482609115, 1.266603046635576, 0.8295812699280292, 1.534776442483805, -0.7978602767793885, 1.393745249144816, -2.9117036443279822, 3.7964435710642337, 5.163448810386873, 0.05350522479475897, 0.8386084040924332, -5.140107347027833, -3.5386567534358147, 9.42477796076938, -0.4914579179949907, 9.42477796076938, 3.2031366601946516]"
930,tVHA,9.0,0.54889857957,1000,0.0,-5.217249700613,"[9.42477796076938, 0.18240953258345452, 9.42477796076938, -0.5712007512349451, -1.2848199127132718, 2.337852617633475, 1.744047907740245, 9.42477796076938, 5.079365028755836, 4.4753065425097365, 0.5952565150454312, 1.7697247421752924, 9.42477796076938, 2.994772657793597, -5.653236369297491, -6.112613818380314, -1.4810697835028108, 3.6203082793689063, 3.44876987284528, -9.42477796076938, -2.616465817168754, 7.309088025074514, -1.0079469520126727, 9.42477796076938, 9.42477796076938, -3.937674306862508, 3.1342630032747314]"
931,tVHA,9.0,0.566535579659,1000,0.0,-5.214511257607,"[-0.20539579970145677, 6.9905202577914745, 6.776177504985488, 5.168658229946586, 2.832426479297655, 9.42477796076938, 3.2809922293841995, 6.895133730652068, -0.7780675305981312, 1.8908625366028633, 2.2661698303582547, 5.847298782025278, 0.9790632973233274, 9.42477796076938, -8.921290629839454, 0.7460356154270995, 0.8536652607651584, 8.670506183553353, 3.5961970823957916, -0.7852755838509542, 3.3522826067777216, 2.153275315933183, -3.0924051249067865, 9.42477796076938, 7.97242356088724, 4.651541103259884, -0.542413585869804]"
932,tVHA,9.0,0.584172579748,1000,0.0,-5.217386325839,"[8.790137413602176, 7.298276550759162, 5.601879316053063, -8.126001223975916, 0.2496809063924747, 5.050906997304123, -0.349067074385885, 9.42477796076938, 5.385478881607309, 2.8189471521339806, 1.2104154102889213, -3.069678077802761, 3.5608771898875626, 9.341391355657642, 1.5126946727235384, -9.42477796076938, -1.4572508979911794, 4.9986498626656175, 3.451226964724192, -8.595574792234453, 1.0569185530976737, 0.9847854656656572, -4.28134213742028, 9.42477796076938, 9.42477796076938, 3.147471127426072, 3.41660425685862]"
933,tVHA,9.0,0.601809579838,1000,0.0,-5.213660055782,"[3.581040274026611, 8.953971455784608, 6.513354190053919, 2.9481701883615363, 1.376907612292392, 8.114863012071925, -0.04882236317347301, 9.005494712748032, 0.9872749284979141, 4.58891307200951, 3.0240297489753534, 1.0534284106396976, 9.42477796076938, 1.2444964026548102, -7.444546468846628, 1.5246331251003657, -1.1139566586223233, 9.42477796076938, 5.199586413263805, 1.9260844810150868, -1.7487602869721397, 4.931995513210035, -1.8040625687249772, 9.42477796076938, 7.215041710165605, 1.6407918291906205, 2.684774607054237]"
934,tVHA,9.0,0.619446579927,1000,0.0,-5.214563310486,"[-1.0240634052282234, 9.42477796076938, 9.42477796076938, 2.605633088279892, 1.9096082455068437, 6.205225908517596, -1.3498352023131042, 9.42477796076938, 7.1296025542814805, -0.0899524395715687, 4.091489147364988, 0.5593154948911419, 0.5647301738319188, 1.4678188200541953, 2.047118724223421, -0.5296315992438522, -1.786653219223735, 6.954116065428035, 2.049239235972423, -0.3526790858744356, -0.3025864909934891, 7.360711418367583, -9.42477796076938, 9.42477796076938, 9.42477796076938, -3.895832540605585, 6.41638122259018]"
935,tVHA,9.0,0.63664700518,1000,0.0,-5.212226572573,"[6.225645802323806, 9.42477796076938, 0.07593519322768302, 9.42477796076938, -1.3382753701280743, 9.42477796076938, -4.9101294404011195, 9.42477796076938, 6.015500778319377, 3.887657837597427, 2.2135788476018914, 0.7904272384611419, 2.19645925623698, -1.735942201153701, -1.8961014375234728, 0.9113838476604545, 2.2459381572927866, 7.9963635620508, 1.2138923758831202, 2.394344201639908, 2.204141721651202, 3.7562393243765593, 5.078502971680578, 2.338534510970056, 9.42477796076938, -3.7721444894711955, 4.7374883059371555]"
936,tVHA,9.0,0.653847430434,1000,0.0,-5.2167582496,"[6.342840881298052, 7.536423732383834, 2.921065303105105, 7.700274788692425, 0.1520349382520999, 9.42477796076938, -1.325261633283347, 9.42477796076938, 5.896082232816083, 2.849304618569708, 2.7896323990265812, 5.050737241192166, -3.483526829890243, -3.179824780214311, 3.841056017027408, 2.253034476893231, 0.27869090327303947, 6.738244596231231, -1.9221679970464909, 1.8052214663474824, 1.7091385042799772, 3.625776137642287, 9.42477796076938, -9.42477796076938, 9.42477796076938, 3.650452469622506, 3.4837757807209435]"
937,tVHA,9.0,0.670502878605,1000,0.0,-5.213385779664,"[-8.610324201592945, 5.039250302551721, -2.464865105727031, 9.144450624012428, -0.7812588183449709, 9.42477796076938, -3.625759513161017, 8.933177392371872, 3.5871337990780052, -0.2956195382782109, 2.5474352826094506, -0.5007781133966906, 1.958189725471572, 0.31993524285262875, 1.1597229647365745, 5.024856464550378, -1.9196613816949046, 1.7646579899436423, 0.047822291598092585, 3.201254038116853, -7.916636222046792, 9.42477796076938, 9.42477796076938, -5.894097815585134, 5.5908258731243325, 4.409705286205389, 1.709154666259041]"
938,tVHA,9.0,0.687158326776,1000,0.0,-5.217417480518,"[-9.42477796076938, -2.7426810147761227, 3.6301349663134594, 9.42477796076938, -1.117060970228827, 9.424777960769378, -4.58742164299645, 9.11689931171664, 4.369053205701317, 0.9899535823361698, 2.7120677035714555, -0.9685343659480989, 1.5436290209225323, 4.133721624587275, 0.4777068983930997, 0.7892032028462933, -0.033937035939274426, 2.899184013183654, 0.3184910421127328, 4.974044113417525, 9.42477796076938, -8.978475946058118, 9.42477796076938, 1.6031175061406062, 9.42477796076938, -3.675219643257152, 2.5674204532069114]"
939,tVHA,9.0,0.703176952948,1000,0.0,-5.212139491131,"[-9.42477796076938, -9.42477796076938, -0.08132188607004975, 9.42477796076938, -2.872305491365127, 9.42477796076938, -1.308449854286804, 9.42477796076938, 5.03222336701751, 3.479953590031819, 2.1206660958196357, 0.5160329905128187, 0.8059781090698058, 1.6252794118099965, 1.133903813295389, 0.46809684842629473, 0.38233866353765744, 1.5511448054296686, 0.22360490511981584, 1.00446446267939, 9.42477796076938, -1.9947518485723004, 9.42477796076938, -9.42477796076938, 8.221858355080082, -2.251068801027606, 4.640503133631099]"
940,tVHA,9.0,0.719195579119,1000,0.0,-5.209781706766,"[-6.554260196306609, -9.42477796076938, 5.413253277414354, 2.6954613660280686, -4.304318998872256, 7.803571570925186, 1.3131394908781093, 9.42477796076938, 4.044112097435931, 3.7917364803001687, 0.8442439248407391, 2.3443632274615522, -0.738983294880721, 1.3902450223218374, 0.9523532905155806, 1.2887005672418428, 1.3486127372532588, 0.7096176698780992, 1.892218661801433, -0.5696036348904865, 9.42477796076938, -0.8112938430309212, 9.42477796076938, -8.520841876108902, -7.030725498242496, 9.42477796076938, 2.8157949959445983]"
941,tVHA,9.0,0.735063507221,1000,0.0,-5.209074524989,"[1.6746314457831226, 3.4989084790420653, 1.6961844136445632, 9.42477796076938, -1.817558708020549, 8.203974421022766, -5.066595679073972, 9.42477796076938, 5.814102096902255, 1.5926940605719575, 4.627109931150988, -0.5136340777863705, 0.7208167655579497, 2.4584242521877844, -0.5950108248437922, 4.181360182659864, 1.3991678061520427, 2.1405474174471597, 4.457721057916895, -0.5436351733137748, 5.175573616761588, -3.263663615003162, 6.557545851155312, -0.0644090541017309, 2.8825385452559393, 0.7203641739622206, 2.8658605460085735]"
942,tVHA,9.0,0.750931435322,1000,0.0,-5.211392847565,"[2.3023943676541254, 5.116311277975041, -1.9711559735921464, 9.42477796076938, -3.2332858450454163, 9.42477796076938, -4.6549804585882395, 9.42477796076938, 5.113150293918313, 1.1210312847996065, 2.462141562800743, -5.20848816640258, 6.4532477190654465, 4.539694469157879, -0.13657030771620773, 2.3725507977219453, -0.011748304695950354, 3.1085778233108736, 5.932890661856391, -2.3728643877519104, 7.657427537666879, -3.367279233184879, 5.969826600072077, -2.190335239903094, 5.685452341570015, -1.17487650615729, 1.9705820255776079]"
943,tVHA,9.0,0.766769074103,1000,0.0,-5.209845853025,"[-7.726471072650217, -3.264796009442936, 1.1089043051865108, 9.42477796076938, -3.725780284043764, 9.42477796076938, -6.360418920293254, 9.229095263663282, 4.262678354806011, 1.467593674805113, 3.950068317971339, -1.764364858277483, 3.1098980169179917, -1.2779272514804596, 1.4983935515724096, 1.1325667086138735, 0.1538901953744582, 2.2146833626362117, 0.07113744897252394, -0.8344422592128189, 5.741156838873423, -0.9399080326916839, 7.031565548951994, -2.737477606067621, 1.9530875041761964, 1.736067997367296, 1.8823513391667865]"
944,tVHA,9.0,0.782606712884,1000,0.0,-5.211155324407,"[2.5517523529679105, -8.072102345030642, 1.105362270511693, 9.42477796076938, -3.9475815302411235, 9.42477796076938, -5.060698639015808, 9.42477796076938, 2.472134900800527, 0.05526194811186359, 4.403868171261481, 1.1704566569003743, 1.5458961993562288, 0.8970617388992257, 0.505660508939583, 1.2332163533497043, -0.2918404630388402, 1.669353289812351, -2.6837283939107204, -1.2155985333309869, 7.610464759531692, -1.3595554225748283, 9.42477796076938, -2.22570063484064, 3.5603836164671208, 1.1855933130580392, 0.17411089501482196]"
945,tVHA,9.0,0.798444351665,1000,0.0,-5.21491589482,"[2.6119378829130255, -6.314948929928516, 0.7641301356326331, 9.42477796076938, -7.112316439074753, 9.42477796076938, -5.75449892523311, 9.42477796076938, 4.621038327629552, -0.16845701123896525, 5.269977708301121, 0.1718594974693628, 1.06883583661656, 0.09949186735293376, 1.0565295260425822, -0.057419576042895965, 0.23862192612970795, 2.030485737927312, -2.9044098300487797, -3.7071874713125124, 4.99783102172351, 0.22575012707816122, 9.42477796076938, 1.02334481697159, 3.0064150068095064, 0.44945269170927005, 0.4945445917890815]"
946,tVHA,9.0,0.814281990446,1000,0.0,-5.216446690079,"[-9.42477796076938, 9.42477796076938, -2.7098881954735115, 9.42477796076938, -5.090121945390131, 7.637194870749788, -6.1547751229000465, 9.42477796076938, 2.6940620498548764, 7.233504732493495, 2.508658090087904, -3.652406877492744, 4.5451963115643625, 3.7154540071731796, -1.7279557849313263, 0.25362705679507874, -2.827138471127065, 1.6225789161453186, -0.45644805905030994, 4.338647456298882, 7.310825045958729, -4.040243573682764, 3.566444267073317, -3.7926209879729127, 3.1315263335498456, 4.324861963249628, -0.49477877752126737]"
947,tVHA,9.0,0.82397955502,1000,0.0,-5.215336648222,"[-6.409524615289497, 9.42477796076938, -0.8270608317282155, 9.42477796076938, -4.589943268292849, 9.42477796076938, -6.610621391727996, 9.42477796076938, 3.2341060750019026, 0.3460442604631522, 1.9635074491977318, 1.1063579492479105, 1.490340908627828, 2.6844489341985316, 0.6220031147183482, 1.4026695691581157, 0.6377963300461236, 1.456280336364323, -1.486322565106238, 4.022950374369627, 7.3667465798453415, -5.310038422949229, 3.7543182815469986, 1.3336657965163625, 1.8256189931124158, 2.0907342254856514, 0.8953848037735035]"
948,tVHA,9.0,0.833677119594,1000,0.0,-5.216158393167,"[2.3721423954133485, -9.42477796076938, 1.8382820465561878, 9.42477796076938, -4.16713587763028, 9.42477796076938, -6.546499772299133, 9.42477796076938, 3.5897769510826407, 3.4732801602430823, 3.2221136731172098, 1.0039243869483603, 1.1881468926822873, 0.6803628497660072, -1.7847714964923238, 0.6221388890378889, 0.884441922766923, 1.822919904532565, -5.682697232294418, 7.015404240611993, 8.945801547308868, -5.545394875836348, 4.569804670999004, -0.4427536018688909, 3.715286339364491, 1.6201776569614568, -0.2654997238714026]"
949,tVHA,9.0,0.843052784765,1000,0.0,-5.215950407733,"[-2.724771626593159, -6.083099620353702, 2.444176373868512, 9.42477796076938, -0.9681942949233826, 8.444118628095422, -8.877050328950354, 9.424777960769376, 3.659937496767568, -0.330665795393306, 6.004129450673287, 0.7996042450766196, -0.23884402693153506, -1.0229313555736472, 2.346816666140631, 1.4189255960791165, 0.9849468927661078, 0.8928868983217328, 4.575260561369171, -5.081741969839769, 8.326424729938836, -4.024977169165721, 6.695390903815445, 0.3260340661343702, 0.9899488326274204, 1.7276333450401151, 1.2883610692274368]"
950,tVHA,9.0,0.852428449935,1000,0.0,-5.216942650454,"[-3.130465127388728, -5.160484965956859, 1.1021940221834126, 9.42477796076938, -5.806007828099573, 9.416072066409477, -5.209691627188979, 5.800616596814704, 6.692186643021972, 0.863591715606553, 2.540915998688745, 0.048924132620681904, 0.5415165532495213, 0.38061694290334286, 4.628720174550722, 1.8290355039890105, -2.812340389708595, 1.9810048820010282, -3.906330451703526, -2.302686389243557, 8.710065690421827, -4.0323649327496405, 9.42477796076938, 1.1484192478748705, 3.058884538747046, 0.5705667019724756, 0.8844052721492495]"
951,tVHA,9.0,0.861116322494,1000,0.0,-5.217511766248,"[-9.42477796076938, 9.42477796076938, -0.9705364277531079, 8.539431682278675, -1.9615686281845415, 9.42477796076938, -9.42477796076938, 7.265156921343478, 2.9513251261911435, 5.343056615825937, 2.3327328736215334, 1.6094865331631314, 0.13004478666455305, 2.640658511181125, -4.506615065896797, 3.0593929636068875, 1.9642457722239968, -1.1901684973669204, -0.981740283303887, 2.8246400842562807, 3.8385379806004094, -1.2744244313849684, 4.6518358085421285, -0.2874639065871982, -0.5478520541047904, 3.1878167017247065, 1.7234451465978853]"
952,tVHA,9.0,0.869804195052,1000,0.0,-5.215729677345,"[-9.42477796076938, -4.816925199577284, -1.7846136750105506, 9.42477796076938, -3.1738724992286493, 9.42477796076938, -2.645414758579107, 9.42477796076938, 2.9325315501294327, 0.6084335441475612, 2.5830546938280348, 0.7454132582992135, 1.0478928055100676, -0.36831249552997414, 1.4031490834983438, 2.8246827448957443, 0.3164785629604112, 1.7880117933562842, -0.20790311851324533, -3.4697642257607577, 4.691400947254783, 0.537680604445758, 2.8616395307501667, -1.8947031356455004, 2.6862834216348883, 6.31246222866796, 2.5792338570881963]"
953,tVHA,9.0,0.87819268367,1000,0.0,-5.21750527327,"[-1.1289555027446403, -9.42477796076938, 4.338539519473992, 9.42477796076938, -6.2855242236198885, 9.42477796076938, -5.112955709631013, 9.260805248510362, 4.388337296006126, -1.5116713668762234, 5.803168053787308, 0.5991824932187635, 2.9327076881680583, -0.7784644222807724, 0.16377532373699605, 1.5359320693068708, 1.637047283481642, 2.210214923548857, 1.043656673546617, -1.4400555066070733, 6.942209441480264, -2.479511872712547, 7.464962015900449, -1.4311707525823325, 2.927919379390885, 1.7564769663226254, 0.865305953674591]"
954,tVHA,9.0,0.886581172289,1000,0.0,-5.219213094829,"[-6.861000438472654, 9.42477796076938, -0.9967520661121945, 9.42477796076938, -2.660952289927564, 9.259332848717408, -7.312208173180803, 9.42477796076938, 2.8927654706799983, 3.3389855646648963, 0.3314975642944397, 5.512101817761346, -2.9300344088477672, 1.8434432874776014, -0.7500638036637113, 7.868101968971347, 4.728255324084543, -6.62899415336164, 0.2509902998968231, 3.933266290582205, 5.883641299558727, -4.103274966876079, 3.295791619823053, -0.06306832443811752, 1.554466340789634, 3.4091975143713427, 2.2312576596700993]"
955,tVHA,9.0,0.894848131842,1000,0.0,-5.219924074651,"[-9.42477796076938, 9.42477796076938, -1.5020376979032428, 9.42477796076938, -3.243537588178671, 7.917807128988727, -6.202682841136793, 9.14914146740184, 3.182121448030498, 8.974051330541922, -0.7442112195083576, 0.350555799660193, 4.401167323848275, 0.0018288722127222795, 0.5587943003362685, 1.5436049381270416, -3.2133818555369333, 2.7852779980100792, 1.2333300801261329, 3.8540579645774073, 7.404892524659415, -4.40753416750721, 4.208512283279969, -0.5671389357584433, 4.355606098301521, 0.4089723584886997, 1.048742427220899]"
956,tVHA,9.0,0.903115091394,1000,0.0,-5.219874852253,"[-2.189406394857491, 9.42477796076938, -3.8326942800183756, 9.42477796076938, -1.3638849377899087, 9.42477796076938, -7.162526171608398, 8.462829349222575, 3.1139138503857158, 3.6412482791206764, 0.769328825995828, -7.593871148458069, 9.42477796076938, 1.417572354101138, 0.5447077607016402, 1.880886967938628, 4.117603656380126, 1.7225110625079347, -1.1407982452221144, 6.368347583614005, 5.424960197585458, -3.822633453279071, 3.7299611758433135, -0.815891062878326, 0.05197203873160107, 5.011565983600938, 3.0076705851205396]"
957,tVHA,9.0,0.911382050947,1000,0.0,-5.219731518641,"[-3.673489562830865, 9.42477796076938, -4.292060284531241, 9.42477796076938, -3.679540681987107, 9.130922243040892, -5.3245802556472555, 9.42477796076938, 2.774994560474819, 5.541692549540522, 0.5539046817648967, -0.07463721230325054, -0.2720804112933011, 0.9486783461138892, 4.658833045444248, 2.4626023272382076, -1.5934476615054536, 2.79920710269808, -0.37194023787985386, 6.150187825863982, 5.107878466711649, -4.54035453681302, 2.769989894329272, 0.2809274985158239, 3.1357080483621873, 2.7010049228049944, 1.443824448266778]"
958,tVHA,9.0,0.9196490105,1000,0.0,-5.220526003162,"[6.667786722317393, 9.42477796076938, -1.9325539823499402, 8.232581541661038, -2.917677438695869, 9.42477796076938, -7.895527123824563, 8.677912197770247, 3.1287767640154636, 4.26263451479049, 0.38211900490907347, -5.616505458683964, 9.42477796076938, -0.9853824168773024, 4.871106805022106, 2.366276633010907, 1.540259607293898, 2.057242455425717, 3.5964693822124705, 1.8914523069668365, 6.719825394456915, -3.1757183336371897, 4.438939725915223, -0.5460866319669333, 0.2887498910523406, 3.491667371639424, 1.8513899006395218]"
959,tVHA,9.0,0.927617009057,1000,0.0,-5.220427645725,"[2.0868462778953623, 9.42477796076938, -0.7886360309158656, 9.42477796076938, -2.9279972585079426, 7.6685739332207845, -5.68205563590538, 9.42477796076938, 2.823285360604963, 3.395429170194144, 1.1799934563920187, 0.48595831985939025, 3.2306838688089945, 1.631133946199689, 1.0721484487974968, 2.321951433761177, 2.637838743449427, 2.7423876274964654, 7.263451285740966, -3.0130233581130126, 6.325067579036077, -2.1549156132864766, 3.7787199870580377, 0.7956281792125921, 2.201791542046605, 2.1806046593592527, 1.4076611029911628]"
960,tVHA,9.0,0.935585007614,1000,0.0,-5.220343818833,"[2.604316279471858, 9.42477796076938, -1.5939515091562215, 9.42477796076938, -5.31768081609454, 9.42477796076938, -5.96598600765982, 9.268832801974657, 4.41596917840598, 2.858410476157909, 0.24296462925578854, -6.641604628908507, 9.42477796076938, -0.2980743016107119, 2.4360855034501534, 2.06580396171357, 4.235587393086057, 2.3794269323780277, 3.419471759685602, 1.2133629446391518, 4.416169225304538, -1.8438377897337284, 4.033047514404018, -0.788950924363188, 1.289972948200201, 4.250436918194479, 2.297855267486954]"
961,tVHA,9.0,0.943553006171,1000,0.0,-5.219796475036,"[4.545336284458369, 9.42477796076938, 0.2763762316564887, 9.42477796076938, -6.120252762408125, 8.428510722196666, -5.9675532221061705, 9.42477796076938, 3.327113981628213, 1.1756156843752494, 1.046174997787692, 5.767614921252184, 0.10833329733793509, 0.39993056976540586, 1.2374412588798414, 2.199006066270366, 0.44336000540785714, 2.1174106672516944, 2.89244332476814, 1.0689340046099767, 4.8189982422733255, -1.9473934823281498, 4.284630040826283, 0.29806286584816133, 1.820565213764132, 2.8093198747088746, 0.24847627048379534]"
962,tVHA,9.0,0.951521004728,1000,0.0,-5.219764824656,"[-9.42477796076938, 9.42477796076938, -1.5689771951075828, 9.42477796076938, -1.6231208583714745, 9.42477796076938, -7.118208123478938, 9.360091863177576, 2.077590889291269, 0.8956872860948935, 3.650638148684597, -6.049283761163757, 8.70614761685382, -2.412312071558202, 4.176377487755973, 2.4803935397909096, 3.0766335492693657, 2.14731556393281, -1.4657843774260275, 4.130022532583145, 6.240358114333896, -3.8222031852814435, 3.5931700210024995, 0.947099565137411, 0.786891819915572, 5.029797960311418, 1.8393336817856119]"
963,tVHA,9.0,0.957982978339,1000,0.0,-5.221975123898,"[6.102777310658146, 8.651938614077274, 0.067659144683487, 9.42477796076938, -5.552186413548663, 8.182549724496772, -3.7890234655325674, 9.42477796076938, 3.5389105049009313, 3.46323250446237, 1.081803458968484, 2.0957387833206402, 1.2764559041073475, 3.4765933056005376, 1.8091237062529635, 1.2475999359653218, 1.9041102677350676, 3.1425301598216686, 2.6108647845946624, 2.264117156241637, 7.264373209105244, -2.8921842305326684, 2.732850718413326, -0.5744885185695359, 4.800382035326117, 1.9568635721281478, 1.2789571798079973]"
964,tVHA,9.0,0.964444951949,1000,0.0,-5.220987665269,"[4.839081925698631, 9.42477796076938, -3.1678426790783742, 9.42477796076938, -4.511683960953704, 8.867525534855652, -6.870643600632672, 9.13389197580247, 2.8277589365057194, 4.0997396472874215, -0.6481484497384393, 4.038130566333829, 1.0968035669863028, 1.1767723846550056, 1.1962866425952696, 0.7935240418610905, 2.170272036069626, 1.79265040682125, 5.4678152490624115, 0.2664086905742486, 6.9996368576106445, -2.9869014518601826, 3.5165871103147683, 0.2112757720822069, 0.1616484409421524, 2.5912108139468746, 1.2844626906037881]"
965,tVHA,9.0,0.970906925559,1000,0.0,-5.221277529828,"[3.4997346984435933, 9.42477796076938, -3.7863867011157133, 9.42477796076938, -3.6291758961527885, 9.023485409720514, -3.610996895461743, 5.631589048923281, 3.391710407000163, 5.647667752487314, -1.1888135211886923, 0.35732570684708126, 2.873327944350372, 0.9494222716456717, 0.7307661693053666, 0.679684615969824, 2.9482146185191147, 3.3010171781083772, 3.499971619245198, 2.2304745287636187, 7.170220739858377, -3.973934937493549, 3.0307429464221425, 0.07031405095869624, 1.1481481624066023, 2.6283249607049695, 0.10048468871857297]"
966,tVHA,9.0,0.977368899169,1000,0.0,-5.221347245185,"[-9.42477796076938, 9.42477796076938, -1.3191083037082763, 9.42477796076938, -4.305841329086208, 8.882452634466556, -5.858341061374714, 9.42477796076938, 2.465244024677451, 8.788987748431524, 0.27099693380325296, 0.23781590241123135, 2.367982317169471, 0.7917678180722194, 0.5768227702873423, 1.064063984077782, -2.030947469976481, 2.8720315641482497, 1.3873525026002267, 3.56060445397063, 6.3669042208374975, -3.244655570978088, 3.8431222890126557, -0.8627263195347745, 4.124543236873197, 1.2105754876197259, 0.8215156176165511]"
967,tVHA,9.0,0.981742567665,1000,0.0,-5.221161741806,"[-9.42477796076938, 9.42477796076938, -1.119775446900574, 9.42477796076938, -4.759190229889014, 6.632737792123452, -5.144731003562811, 9.42477796076938, 1.9350250389940982, 8.792430986372686, 0.5141121987878663, -5.669919259363685, 7.902602169672841, 5.574990224052906, 0.7270223199748862, -3.975071852925042, -2.2847903248036916, 1.3678781520578411, 0.5859288380166812, 3.34250793254469, 3.208090241967799, -1.5755978537668875, 4.469239619477854, -0.3276645218259684, 2.7696807206505696, 2.2047444476602043, 0.18907094123719664]"
968,tVHA,9.0,0.986116236161,1000,0.0,-5.221939632214,"[-9.389097750394324, 9.42477796076938, -0.4149453822013761, 9.42477796076938, -3.9798741137458435, 9.42477796076938, -5.370907164579859, 9.42477796076938, 3.0513960292915616, 5.922677299765897, 1.6227229723596746, 2.4781826453908256, -1.4011195554584186, 0.767120857974966, 0.6616479216551131, 1.3492904288480445, 3.8814954271685864, 1.7401746023962765, -0.04956799775948628, 4.836127854006959, 4.893236323020657, -1.981872571430904, 5.513888044294003, -0.6507642422431544, 1.1791502197596415, 4.147463145785669, 2.46545400214639]"
969,tVHA,9.0,0.989683984122,1000,0.0,-5.221470202905,"[-9.188246404215707, 9.42477796076938, -1.4503814204346803, 9.42477796076938, -4.579635377965734, 7.194688492842731, -5.399977973427656, 9.42477796076938, 2.553345635211924, 9.42477796076938, -0.2889860004232516, 1.3722866007003156, 2.324007620132943, -0.18472696348494044, 0.32456237451875325, 1.9734136585297135, -2.183359044977923, 1.520476109508639, 0.7332515522120946, 5.211952254489223, 4.925253037909991, -4.595564568162204, 4.424958074765547, 2.441959200417993, 3.7017962312289123, 0.10284103557914517, 0.25226225613497066]"
970,tVHA,9.0,0.993251732082,1000,0.0,-5.221906265246,"[3.5768397630757147, 8.0453849741699, -1.0066460835009907, 9.42477796076938, -4.115110195694688, 7.226811063933642, -5.8316741737985325, 8.839725712226052, 4.225921541843176, -0.09137937394362726, 1.5784345184525932, 5.388465122498288, -0.3711818562017777, -7.342994469192115, 9.42477796076938, 1.8255958207493421, 1.3767052595716844, 2.2420914431984142, 3.6728466795650947, 0.6485463149762734, 6.827782101748953, -4.355611513483503, 4.508337334734977, -0.5615768467260814, 1.1473082439448814, 3.037692054029681, 1.7312085450003043]"
971,tVHA,9.0,0.996259827523,1000,0.0,-5.222403217075,"[-3.7944909354812344, 8.97146348574218, -2.985160843473954, 9.42477796076938, -3.354455845965724, 9.42477796076938, -5.726813298607867, 9.362626754804863, 3.18562112235291, 6.14092885485119, -1.2435053312718316, 4.855363788418268, -2.711673338347013, 1.5126420116002437, 3.1275258506134183, 1.2294964538165238, -0.16813991940717637, 2.2522547216628155, -1.3606844827552687, 6.193533922164745, 4.635762272926085, -2.6807493689676507, 2.4707961798219404, 0.4812264222430279, 4.301296533148289, 2.820820926409364, 1.1645870626150217]"
972,tVHA,9.0,0.999267922964,1000,0.0,-5.220736799415,"[-8.67613626726089, 9.42477796076938, -2.7009867318466756, 9.42477796076938, -3.5223115721858504, 8.90047805772208, -6.445614771892499, 9.1121133430906, 3.1193130778269325, 1.9431617280397746, 0.058459055322081344, -5.581705872993187, 9.42477796076938, 0.8838138305210169, 0.5234417545808315, 1.7449086781594958, 4.754393368947422, -0.03327390917746075, -1.3214092390618566, 4.076266850003112, 5.997742315206555, -2.9856077663103893, 3.9693012380621164, 0.15600585705127545, 1.987082882005811, 2.8954800151243427, 1.3249956706402184]"
973,tVHA,9.0,0.999633961482,1000,0.0,-5.221589577041,"[4.369345420603638, 9.42477796076938, -4.500905287993298, 9.42477796076938, -4.154057839581693, 7.900286181331871, -4.9593697326971835, 9.42477796076938, 3.290488141713745, -1.0078602466975084, 4.146414199700492, 2.5321423645519197, 0.6216833091577721, 0.26192968023275054, 1.0052463646823744, 1.234205194724802, 4.845863404210682, 1.1410373798801408, 3.981187941868087, 0.9061835740961053, 4.209092768557577, -0.8815167283484793, 3.530668210770967, -0.75366585024257, 1.370137270300677, 2.8809892087856244, 1.8356980614600296]"
974,tVHA,9.0,1.0,1000,0.0,-5.222164013258,"[-1.6772665794999266, 9.42477796076938, -0.9455031923211092, 9.42477796076938, -5.870706559313118, 9.42477796076938, -8.111186794670248, 9.42477796076938, 6.271589218135588, 5.404135214600766, -2.7239687938474844, 2.4836475509489686, 0.9565221055513711, 2.30704137449717, -0.8363346887584938, 0.7633791857799632, 5.268641639689973, 1.8632625924683524, 0.1587773228751486, 4.69272352914235, 6.235486899025117, -2.5387042951001115, 5.582604874929894, -0.02604832483823498, 2.327728163772372, 0.2561219111617051, 2.1438005200524928]"
975,tVHA,10.0,0.0,1000,0.0,-5.186613517958,"[-9.42477796076938, 9.42477796076938, 8.52470639183288, 9.42477796076938, 9.42477796076938, 9.42477796076938, 9.42477796076938, 9.42477796076938, 8.169017897185597, -9.42477796076938, -0.7475433826991313, 1.2178702046958683, -0.6794876380765529, 0.30503498551830244, 0.6926701353883916, 0.08738263083886628, 0.9801810577173711, -1.5946910885663192, 0.8800332948484347, 0.3552158386032684, 1.2789710781995327, 1.3789710781995326, 1.160777333840743, 1.557049928646605, 2.0659680501506643, -3.9820519308108797, 2.1934532513549145, 1.5772980489504458, 2.5854563125849355, 2.157049928646605]"
976,tVHA,10.0,0.026797978742,1000,0.0,-5.186619343261,"[-9.42477796076938, 9.42477796076938, 6.312406102375498, 9.42477796076938, 5.62982816125644, 7.285502787829289, 9.42477796076938, 9.42477796076938, 8.772241890224585, 4.0318793591626605, -0.44940563259008853, 1.7595274889118357, -2.6178053184316004, 1.4936743235618524, 0.7766435652901588, -0.12655900230883194, 1.1910012240356393, -1.799467589631608, 0.6925865168603156, 0.5145195805376188, 6.169887482567219, 9.42477796076938, -9.42477796076938, 9.42477796076938, 9.42477796076938, -9.42477796076938, -9.42477796076938, 9.42477796076938, -9.42477796076938, 9.42477796076938]"
977,tVHA,10.0,0.053595957484,1000,0.0,-5.186630079481,"[9.42477796076938, 9.42477796076938, 9.424777960769378, 9.42477796076938, 9.42477796076938, 9.424777960769378, 9.424227161359655, 9.424777960769378, 7.915877017795858, -9.42477796076938, 0.7242040220186435, 1.4689633178156494, -2.6326746697389893, 1.4674574645821181, 1.0742157556324416, -0.5006701457629981, 1.7901540497405504, -1.9182171627728397, 0.6423330054147621, 0.9839216173824246, -0.6478950094070457, -9.424777960769378, -9.42477796076938, 9.42477796076938, -9.42477796076938, -9.42477796076938, -9.424777960769378, -9.42477796076938, 9.42477796076938, 9.42477796076938]"
978,tVHA,10.0,0.080017711242,1000,0.0,-5.186616358562,"[-9.42477796076938, 8.383039105682762, 9.42477796076938, 9.42477796076938, 9.344444805873486, 8.151763138559545, 7.912893185712173, 9.42477796076938, 9.42477796076938, -9.42477796076938, 0.31099664853696524, 1.4007038723785197, -2.146048758759745, 1.2358695453303867, 0.31779586633078316, -0.6610257823191377, 0.8918532432372208, -0.1544205701696355, -0.1533812547531743, 0.47785923291559096, 8.714545202497462, 9.42477796076938, 9.42477796076938, -9.42477796076938, 9.42477796076938, 9.42477796076938, -9.42477796076938, -9.424777960769378, 4.851298055834572, 9.42477796076938]"
979,tVHA,10.0,0.106439465001,1000,0.0,-5.186622618684,"[-9.42477796076938, 9.42477796076938, 8.631605986564749, 9.42477796076938, 5.327159592120314, 9.181486469419742, 9.030566343085408, 9.42477796076938, 9.42477796076938, -5.697663953294706, -0.27963346909212583, 1.4287186110963987, -2.02272577402161, 1.4998642249140048, 0.0632280617973923, -0.27854471542656456, 1.0907319953199053, -0.8638773253885677, -0.1105722729248754, 0.6851455742074765, 8.075450914816486, 9.42477796076938, 9.42477796076938, 9.42477796076938, -9.42477796076938, -9.42477796076938, -9.42477796076938, 9.42477796076938, 9.42477796076938, 9.42477796076938]"
980,tVHA,10.0,0.13096497634,1000,0.0,-5.186518790286,"[-9.42477796076938, 9.42477796076938, 9.42477796076938, 9.42477796076938, 9.42477796076938, 9.42477796076938, 9.42477796076938, 9.42477796076938, 9.42477796076938, -9.42477796076938, -0.03234396745790996, 1.2613877721018787, -1.5481564471848537, 1.6273850077458898, -0.02797786859258226, 0.5265528575218559, 0.4575995161044191, -0.15935437091508722, 0.4382092394743051, 0.9371943686697102, -3.4694905065430515, 9.42477796076938, 9.42477796076938, 9.42477796076938, 9.42477796076938, -6.592597782967006, 2.528975734569368, 9.42477796076938, 9.42477796076938, 9.42477796076938]"
981,tVHA,10.0,0.155490487679,1000,0.0,-5.186627358062,"[-9.42477796076938, 9.42477796076938, 7.586685015548446, 9.42477796076938, 9.42477796076938, 9.42477796076938, 9.42477796076938, 5.925278153910126, 9.42477796076938, -9.42477796076938, -1.406106648513259, 2.440413070928207, -2.1322259266921137, 1.5133310252820293, 0.634859125602862, 0.5420384059736207, 0.4170747721169411, -1.256178752471512, 0.29978452242275677, 0.9714031428870745, 5.7888124831351275, 9.42477796076938, -9.42477796076938, -9.42477796076938, 9.42477796076938, 9.42477796076938, 9.42477796076938, -9.42477796076938, 9.42477796076938, 9.42477796076938]"
982,tVHA,10.0,0.180015999018,1000,0.0,-5.186617939127,"[-9.42477796076938, 9.42477796076938, 6.817001534033486, 9.42477796076938, 9.381386105319963, 7.139058756517699, 9.42477796076938, 8.705638580822015, 9.42477796076938, -5.3563457418994656, -1.1722039640711435, 2.156600208539025, -2.3978633550680324, 1.30401687174124, 1.033214093818533, 0.027233898269371767, 0.8340653046592499, -1.5097846923281333, 0.28815614221111885, 0.8280143981455492, -6.560563781456648, -9.42477796076938, 9.42477796076938, -9.42477796076938, 9.42477796076938, 9.42477796076938, 9.42477796076938, 9.42477796076938, 9.42477796076938, 9.42477796076938]"
983,tVHA,10.0,0.204541510357,1000,0.0,-5.186612662574,"[-9.42477796076938, 9.42477796076938, 7.83103253389417, 9.42477796076938, 9.42477796076938, 9.30586115779554, 9.42477796076938, 9.385139026444767, 9.424777960769378, -4.841134070398611, -1.8024556158056966, 1.7143842456275795, -0.7141713184746916, 1.1796926147653464, 0.7474352367479039, 0.08321418668366748, 0.05689416628853489, -0.3013560500076139, 0.28210677674680795, 0.4107988960970608, -4.698396806752325, -9.42477796076938, -9.42477796076938, 9.42477796076938, 9.42477796076938, 9.42477796076938, 9.42477796076938, 9.424777960769378, 9.42477796076938, 9.42477796076938]"
984,tVHA,10.0,0.228254796663,1000,0.0,-5.208739930282,"[9.42477796076938, 5.449694766436963, 9.42477796076938, 9.42477796076938, 9.42477796076938, 9.42477796076938, 9.42477796076938, 9.42477796076938, 3.2151559995720085, 9.42477796076938, -1.4448741176642466, 0.7700383147112865, -0.18141859349402426, 1.1644024977349408, 0.4553205333833544, -1.0828597974460377, 1.8624995341580113, -2.0032121729698638, 9.42477796076938, -7.35624643240674, 0.20027162320109812, -9.42477796076938, -9.42477796076938, -9.42477796076938, 4.388664213673222, -5.765135465767999, -3.110538488056096, -3.8300497382535923, 6.82016718504746, 5.258939393026533]"
985,tVHA,10.0,0.25196808297,1000,0.0,-5.209690550169,"[4.470068626477464, 3.8180726277895483, 9.42477796076938, 9.42477796076938, 9.42477796076938, 9.42477796076938, 9.42477796076938, 9.42477796076938, 2.972079053348015, 9.42477796076938, -1.7581434501025823, 0.9370490033842016, 0.7754313203214678, 0.2049417035811317, 0.4802749218733018, -0.15195972128467855, 0.9369036924423115, -1.6024547886111145, 9.42477796076938, -7.631549395028768, -6.326166542272449, -9.42477796076938, -9.42477796076938, -7.519188021215053, 4.52557177973777, -9.42477796076938, -9.42477796076938, 2.8621922891736, 6.04649213840995, 2.1627350689082547]"
986,tVHA,10.0,0.27317283102,1000,0.0,-5.209808712891,"[3.496854067424634, 3.624387754999092, 9.42477796076938, 9.42477796076938, 9.42477796076938, 9.42477796076938, 9.42477796076938, 9.42477796076938, 3.891623724111601, 9.42477796076938, -1.9623390703536465, -0.2126027048232029, 0.6669432026423056, 2.518954539747994, 0.09026825033525511, -0.9487109221095131, 0.20250306402023333, -0.7668613210680486, 9.42477796076938, -7.315277495650495, -3.464369124018816, -9.42477796076938, -9.42477796076938, -9.42477796076938, 5.446226246199963, -7.59849653492992, -9.42477796076938, 0.7562359624550461, 8.643818288918824, 0.8589723228416094]"
987,tVHA,10.0,0.294377579069,1000,0.0,-5.210629217313,"[3.3694162157587755, 3.397284424555223, 9.42477796076938, 9.42477796076938, 9.42477796076938, 9.42477796076938, 9.42477796076938, 9.42477796076938, 4.558240324676309, 9.42477796076938, -1.5542855774408826, -0.7670305314564827, -0.5056804064302475, 4.226412074298033, 0.04165811920116389, -1.4160449029561772, 0.02173059880287849, -1.042743659662608, 9.42477796076938, -6.605520324186093, -4.545060983935425, -9.42477796076938, -9.42477796076938, -8.553165030134366, 2.0568059712290045, -7.93146350913785, -9.42477796076938, 0.611217192021895, 2.884672409325736, 4.70891458871502]"
988,tVHA,10.0,0.313938345443,1000,0.0,-5.211057913667,"[-0.9279379431947716, 5.828816354522745, 9.42477796076938, 9.42477796076938, 9.42477796076938, 9.42477796076938, 9.42477796076938, 9.42477796076938, 2.052280392710661, 9.42477796076938, -1.8349176915440037, 1.9493446349686476, -0.23998762777095103, -0.1832123704605138, 4.395862089174633, -2.7387362078220763, 1.7507709258533601, -1.0964898584331408, 9.42477796076938, -7.21216614794578, -9.023811364029024, -9.42477796076938, -9.42477796076938, -5.773408993509316, 3.413531837311722, -9.42477796076938, -9.42477796076938, 0.7469791509944594, 1.916210389013186, 5.559220171217683]"
989,tVHA,10.0,0.333499111817,1000,0.0,-5.209187510817,"[-6.621546066352075, 2.6697828991434758, 8.88232952396307, 9.42477796076938, 9.42477796076938, 9.42477796076938, 9.42477796076938, 9.42477796076938, 3.3838950400175607, 9.42477796076938, -0.3403078455370754, 1.2252339181264644, -2.4290297508082768, 2.7193563297047882, 0.8463780832706894, 0.11771451843993849, -0.460678727169977, -0.2568798833346867, 9.42477796076938, -7.549655349313643, 3.4785321851157756, -9.42477796076938, -9.42477796076938, -9.42477796076938, 4.135736865155436, -4.499060727959353, -9.42477796076938, 6.807953959850746, -3.149981362788246, 7.9169240128373435]"
990,tVHA,10.0,0.351750181136,1000,0.0,-5.213447058767,"[-7.924929887788472, 9.42477796076938, 9.42477796076938, 9.42477796076938, 9.42477796076938, 9.42477796076938, 9.42477796076938, 9.42477796076938, -1.089632395325977, 9.42477796076938, -1.0764586386684094, -0.29331077451656296, 1.1916599102535792, 0.6485627133631453, -0.7576678720373703, 1.550009426576681, 1.506597560552261, -2.3274842653360683, 5.354517496435303, -3.179268579146518, 9.42477796076938, -9.42477796076938, -9.42477796076938, 1.5249752089148285, -1.4085040574853174, 2.5226199373145066, 1.3327143589054953, 9.42477796076938, 6.009495720676519, 5.831249726380584]"
991,tVHA,10.0,0.370001250454,1000,0.0,-5.214996942527,"[8.454593689716855, 9.42477796076938, 9.42477796076938, 9.42477796076938, 9.068638809161438, 9.42477796076938, 9.42477796076938, 9.42477796076938, -1.7093276983254433, 9.42477796076938, 0.5558565918369422, -0.014415928456749678, -1.8006092335588126, 2.451007801299418, 1.72954725575132, -1.0069938970804755, 2.0008507974469874, -1.6756077425778209, 5.57126428692869, -3.1241333675425818, -9.42477796076938, -9.42477796076938, -4.084031650450044, -6.053231726412622, -1.6332054368427302, -9.42477796076938, 1.7571814770161402, 6.602854156159271, 2.959551436877046, 2.643998314387491]"
992,tVHA,10.0,0.388064788183,1000,0.0,-5.215069736552,"[9.42477796076938, 9.42477796076938, 9.42477796076938, 9.42477796076938, 9.42477796076938, 9.42477796076938, 9.42477796076938, 9.42477796076938, -0.3933958867407314, 9.42477796076938, 1.193191712685928, -0.3608472814607676, -1.3948563069117736, 1.3606105609134143, 1.1627975997268012, 1.5611601514331266, 1.3392709732741903, -1.4497476250283734, 9.42477796076938, -7.650918241092599, -9.246224417977682, -9.42477796076938, -4.3553038068573064, -8.528088264405069, 1.2479344886076802, -9.266130330691226, -1.437022928798116, 9.42477796076938, 5.915618981250464, 1.5076980445117456]"
993,tVHA,10.0,0.406128325911,1000,0.0,-5.214801187232,"[-9.42477796076938, 8.45782523669929, -0.30251097007266653, 9.42477796076938, 9.42477796076938, 9.42477796076938, 9.42477796076938, 9.42477796076938, 3.1705254352525367, 9.42477796076938, 3.200177144537123, 0.7162422154792707, -4.356074649092459, 0.08423571912751869, 0.2752349848409218, 0.9468456076498827, 1.1811199959501701, -2.494305127308354, 3.8930521538655416, -2.0958592135561345, 4.774269559960714, -9.42477796076938, 9.42477796076938, -9.42477796076938, 0.7595157226990634, 3.054423633395732, -1.4456854682822644, 9.42477796076938, 9.42477796076938, 6.639865100650262]"
994,tVHA,10.0,0.424156859983,1000,0.0,-5.214188431571,"[-9.42477796076938, 9.42477796076938, 3.831779814535611, 9.42477796076938, 9.42477796076938, 9.42477796076938, 9.42477796076938, 9.42477796076938, -0.7819304365657568, 9.42477796076938, -5.907835923509633, 0.6751417846926147, 2.8991489141869025, 1.1813159759798042, 2.370494174153762, -1.4531174280002985, 2.24788638028513, -2.588866653145832, 4.511776785756583, -2.546207676078405, 2.8022684537525673, -9.42477796076938, 3.6245911097906642, 1.0694001983513457, 0.5175297444550422, -0.8315975252947875, 7.093857511414303, 9.42477796076938, 4.932710183067758, 6.943976927419027]"
995,tVHA,10.0,0.442185394055,1000,0.0,-5.21279330191,"[-9.42477796076938, 9.42477796076938, 0.28009011566003866, 9.42477796076938, 9.42477796076938, 9.42477796076938, 9.42477796076938, 9.42477796076938, 1.1561915584283966, 9.42477796076938, -1.7967494755401932, 1.4826704712818912, -2.0204800089373043, 0.9629577917973077, 1.3658779884625931, 0.5527426022066074, 2.7262033050786765, -3.4942362539474, 5.461026603801057, -4.098480927341162, 3.76029743605194, -5.188415366462616, 5.912404818351577, -9.42477796076938, 5.097725138844514, 4.560796586938443, 0.06463887226523185, 9.42477796076938, 9.42477796076938, 7.562235684567835]"
996,tVHA,10.0,0.460213928127,1000,0.0,-5.214842578314,"[-9.42477796076938, 9.42477796076938, 1.315009856243056, 9.42477796076938, 9.42477796076938, 9.42477796076938, 9.42477796076938, 9.42477796076938, 4.002185598900553, 9.42477796076938, -1.541048111288696, -0.8581556759665945, -0.8975324651857207, 1.8642091377106307, 0.4441779888945576, -0.7507119178229349, 2.0991175265613022, -3.2384844279144787, 3.407344083320634, -2.3791613542995216, 9.42477796076938, -9.282055344631583, -2.4049405222835505, -9.42477796076938, 5.414276416990158, 0.6943808363316923, -2.862756978732393, 9.42477796076938, 9.184708938955382, 8.000152441903857]"
997,tVHA,10.0,0.478242462199,1000,0.0,-5.215356383438,"[-9.42477796076938, 6.5852975913235134, 1.8799203525419375, 9.42477796076938, 9.42477796076938, 9.42477796076938, 9.42477796076938, 9.42477796076938, 4.268897657764418, 9.42477796076938, -1.8880205724083021, 3.367505171056002, -3.3229527162193673, 1.5107220999311104, 0.9805435039566561, -0.10798389074511336, 2.359034908132677, -2.626394188428064, 4.8782994138979365, -4.103883437946383, 6.814665753544411, -9.42477796076938, 6.92264018707544, -9.42477796076938, 1.9419465343182019, 2.4759917664205413, -1.837965181668068, 9.42477796076938, 7.358475749388598, 8.31833685799016]"
998,tVHA,10.0,0.495908025331,1000,0.0,-5.214651432675,"[-9.42477796076938, 9.42477796076938, 3.9835907422730297, 9.42477796076938, 9.42477796076938, 9.42477796076938, 9.42477796076938, 9.42477796076938, -0.7761015827097348, 9.267568077126853, -5.133622051551873, 0.37375409189026576, 2.4166248057174085, 1.3057093003726647, 0.7740002437013651, 0.4899630611734232, 3.1391189130597854, -3.538571498634659, 9.105013443940749, -7.3394407525628225, 4.0431939237859105, -9.42477796076938, 6.180770411078906, -4.19296425816588, 1.1357574224383886, 1.2491660171129362, 5.488577937576746, 9.42477796076938, 9.42477796076938, 2.6713961843671785]"
999,tVHA,10.0,0.513573588462,1000,0.0,-5.214116610289,"[-4.0769750816662835, 6.202727067199887, -9.42477796076938, 9.424777960769378, 9.42477796076938, 9.42477796076938, 9.42477796076938, 9.42477796076938, 5.39611961817546, 9.42477796076938, -3.996413224483605, 0.4135449277478675, -0.7282628849674148, 1.5898702914357625, 0.7489584876881565, 0.4830957784878702, 3.3874401783059023, -3.973908354785017, 6.141793602953182, -5.83481708286752, 3.085868268077089, 0.6515563284855421, 3.0869927861171766, -9.42477796076938, 5.43362819028828, 1.2548786464306367, -1.4971408404525617, 9.42477796076938, 9.279071245956814, 9.42477796076938]"
1000,tVHA,10.0,0.531236084016,1000,0.0,-5.21128315933,"[-5.207778802150688, 9.42477796076938, 9.42477796076938, 9.42477796076938, 9.42477796076938, 6.023377859885045, 5.520446623453099, 9.42477796076938, -0.6819601696590516, 9.42477796076938, -1.6331093991615995, 0.10412589509162534, 0.7277515085544886, 1.4703694922852293, 0.5759108485472086, 0.011045767327309879, 9.42477796076938, -9.14814538744665, 6.44835661757755, -2.5110297023656925, 7.745589728916859, -9.42477796076938, 0.9942039994458995, 0.1906911229014373, -6.183011690737453, 9.42477796076938, -4.69300188672452, 9.42477796076938, 5.25447608484858, 1.517679468170932]"
1001,tVHA,10.0,0.54889857957,1000,0.0,-5.216094350398,"[2.947549066776256, 9.42477796076938, 8.479917333195495, 9.42477796076938, 9.42477796076938, 8.907927212924207, 2.2459574747173714, 9.42477796076938, 1.3830723770934088, 9.42477796076938, -9.42477796076938, 9.42477796076938, 2.312483648902931, -0.5852949017505326, 0.6839564689910973, 1.936134596772069, 9.42477796076938, -7.944753408575691, 6.704008050404318, -1.450518436379076, 7.027720544204161, -9.42477796076938, 6.967099394117234, 2.3773298172787953, -1.0920623644838403, 9.42477796076938, -6.452218706018218, 9.42477796076938, 8.110107720073842, 5.120662608148752]"
1002,tVHA,10.0,0.566535579659,1000,0.0,-5.211901562769,"[-4.4524606487483815, -4.260641746146052, -7.7567436715879605, 4.652734097602272, 9.085215152845139, 7.323492441275135, 2.7173283997261652, 9.42477796076938, -2.075695999928522, 9.42477796076938, -8.042994727557002, 9.42477796076938, 4.3654806448491605, 9.42477796076938, -8.709025166514078, -1.4774446702976178, 9.42477796076938, -9.42477796076938, 7.82809644337636, -1.589413081779953, 4.499234214344554, -8.626390239091513, 4.390396751303493, -1.7458111764223272, -0.9200104509143294, 9.42477796076938, -5.7864227541782824, 9.42477796076938, 8.566881498438958, 0.003755503979052166]"
1003,tVHA,10.0,0.584172579748,1000,0.0,-5.214745391076,"[0.202321158391581, 9.42477796076938, 9.42477796076938, 9.42477796076938, 9.42477796076938, 8.226776387015631, 2.599857958536789, 9.42477796076938, 0.394416850218759, 9.42477796076938, -0.11568223608875886, -0.21072112734821807, 2.076180587022309, 1.4839140727968112, 1.8019312022758154, 0.8450116962412884, 9.42477796076938, -6.873646184348226, 7.321905001001657, -2.9032281827295967, 9.42477796076938, -9.42477796076938, 4.462915040297292, -0.33256547730041475, -0.23069836465387217, 9.42477796076938, -6.9224585774747, 9.42477796076938, 7.520163955324178, 3.9228510847944733]"
1004,tVHA,10.0,0.601809579838,1000,0.0,-5.211395909099,"[-2.662714317113413, -9.389278751891439, 1.0752718338790612, 3.0312464184016985, 9.396037754229704, 8.69035312081847, 3.3528240884715785, 9.42477796076938, -3.9341713666862157, 9.42477796076938, -1.9191300890798506, 3.169394791160911, 4.551720143165673, 0.5776927972913648, -0.5535762179018175, 0.4923899976911235, 8.978835963732298, -7.0765392950001615, 9.42477796076938, -4.8491235388540055, 9.42477796076938, -9.42477796076938, 3.350145326969893, 0.16738263306353424, -1.8013326447076528, 8.591628907446449, -4.659001671534603, 9.42477796076938, 6.216491502183614, 1.767709780167133]"
1005,tVHA,10.0,0.619446579927,1000,0.0,-5.215389479125,"[2.456097563860553, 9.42477796076938, 9.42477796076938, 9.42477796076938, 9.42477796076938, 7.108055022007226, 2.0535905087030746, 9.42477796076938, 1.7658741672228817, 9.42477796076938, -2.240805669087693, 1.1903401512713692, 2.728397895596241, 0.2905756331422708, 2.5291498063315436, -1.8394458891852432, 9.42477796076938, -5.83333868848402, 4.934390089806254, -0.9421492701314778, 9.42477796076938, -9.42477796076938, 3.6938616136681, 2.5029409685735917, 0.08057149065280095, 9.42477796076938, -9.42477796076938, 9.42477796076938, 7.7944279586326, 7.915303989848972]"
1006,tVHA,10.0,0.63664700518,1000,0.0,-5.213433295197,"[7.7989265466695805, 7.2453829452828895, 5.886800129053984, 8.35671992190581, 0.9128756533348632, 8.875971361362415, 0.7376299816338825, 9.42477796076938, -6.682601108921412, 9.42477796076938, 2.7869569449725557, 1.802984957595683, 1.333729344038931, 1.5290364165269017, 7.2575852736305375, -5.88283964254519, 4.090653352372853, -0.7803540401551095, 4.909121399846905, -0.8788829650381733, -0.22786601332155307, 1.2322424276215789, 2.925249789782635, 3.758565325179342, -7.094996986341863, 9.42477796076938, 9.42477796076938, 0.0402275800949182, 1.5779754063486613, 4.529447360080352]"
1007,tVHA,10.0,0.653847430434,1000,0.0,-5.21080054488,"[9.424777960769378, 8.99789366503205, 9.42477796076938, 7.878367044843301, 3.9558139476018868, 7.701247494463278, 1.2615681150764533, 9.42477796076938, -4.478214816575611, 8.697739496047465, -1.0812434052131499, 2.800358354905275, 2.887174046145236, -0.5538955058322099, 5.85332590697614, -2.8021554873921453, 3.1444137164346166, -2.8911773474085782, 4.6773582549553545, 2.018281309732336, -1.0475197186658258, 0.3268045859679746, 2.1477224677429128, 2.7361542270488077, 1.5185589614976858, 4.1103270727631624, 9.42477796076938, -3.2274862452527433, 3.170412950634156, 4.341796924123335]"
1008,tVHA,10.0,0.670502878605,1000,0.0,-5.212326579148,"[-6.524916675877627, 0.8875127559675636, -1.5868879516853083, 2.9181015998562314, 1.9462085733892682, 9.42477796076938, -3.535664587649927, 9.42477796076938, -3.2399774224146354, 9.42477796076938, 1.5373201311819558, -1.689271764023053, 3.4440992399160466, 2.071198060221019e-05, -2.0454972705535974, 3.3352823449897073, 9.42477796076938, 0.9454251010903933, 2.364062230373345, -9.42477796076938, -4.397841658845483, 1.5731583350162275, -9.42477796076938, 9.42477796076938, 7.2098488565389225, 4.035936989966429, 9.42477796076938, -6.325634703935647, 3.160020182898775, 5.553241255386552]"
1009,tVHA,10.0,0.687158326776,1000,0.0,-5.216628282012,"[-5.85399241659621, -6.1050147074772685, -3.1714828968406916, 8.54180562943673, -1.4080564416123242, 9.113909931838162, 3.7887776834220297, 9.42477796076938, -7.605129599644784, 9.42477796076938, 7.361460381275937, -2.994557811113733, -4.013341192615918, 3.6017444752451673, -5.534346163982172, 7.161154998464861, 9.011884280485898, -3.5050326554506697, -2.9106035042960263, 1.614895096354616, 0.09518645106824453, -0.805901817797972, -4.082646887826895, 9.42477796076938, 9.42477796076938, -4.330260309922674, -1.4288661942651006, 9.42477796076938, 1.981600907337585, 4.568830361783483]"
1010,tVHA,10.0,0.703176952948,1000,0.0,-5.21221562944,"[9.35066841068869, 5.086395012747708, -3.1105365556164957, 9.42477796076938, -1.6292925634702335, 9.42477796076938, -4.976325781556527, 9.420881054592062, 0.5530423972045355, 9.42477796076938, 5.055815625651613, -5.795762236691864, -0.9286454178134959, 3.0511909737591436, -0.7045403493822556, 7.194209030929027, 6.1214688227784615, -1.2866754218089849, 1.6602729713143496, 0.5003091291342533, 0.8974245384849056, 1.1422299661261484, -4.560133012171368, 9.42477796076938, 9.42477796076938, -5.689713301947228, 7.592024044118281, -3.0929750007594263, -1.5111431909211661, 7.045702882134598]"
1011,tVHA,10.0,0.719195579119,1000,0.0,-5.21058222384,"[8.061782340329552, 5.369150766344523, -4.510580783264256, 9.42477796076938, -2.955882979427104, 9.42477796076938, 2.620490682763413, 9.188987849508413, -7.605093354937884, 9.42477796076938, 7.787013870206154, -9.312208689720823, 0.46854425743159483, 6.93131156177289, -6.627718824991736, 9.152164468705303, 9.42477796076938, -5.666361201958144, 2.6044520657876093, 3.890496740174136, 1.393203197306749, 0.3955716610550333, -6.9670144028718735, 9.42477796076938, 9.309353018967709, -4.559943564246618, -0.4833906618662546, 6.852679518622358, 0.6096892059552045, 2.628528306833653]"
1012,tVHA,10.0,0.735063507221,1000,0.0,-5.211033968593,"[5.050113073184229, 9.42477796076938, -0.9395766045238854, 9.42477796076938, -2.8828812256094576, 9.42477796076938, -3.6170826435696624, 9.42477796076938, -5.030926745765077, 9.42477796076938, 4.309143496525043, 3.9376682044198272, -7.633748634944535, 9.42477796076938, 0.47429272032960573, 4.398977617499985, 2.0748843839895663, -0.9990660662981193, 6.446609174805702, 0.09193489457211367, 0.37714290769220066, 6.426302617392515, 1.9760843946363773, 0.618267229166571, 8.917103158308944, -1.8390946572404245, 4.216556545468332, -1.4261496308412498, 0.24524479113238784, 2.867952642382253]"
1013,tVHA,10.0,0.750931435322,1000,0.0,-5.211065565003,"[-4.127349931040926, 6.433523343809545, -2.2942833628392387, 9.42477796076938, -3.2243558681748317, 8.384411866164488, -2.7033190920556516, 8.176011588603359, -6.495859421976125, 9.42477796076938, -0.19071315991249377, 5.392085910488577, -5.896208290813299, 5.670316202008303, 1.1129615614161985, 6.758086968340574, 5.420337953558001, -1.2731948797369832, 4.130439446824238, -6.975071668084878, -7.042461337078995, 8.954821515290263, 9.42477796076938, -4.465266778707166, 3.1907449389711564, -1.5971213837949958, 4.296676079618685, 0.6680487017529086, 1.4459156220207063, 1.5653090152543538]"
1014,tVHA,10.0,0.766769074103,1000,0.0,-5.211321318307,"[-9.42477796076938, 9.42477796076938, -3.5786218694282343, 9.42477796076938, -3.5161472430402165, 9.42477796076938, -4.903968571727463, 9.42477796076938, -4.154484647995837, 9.42477796076938, -0.7668408403093226, 2.7227608610942835, -7.662362517735232, 9.424777960769378, 0.5702290459666328, 2.795144385522267, 2.085946083552882, 1.4570956748582224, 5.636750070908976, -2.5312796068931447, -0.8040164723001969, 4.713933344197617, 6.20025610809754, -3.499064374379385, 2.8593077547908243, -0.7601198227819291, 3.402225038802897, -1.3940404760031926, 0.5532514728141148, 4.55524410625746]"
1015,tVHA,10.0,0.782606712884,1000,0.0,-5.212577120783,"[-5.607725961339001, 9.42477796076938, -5.2918385245648105, 9.42477796076938, 0.3838825632270777, 9.42477796076938, -0.7196082353757123, 9.42477796076938, -9.42477796076938, 8.51354059866605, -3.466370102891183, 4.472720064751701, -7.052229891578978, 9.42477796076938, 1.1569677194727337, 4.8386753184484315, -2.093802710721003, 4.224383874218546, 2.419381965916925, 1.2091935680211507, -3.3692896552383655, 6.434381345742837, 9.42124373541652, -2.650200461676671, -5.593300200798816, 3.714030391765453, 5.159524985909231, -0.24319409829106048, -2.1369461075295675, 4.980990911798601]"
1016,tVHA,10.0,0.798444351665,1000,0.0,-5.215433542832,"[4.324783669858176, 9.42477796076938, -2.110088874223459, 9.42477796076938, -6.257673720971677, 9.42477796076938, -6.0117599310767105, 9.42477796076938, -4.302294837949413, 9.42477796076938, 2.1382163174139324, 1.4655690570366802, -7.403731446985146, 9.396551708199855, -0.0919243712811162, 0.5880613292739603, -0.42421695362636797, 4.062358459388455, 4.21762153027091, 0.1702442635987342, 3.1021225029325556, 1.046108928179609, 8.500585923423213, -5.007451190823794, 3.194608024809646, -0.8429991440720819, 1.9757193968805828, 0.670045397188412, 0.032512907529700874, 3.97277038128425]"
1017,tVHA,10.0,0.814281990446,1000,0.0,-5.215628176026,"[-3.945302518207826, 9.125318447964617, -1.854370895764502, 9.42477796076938, -7.809453055867699, 9.324662748298294, -6.042784261515703, 8.243759670420232, -2.2501392009233294, 9.42477796076938, 3.743197451575445, 1.5953537586139641, -8.26001577849504, 9.42477796076938, 1.1070766123142526, 0.5929720885130783, 3.0390243670655526, -2.9733800781870534, 1.3864098907659348, 2.440456656217279, -4.259333982017676, 6.3101143810450395, 6.502993441706223, -2.537931890019986, 2.751490925681912, -1.9401146021955387, -3.74722996542123, 3.0548264656465003, 1.8871695953470815, 7.748180622584647]"
1018,tVHA,10.0,0.82397955502,1000,0.0,-5.215651003914,"[-1.1257761617132858, 9.42477796076938, -2.530614238245176, 9.42477796076938, -4.641339378644111, 8.308447323293983, -4.1782288667086664, 8.883492707216586, -5.53263212178173, 9.42477796076938, 3.649843377177457, 0.23337304423879485, -8.481202350018531, 9.42477796076938, 0.8937319073117638, 3.7153945232047407, 2.24506576884865, -1.1475320558058844, 3.920671211268365, -1.0742963033578652, -2.199197695710694, 5.839782897314718, 9.42477796076938, -6.4315158890484785, 2.392400336647283, -2.146626066580952, 4.109616908130775, 2.5493129160010684, 0.0712684953475448, 1.8011223492939554]"
1019,tVHA,10.0,0.833677119594,1000,0.0,-5.216583508869,"[-9.42477796076938, 9.424777960769378, -1.2579304809300895, 9.42477796076938, -4.191095098297399, 9.42477796076938, -6.610406515267869, 9.393268404691256, -3.7362074218635173, 9.42477796076938, 0.8213528568223603, 4.822840687888452, -8.029400386942427, 9.42477796076938, 0.08881617004752397, -0.5031863907004294, 5.083443374668422, 0.6774863862724939, 2.2016331966502074, 0.3273308989462571, -1.8848902100443432, 3.725597218905972, 7.602022998521944, -4.720903144012273, 3.107067845571119, -1.2649423903323118, 1.0770725249780773, 1.8220310648201672, 0.490166759964943, 6.67170987206739]"
1020,tVHA,10.0,0.843052784765,1000,0.0,-5.21697594077,"[-8.024836521185886, 9.42477796076938, -3.7429083603580775, 9.42477796076938, -4.380135226534746, 9.42477796076938, -3.0280901863647425, 8.950723314146018, -3.8877624470063754, 9.42477796076938, -0.1869165351089573, 3.130976304209014, -6.605890791303308, 9.42477796076938, 3.770123324073933, -3.9317423444534434, 2.1067618768126373, 3.058225789925519, 4.633386920772059, -1.130018302378973, -0.21435450732455025, 4.5007808798169044, 9.067331790133851, -6.713921034418506, 1.0935007969003498, -0.5387714141775515, 0.38459088520816664, 1.4367572340188424, 3.399500170054597, 4.111990970352201]"
1021,tVHA,10.0,0.852428449935,1000,0.0,-5.218584201572,"[6.7090218303567095, 9.42477796076938, -3.238001384708654, 9.42477796076938, -4.597507432847957, 9.018817523609744, -7.074528691409465, 9.42477796076938, -4.045334985959958, 9.42477796076938, 4.546144160824179, 0.22753398081856413, -7.195061061427688, 9.42477796076938, 1.2987261346955865, 1.7102820663332465, 4.066695604566862, 0.2067603301615218, 4.689056489909986, -2.0706124550896563, 3.283109128942802, 2.001973986033304, 9.42477796076938, -5.446475336992098, 2.4983080611385087, -0.8220878860367358, 1.728007993421778, 1.3567119057021038, 1.7391354085630475, 2.6439385163685287]"
1022,tVHA,10.0,0.861116322494,1000,0.0,-5.217747351459,"[-6.386314823670315, 7.182720761354444, -2.688862139992098, 9.42477796076938, -3.800404054210709, 9.42477796076938, -9.42477796076938, 9.42477796076938, -0.5335759416868837, 9.42477796076938, -0.26523599510852147, 3.3474511706214263, -6.383827193823327, 9.42477796076938, -1.7979105521295318, 1.126277158706234, 6.231279391535365, -0.4546822570618898, 2.02757927057663, 0.014452655072418628, -3.2298460496304013, 5.835508252855486, 8.5998200677926, -4.781115936687656, 4.556664335278007, -1.8145009580723417, 2.40213565423241, -1.0137950999660896, 2.5584125920173717, 3.2805620104225994]"
1023,tVHA,10.0,0.869804195052,1000,0.0,-5.215825131761,"[5.5476362250415825, -9.42477796076938, -0.5608405083688922, 9.42477796076938, -4.0453464176614355, 9.42477796076938, -2.5921957908055333, 9.42477796076938, -5.831479491887004, 9.42477796076938, -1.3365784251885433, 6.898512677938165, -7.422614202340936, 9.42477796076938, -7.284090196170161, 8.544499683131708, 2.4345755470315025, 1.9855550528357937, 1.3923540164821855, -3.6987255695065455, -2.0656456600462434, 1.498788914047988, 7.8381179577325995, -3.0936836535163303, 3.1790580213059467, -1.7687931555427967, 2.6951620143318014, 2.37909617386257, 3.078247014111957, 1.6560867931039778]"
1024,tVHA,10.0,0.87819268367,1000,0.0,-5.218940449091,"[9.200854735062656, 9.42477796076938, -3.571948234325851, 9.42477796076938, -3.6990309673283175, 9.216141698077337, -7.822571293852695, 9.42477796076938, -3.274283815923093, 9.42477796076938, 3.8471535808757737, 0.7915346395725635, -8.218679553094864, 9.42477796076938, 3.2951521990157033, 2.745906904546171, 2.3856637337204782, 0.32712228712043956, 4.31041109350619, -0.5960965524823223, 2.617344027913708, 3.6729489770235118, 6.704284528644926, -4.014699263637151, 3.0681245421965846, -0.8079589760808369, 2.3140479576754407, 1.4783611082670025, 1.2618004717334976, 2.9696463883999256]"
1025,tVHA,10.0,0.886581172289,1000,0.0,-5.219851316687,"[-8.301842625843278, 9.42477796076938, -1.8849243420428552, 9.42477796076938, -3.401559846112534, 9.42477796076938, -4.442434342199799, 7.114912485957792, -4.424967265460206, 9.273334199614823, 0.0481834756374386, 2.3800649924237045, 0.36022723740622586, 2.9108408780618156, 4.007119141325317, 1.130381760513786, 0.2303614451034367, 3.4787327285427825, 0.8985390121686978, 0.21227485133912646, -3.2256524850322483, 6.698846070928649, 5.938625164220928, -3.820071419712476, 4.593777282643987, 0.6943538897111161, 1.5518163497028743, 3.2040098013595415, 0.8110466521919247, 1.8393288442577196]"
1026,tVHA,10.0,0.894848131842,1000,0.0,-5.219879941549,"[-6.814619464724049, 9.42477796076938, -0.70123643211923, 9.42477796076938, -7.5037170654661915, 9.42477796076938, -2.7726798642425745, 9.42477796076938, -3.798480137431122, 8.478994095363891, -1.598180062361385, 2.9208570464018906, 1.1394045536306163, 2.7613990326457443, -0.6266821805608014, 1.5616041139101888, 4.357222162984678, 9.42477796076938, 3.5261672814398635, -7.549180896752121, -2.609645681430009, 6.102107473620684, 7.036211560340287, -4.100640531684837, 2.8881144599841333, -0.2501345769508256, 2.970151538249483, -0.025875152889543094, 0.5736683802298891, 5.061689083085975]"
1027,tVHA,10.0,0.903115091394,1000,0.0,-5.219967442034,"[4.813878955413546, 9.42477796076938, -6.517710458209547, 9.42477796076938, -5.587979761091038, 9.42477796076938, -4.960161216761541, 9.42477796076938, -4.37608614026847, 9.42477796076938, 3.7800188997679856, 0.4569815741972909, -0.6088700859159112, 3.7817035650702273, -3.8518800613928166, 6.19956670742285, 3.0815138259932553, -3.8829571665618436, 3.9718599065176536, 3.510324051004729, 3.987966592739825, 7.374785573573096, 6.674893955497983, -9.070891877853771, 1.4171084836512706, 0.565894857806991, 4.36356498637733, -0.8146820822706157, -1.4931404042458953, 4.199596078975375]"
1028,tVHA,10.0,0.911382050947,1000,0.0,-5.21987225095,"[-6.639837789609228, 9.42477796076938, -0.8167149976573167, 8.385050035364024, -3.560587225743437, 9.42477796076938, -4.988472721130044, 9.42477796076938, -4.809055060557734, 8.641578282441468, -1.807939478670614, 4.240548714890197, 1.0941273150758568, 3.8731756771763455, 0.8120027458248581, 0.6440136963568381, 2.3512789879255136, 9.42477796076938, 4.039857218560612, -7.618128439469508, -4.6254393713739494, 6.518721909672617, 6.5860524636928846, -2.21742866842767, 3.1230335787429513, 0.000750359619399954, 1.5528565779120362, 0.898467586785465, 1.5949407919760157, 4.612967434468879]"
1029,tVHA,10.0,0.9196490105,1000,0.0,-5.219791938574,"[-7.753679081402492, 9.42477796076938, -1.392081176605183, 8.641115278564028, -3.7236870845956656, 9.424777960769378, -5.933422731115275, 9.42477796076938, -4.965002710801423, 9.42477796076938, 1.8210747096624456, 0.46127754431219303, 1.6832766857356787, 3.8667150336708707, 3.0444362694041143, 0.8488778469562415, 1.731590553745297, 0.27415921401996657, 1.6736171218027232, 0.5989053517535915, -2.462460356302062, 6.516711423323155, 4.429121599521332, -3.4217224814640055, 4.346926154140359, 0.18730095736201782, 2.0121824122729786, 4.5503069875275735, 2.4105787434575134, 0.4520781831866042]"
1030,tVHA,10.0,0.927617009057,1000,0.0,-5.220669808645,"[-9.42477796076938, 9.42477796076938, -1.5683497153547123, 9.32279494999074, -0.9569402253101423, 9.42477796076938, -5.481312691715859, 9.42477796076938, -4.242655174800776, 9.42477796076938, -1.5346325006316919, 3.752553939565187, 2.5823602273400983, 1.0886986416521915, 1.5292715896800246, 3.2011470674425357, 5.6415492660153, 0.16768109391594588, 1.2248826746928607, 1.1858943366434147, -1.548774406127645, 5.689955758869495, 5.266251172469465, -3.1780634508118, 4.069572068300851, -1.1149743268540337, 1.6785575603592555, 2.365264150290529, 1.5711969512801465, 5.00494346104195]"
1031,tVHA,10.0,0.935585007614,1000,0.0,-5.219675529044,"[-1.8485581984557928, 9.42477796076938, -0.7223855194925581, 9.42477796076938, -4.829262679830098, 9.42477796076938, -6.074110684518132, 9.42477796076938, -2.6693034769415442, 9.42477796076938, -8.90260871320085, 9.31045240557497, 1.4803511607024311, 4.262227668296597, -0.30026279323159866, 1.320333610691971, 3.622586614869056, 1.7813263240677757, 1.6054203359395909, 0.8711021457434668, 1.2724100265776426, 3.6911869250138416, 4.502210377045142, -3.3928698583757626, 4.0504392935072495, -1.108165565214191, 2.368732099710388, 0.727569917725673, 2.1478446619665483, 3.013106705426721]"
1032,tVHA,10.0,0.943553006171,1000,0.0,-5.21889856129,"[-6.048302103835887, 9.42477796076938, -2.687006750147714, 9.42477796076938, -3.261153532117037, 9.42477796076938, -7.899992956610081, 9.148136634442498, -2.3298254419312983, 9.42477796076938, -2.6448438028721046, 4.864989496159922, -2.3060038866233663, 5.144126893298172, 1.7054797968217037, 0.6, 2.6298081005525304, 1.2451455263286881, 1.347704619924467, 3.700396871906972, -5.66679954413107, 7.745688185131069, 5.977751417073571, -4.10917585711345, 2.986780442890116, 3.3000727482406136, 3.4075962487132294, 0.9492873905946647, -0.5443159526300816, 2.912311650750472]"
1033,tVHA,10.0,0.951521004728,1000,0.0,-5.220472489232,"[-9.42477796076938, 9.42477796076938, -1.178906026536056, 9.42477796076938, -0.08138698635761063, 8.660405617810543, -6.9049775953014825, 9.424777960769378, -4.332287737716545, 9.42477796076938, 0.14475820199863165, 2.2156044076577937, 1.911766364293897, 3.676952661720201, 1.3716304874995076, -0.9912923787308102, 4.028726993654686, 3.455485321379399, 1.0082937872599276, 1.3745836692155666, -1.9890128648168925, 5.496736297544693, 4.161579815215699, -2.6531284290522867, 5.183741615998268, 0.4891676751569839, -2.568288957124046, 2.195003720925696, 5.205854970184728, 3.7466222361958943]"
1034,tVHA,10.0,0.957982978339,1000,0.0,-5.220762103853,"[-6.49326854024924, 9.354574908129518, -0.41436509274706346, 9.42477796076938, -4.8839000570176285, 9.42477796076938, -7.764085154964854, 9.027228228686731, -2.4243174889617527, 9.42477796076938, 8.343053602961437, 1.5754649913491954, -1.3384340219266095, -0.881631900372584, 1.2127617097203838, 0.8741461868275109, 6.125247450598322, -0.5632246197339934, -1.9096616814030636, 2.7916688751114895, -1.7688060252046909, 4.372239318218195, 5.970234050403748, -2.4261915516946795, 3.102937684941115, 0.1541483294157786, 2.0610452510847512, 2.2187371845891883, 2.808588946158303, 1.9530359217975715]"
1035,tVHA,10.0,0.964444951949,1000,0.0,-5.220715435417,"[-8.746505011044558, 9.142249918352256, 2.062996117546896, 9.42477796076938, -5.074845388196422, 8.04302969202613, -5.603248837667762, 9.42477796076938, -2.4122868519335903, 9.42477796076938, -4.650752285944417, 4.276763031393061, 1.9083635908845151, 3.029148329020178, 4.2298216494333385, 1.7735113749172746, 3.3443647350019177, 1.1487583168369497, 3.105701326784372, -1.4737711460629024, -1.0342878885240225, 3.8808284747837485, 4.933464187438845, -3.9828192764838004, 1.8375425483744714, -0.928273415112499, 5.082221554911626, 3.5590288602217948, 0.6459856959513717, 2.773063216894457]"
1036,tVHA,10.0,0.970906925559,1000,0.0,-5.22029544835,"[-2.9643601977187366, 9.42477796076938, -3.328441060311075, 9.42477796076938, -5.226919686344486, 9.42477796076938, -7.608977525214031, 9.42477796076938, -0.4713372868040713, 9.189952572977944, -4.911926697394376, 4.702889877209228, -2.7314985381470116, 7.026962658071868, 0.9104315854080688, 0.6630824818970984, 1.9781481508964178, 2.1475067339911083, 3.620578315941582, 0.45953712786769996, -0.3863007306501287, 5.97299799720715, 5.502077147306286, -5.180484086644511, 3.093193027526259, -1.9793606511555752, 2.4254763306168847, 1.483104228753903, 0.05355656969529446, 4.049989650070763]"
1037,tVHA,10.0,0.977368899169,1000,0.0,-5.221221543669,"[-9.42477796076938, 9.42477796076938, 0.2556948053560342, 9.42477796076938, -5.327062981079941, 9.424777960769378, -9.42477796076938, 9.42477796076938, -0.23441190019483257, 9.42477796076938, -0.8819210862010458, -0.5590234464449871, 1.538035977188904, 5.23445112937713, 1.055383741095415, 2.323862314029229, 2.551227202407273, 1.6041155769418924, 2.333720078397974, -0.6200602964630811, -1.4483651075110788, 4.2241772919396166, 4.789057474584741, -2.3935460227917362, 4.374054852013327, -0.06866965360404442, 3.676771745891262, 1.182471483545425, 1.2538729993346558, 2.2129286130945287]"
1038,tVHA,10.0,0.981742567665,1000,0.0,-5.220176847085,"[2.9677561819172764, 9.42477796076938, -0.5445679667868865, 9.42477796076938, -8.254522583967434, 9.42477796076938, -9.219732191865416, 9.42477796076938, -0.2528271805091762, 8.552591813265698, -7.657725120512074, 9.42477796076938, 1.501040327711158, 4.157040448131664, 0.5825074518767963, 0.6925553817969283, -0.08060906006960741, 1.8425255211950038, -0.14386762711098666, 1.0328157697038072, 4.2210048093553825, -1.5036986820372953, 1.6033364023577747, 1.5392291231529263, 4.142383857893886, 0.1972936498281023, 0.518504638863579, 1.0490841939734976, -0.08967455030279398, 4.178180242060625]"
1039,tVHA,10.0,0.986116236161,1000,0.0,-5.221044447085,"[5.828297482900618, 9.42477796076938, -3.391367100261111, 7.714777467346874, -5.560755982713852, 9.42477796076938, -9.42477796076938, 9.42477796076938, -1.2145627880792726, 9.42477796076938, 2.503658195876424, 0.7343865780120642, 3.203213525155176, 4.560680722025904, 0.8954322179211148, 0.09542110616415911, 1.7144850019387587, -0.4369388055630047, -4.099034580557852, 6.730397709896833, 5.613291368314353, -1.0803145200360107, 5.260711898120874, -2.9594255475186446, 3.4233502436035703, 2.0830451647237034, 2.5618039691303283, 0.9517410621395428, 5.937354158987874, -4.015835349140987]"
1040,tVHA,10.0,0.989683984122,1000,0.0,-5.222249958958,"[8.7030971317312, 9.42477796076938, -2.587012731350188, 9.42477796076938, -5.2265349500264655, 9.42477796076938, -9.42477796076938, 9.42477796076938, -0.8778051428418576, 9.42477796076938, 3.235072845195807, 0.19903876931742379, -0.6051056602645009, 5.9054137043631885, -0.7321653742293501, 1.3684909566399401, 1.8235076416509348, 1.5718450148481273, 3.08421274857516, 2.9515676774572226, 3.2727480947394882, 3.819544199151569, 5.3180161133912, -2.4656173421542213, 3.533414596293565, -0.08081486258712753, 1.3623469919893136, 0.6053342087069769, 1.8452676694490497, 3.43010841446097]"
1041,tVHA,10.0,0.993251732082,1000,0.0,-5.222848761316,"[-7.64679638308786, 9.42477796076938, 0.08878231096567737, 9.42477796076938, -4.822052216165382, 9.42477796076938, -5.05947400942572, 9.42477796076938, -5.8250387780361095, 9.42477796076938, 1.113425254463035, 0.9927389513370278, 1.3264253525158283, 5.546280743670794, 0.7874560153772168, 0.3192156425859516, 1.3852358119161114, 3.0782084008607082, 1.885286046404508, 0.4451536201473588, -3.1076438786284024, 6.06842541648189, 7.655000759499014, -5.875105893770067, 5.405041148327374, 1.451326072415522, 0.08172900470622665, 3.305053962116465, 1.4491578772433542, 2.700364689535963]"
1042,tVHA,10.0,0.996259827523,1000,0.0,-5.222565863744,"[-4.924062752516351, 9.42477796076938, 0.6659737812662266, 7.351239328002364, -5.2414867933301315, 9.42477796076938, 1.4333677165612193, 9.42477796076938, -9.081464275206873, 9.42477796076938, -1.2767575141897916, 1.9956886084212435, 1.774724183614714, 6.096878556964474, 1.2331642912380745, 0.9723249195094502, 5.622691831015434, 0.9088586251648401, 1.3255484942176463, -0.772978931254429, -1.4765801344159613, 6.129208844997831, 4.847707138413911, -3.413099616485736, 2.568639507964749, -0.053327834835524224, 0.959373250218484, 4.866884956087775, 0.36816570679561655, 4.1913493824437404]"
1043,tVHA,10.0,0.999267922964,1000,0.0,-5.221333979793,"[-6.857832528107716, 9.42477796076938, -2.441188245814166, 9.42477796076938, -3.5376873338138544, 9.42477796076938, -8.095090771575933, 9.42477796076938, -1.4820849816564405, 9.42477796076938, -0.13034003647586617, 5.3881512647875915, 8.001468439882043, -5.310597147964991, 3.4232290313324696, -1.6525466985024906, 1.47528144356601, 0.7641012387130218, 1.39728133025374, 3.478860346632686, -0.2184054053389642, 5.444913906235518, 4.647760947096675, -2.2046220770145935, 5.267962152814345, -3.636777923094699, 1.1974465938049004, 0.9045637421824455, 2.452742727646399, 3.857792127656203]"
1044,tVHA,10.0,0.999633961482,1000,0.0,-5.220759033428,"[6.417412194658224, 9.42477796076938, -1.940809592350908, 6.366700300576726, -7.690645985284704, 8.877416099656916, -9.42477796076938, 9.42477796076938, -0.7995882600550421, 9.424777960769378, -6.5984728171710385, 9.42477796076938, -1.7271542187743478, 3.7324311723500054, 0.6373517802569609, 3.187682222518063, -0.9056612756029486, 5.071082377574676, 1.7828526391186381, -3.309962263050668, 3.8985348789257976, 0.3064084581744988, 4.01828920202808, -2.8505605264638216, 1.4731982878313181, -0.6890686050600003, 0.3320314685935431, 1.4187051698225535, 3.060402769288458, 4.878596875356262]"
1045,tVHA,10.0,1.0,1000,0.0,-5.221257199526,"[-6.289049155715925, 9.42477796076938, 0.5049142580332633, 8.43981966919765, -6.092688145353337, 9.42477796076938, -8.294628953344194, 9.007640092077835, -0.8327585704068221, 9.42477796076938, -2.013866042061367, 6.003028550796508, -0.7564838181834126, 6.880914391599456, 1.9812623030827003, 0.6748218404983111, 3.0423473924683515, -3.5055860946921547, 3.853224205466835, 1.6507342619354763, -2.6443854141000114, 5.444503320997348, 4.413647744114118, -4.274803234674611, 5.348345702589327, 0.2523343122379281, 1.5539570825703621, 1.8258404992445247, 1.4662259706831595, 3.360754258411429]"
